{
  "image_index": 245,
  "split": "new",
  "relationships": {
    "left": [
      [
        5,
        7
      ],
      [
        0,
        3,
        5,
        6,
        7
      ],
      [
        0,
        1,
        3,
        4,
        5,
        6,
        7
      ],
      [
        0,
        5,
        6,
        7
      ],
      [
        0,
        1,
        3,
        5,
        6,
        7
      ],
      [],
      [
        0,
        5,
        7
      ],
      [
        5
      ]
    ],
    "front": [
      [],
      [
        0,
        2,
        3,
        4,
        5,
        7
      ],
      [
        0,
        3,
        4
      ],
      [
        0,
        4
      ],
      [
        0
      ],
      [
        0,
        2,
        3,
        4
      ],
      [
        0,
        1,
        2,
        3,
        4,
        5,
        7
      ],
      [
        0,
        2,
        3,
        4,
        5
      ]
    ],
    "behind": [
      [
        1,
        2,
        3,
        4,
        5,
        6,
        7
      ],
      [
        6
      ],
      [
        1,
        5,
        6,
        7
      ],
      [
        1,
        2,
        5,
        6,
        7
      ],
      [
        1,
        2,
        3,
        5,
        6,
        7
      ],
      [
        1,
        6,
        7
      ],
      [],
      [
        1,
        6
      ]
    ],
    "right": [
      [
        1,
        2,
        3,
        4,
        6
      ],
      [
        2,
        4
      ],
      [],
      [
        1,
        2,
        4
      ],
      [
        2
      ],
      [
        0,
        1,
        2,
        3,
        4,
        6,
        7
      ],
      [
        1,
        2,
        3,
        4
      ],
      [
        0,
        1,
        2,
        3,
        4,
        6
      ]
    ]
  },
  "directions": {
    "left": [
      -0.6563112735748291,
      -0.7544902563095093,
      0.0
    ],
    "behind": [
      -0.754490315914154,
      0.6563112735748291,
      0.0
    ],
    "below": [
      -0.0,
      -0.0,
      -1.0
    ],
    "front": [
      0.754490315914154,
      -0.6563112735748291,
      -0.0
    ],
    "above": [
      0.0,
      0.0,
      1.0
    ],
    "right": [
      0.6563112735748291,
      0.7544902563095093,
      -0.0
    ]
  },
  "image_filename": "CLEVR_new_000245",
  "objects": [
    {
      "rotation": 261.529732108957,
      "material": "rubber",
      "color": "gray",
      "3d_coords": [
        1.0792049169540405,
        -2.699178457260132,
        0.3499999940395355
      ],
      "shape": "sphere",
      "pixel_coords": [
        107,
        156,
        8.821436882019043
      ],
      "size": "small"
    },
    {
      "rotation": 137.27880473709317,
      "material": "metal",
      "color": "blue",
      "3d_coords": [
        -1.434368371963501,
        2.232513189315796,
        0.3499999940395355
      ],
      "shape": "cube",
      "pixel_coords": [
        179,
        80,
        13.340195655822754
      ],
      "size": "small"
    },
    {
      "rotation": 124.44799748067891,
      "material": "metal",
      "color": "yellow",
      "3d_coords": [
        1.6886436939239502,
        1.9634023904800415,
        0.699999988079071
      ],
      "shape": "cylinder",
      "pixel_coords": [
        243,
        100,
        10.94443130493164
      ],
      "size": "large"
    },
    {
      "rotation": 144.3857374267896,
      "material": "rubber",
      "color": "red",
      "3d_coords": [
        0.5880807638168335,
        -0.4842752516269684,
        0.3499999940395355
      ],
      "shape": "sphere",
      "pixel_coords": [
        161,
        122,
        10.42729663848877
      ],
      "size": "small"
    },
    {
      "rotation": 262.88773847531115,
      "material": "rubber",
      "color": "green",
      "3d_coords": [
        2.0515286922454834,
        0.049013812094926834,
        0.3499999940395355
      ],
      "shape": "cylinder",
      "pixel_coords": [
        210,
        135,
        9.763413429260254
      ],
      "size": "small"
    },
    {
      "rotation": 187.84501850233434,
      "material": "metal",
      "color": "gray",
      "3d_coords": [
        -2.540482997894287,
        -2.058760404586792,
        0.3499999940395355
      ],
      "shape": "sphere",
      "pixel_coords": [
        63,
        103,
        11.595561981201172
      ],
      "size": "small"
    },
    {
      "rotation": 219.3225558448466,
      "material": "rubber",
      "color": "gray",
      "3d_coords": [
        -2.6064586639404297,
        1.6668018102645874,
        0.699999988079071
      ],
      "shape": "cube",
      "pixel_coords": [
        148,
        67,
        13.625787734985352
      ],
      "size": "large"
    },
    {
      "rotation": 329.31281659455607,
      "material": "rubber",
      "color": "blue",
      "3d_coords": [
        -2.863783597946167,
        -0.702099084854126,
        0.3499999940395355
      ],
      "shape": "cylinder",
      "pixel_coords": [
        93,
        89,
        12.594104766845703
      ],
      "size": "small"
    }
  ]
}