{
  "image_index": 204,
  "split": "new",
  "relationships": {
    "left": [
      [
        1,
        2
      ],
      [],
      [
        1
      ],
      [
        0,
        1,
        2
      ],
      [
        0,
        1,
        2,
        3
      ],
      [
        0,
        1,
        2,
        3,
        4
      ],
      [
        0,
        1,
        2,
        3,
        4,
        5
      ]
    ],
    "front": [
      [
        5
      ],
      [
        0,
        2,
        4,
        5,
        6
      ],
      [
        0,
        4,
        5,
        6
      ],
      [
        0,
        1,
        2,
        4,
        5,
        6
      ],
      [
        0,
        5,
        6
      ],
      [],
      [
        0,
        5
      ]
    ],
    "behind": [
      [
        1,
        2,
        3,
        4,
        6
      ],
      [
        3
      ],
      [
        1,
        3
      ],
      [],
      [
        1,
        2,
        3
      ],
      [
        0,
        1,
        2,
        3,
        4,
        6
      ],
      [
        1,
        2,
        3,
        4
      ]
    ],
    "right": [
      [
        3,
        4,
        5,
        6
      ],
      [
        0,
        2,
        3,
        4,
        5,
        6
      ],
      [
        0,
        3,
        4,
        5,
        6
      ],
      [
        4,
        5,
        6
      ],
      [
        5,
        6
      ],
      [
        6
      ],
      []
    ]
  },
  "directions": {
    "left": [
      -0.6563112735748291,
      -0.7544902563095093,
      0.0
    ],
    "behind": [
      -0.754490315914154,
      0.6563112735748291,
      0.0
    ],
    "below": [
      -0.0,
      -0.0,
      -1.0
    ],
    "front": [
      0.754490315914154,
      -0.6563112735748291,
      -0.0
    ],
    "above": [
      0.0,
      0.0,
      1.0
    ],
    "right": [
      0.6563112735748291,
      0.7544902563095093,
      -0.0
    ]
  },
  "image_filename": "CLEVR_new_000204",
  "objects": [
    {
      "rotation": 98.02042117804318,
      "material": "metal",
      "color": "cyan",
      "3d_coords": [
        1.2215725183486938,
        -0.8924421072006226,
        0.3499999940395355
      ],
      "shape": "cube",
      "pixel_coords": [
        165,
        135,
        9.77072525024414
      ],
      "size": "small"
    },
    {
      "rotation": 321.5818341924831,
      "material": "rubber",
      "color": "brown",
      "3d_coords": [
        -2.566297769546509,
        -1.806485891342163,
        0.3499999940395355
      ],
      "shape": "cylinder",
      "pixel_coords": [
        69,
        100,
        11.758459091186523
      ],
      "size": "small"
    },
    {
      "rotation": 245.87044886891763,
      "material": "metal",
      "color": "yellow",
      "3d_coords": [
        -0.4934144914150238,
        -0.09335986524820328,
        0.699999988079071
      ],
      "shape": "cube",
      "pixel_coords": [
        148,
        96,
        11.205410957336426
      ],
      "size": "large"
    },
    {
      "rotation": 225.47889466557567,
      "material": "rubber",
      "color": "yellow",
      "3d_coords": [
        -1.9271446466445923,
        2.5005908012390137,
        0.3499999940395355
      ],
      "shape": "cylinder",
      "pixel_coords": [
        176,
        75,
        13.822369575500488
      ],
      "size": "small"
    },
    {
      "rotation": 163.43097551167307,
      "material": "metal",
      "color": "cyan",
      "3d_coords": [
        0.8888121247291565,
        0.861212968826294,
        0.699999988079071
      ],
      "shape": "sphere",
      "pixel_coords": [
        200,
        102,
        10.838871002197266
      ],
      "size": "large"
    },
    {
      "rotation": 179.5508753414724,
      "material": "metal",
      "color": "blue",
      "3d_coords": [
        2.9627788066864014,
        0.24317726492881775,
        0.699999988079071
      ],
      "shape": "sphere",
      "pixel_coords": [
        242,
        134,
        9.104313850402832
      ],
      "size": "large"
    },
    {
      "rotation": 71.85727094307634,
      "material": "metal",
      "color": "blue",
      "3d_coords": [
        2.8205928802490234,
        1.94240403175354,
        0.3499999940395355
      ],
      "shape": "cube",
      "pixel_coords": [
        272,
        123,
        10.346527099609375
      ],
      "size": "small"
    }
  ]
}