{
  "image_index": 39,
  "split": "new",
  "relationships": {
    "left": [
      [
        1,
        2,
        3,
        5,
        6,
        7
      ],
      [
        2,
        3,
        6,
        7
      ],
      [
        7
      ],
      [
        2,
        7
      ],
      [
        0,
        1,
        2,
        3,
        5,
        6,
        7,
        8
      ],
      [
        1,
        2,
        3,
        6,
        7
      ],
      [
        2,
        3,
        7
      ],
      [],
      [
        0,
        1,
        2,
        3,
        5,
        6,
        7
      ]
    ],
    "front": [
      [
        6
      ],
      [
        0,
        2,
        3,
        4,
        6,
        7,
        8
      ],
      [
        0,
        3,
        4,
        6,
        7,
        8
      ],
      [
        0,
        6,
        8
      ],
      [
        0,
        3,
        6,
        7,
        8
      ],
      [
        0,
        1,
        2,
        3,
        4,
        6,
        7,
        8
      ],
      [],
      [
        0,
        3,
        6,
        8
      ],
      [
        0,
        6
      ]
    ],
    "behind": [
      [
        1,
        2,
        3,
        4,
        5,
        7,
        8
      ],
      [
        5
      ],
      [
        1,
        5
      ],
      [
        1,
        2,
        4,
        5,
        7
      ],
      [
        1,
        2,
        5
      ],
      [],
      [
        0,
        1,
        2,
        3,
        4,
        5,
        7,
        8
      ],
      [
        1,
        2,
        4,
        5
      ],
      [
        1,
        2,
        3,
        4,
        5,
        7
      ]
    ],
    "right": [
      [
        4,
        8
      ],
      [
        0,
        4,
        5,
        8
      ],
      [
        0,
        1,
        3,
        4,
        5,
        6,
        8
      ],
      [
        0,
        1,
        4,
        5,
        6,
        8
      ],
      [],
      [
        0,
        4,
        8
      ],
      [
        0,
        1,
        4,
        5,
        8
      ],
      [
        0,
        1,
        2,
        3,
        4,
        5,
        6,
        8
      ],
      [
        4
      ]
    ]
  },
  "directions": {
    "left": [
      -0.6563112735748291,
      -0.7544902563095093,
      0.0
    ],
    "behind": [
      -0.754490315914154,
      0.6563112735748291,
      0.0
    ],
    "below": [
      -0.0,
      -0.0,
      -1.0
    ],
    "front": [
      0.754490315914154,
      -0.6563112735748291,
      -0.0
    ],
    "above": [
      0.0,
      0.0,
      1.0
    ],
    "right": [
      0.6563112735748291,
      0.7544902563095093,
      -0.0
    ]
  },
  "image_filename": "CLEVR_new_000039",
  "objects": [
    {
      "rotation": 174.22856235579735,
      "material": "metal",
      "color": "red",
      "3d_coords": [
        2.6627767086029053,
        -0.7488629221916199,
        0.3499999940395355
      ],
      "shape": "cube",
      "pixel_coords": [
        207,
        155,
        8.89646053314209
      ],
      "size": "small"
    },
    {
      "rotation": 257.97836703375646,
      "material": "rubber",
      "color": "brown",
      "3d_coords": [
        -1.3843913078308105,
        0.8643033504486084,
        0.699999988079071
      ],
      "shape": "cube",
      "pixel_coords": [
        153,
        81,
        12.350470542907715
      ],
      "size": "large"
    },
    {
      "rotation": 69.29312357059236,
      "material": "rubber",
      "color": "cyan",
      "3d_coords": [
        -2.999725580215454,
        -1.8707900047302246,
        0.3499999940395355
      ],
      "shape": "cube",
      "pixel_coords": [
        61,
        97,
        12.009181022644043
      ],
      "size": "small"
    },
    {
      "rotation": 357.56896872346937,
      "material": "metal",
      "color": "yellow",
      "3d_coords": [
        -0.5086528658866882,
        -1.825308918952942,
        0.3499999940395355
      ],
      "shape": "cylinder",
      "pixel_coords": [
        102,
        123,
        10.380939483642578
      ],
      "size": "small"
    },
    {
      "rotation": 90.54570810314954,
      "material": "rubber",
      "color": "red",
      "3d_coords": [
        1.598280429840088,
        2.726985216140747,
        0.699999988079071
      ],
      "shape": "cube",
      "pixel_coords": [
        255,
        93,
        11.445610046386719
      ],
      "size": "large"
    },
    {
      "rotation": 130.30478087604405,
      "material": "rubber",
      "color": "cyan",
      "3d_coords": [
        -2.2923169136047363,
        2.847276210784912,
        0.699999988079071
      ],
      "shape": "sphere",
      "pixel_coords": [
        176,
        62,
        14.099163055419922
      ],
      "size": "large"
    },
    {
      "rotation": 1.6237295667154017,
      "material": "rubber",
      "color": "cyan",
      "3d_coords": [
        1.659847378730774,
        -2.5316638946533203,
        0.699999988079071
      ],
      "shape": "sphere",
      "pixel_coords": [
        126,
        152,
        8.366523742675781
      ],
      "size": "large"
    },
    {
      "rotation": 190.72827570339442,
      "material": "metal",
      "color": "brown",
      "3d_coords": [
        -2.398289442062378,
        -2.933725595474243,
        0.3499999940395355
      ],
      "shape": "cube",
      "pixel_coords": [
        39,
        112,
        10.995606422424316
      ],
      "size": "small"
    },
    {
      "rotation": 25.47143569615859,
      "material": "metal",
      "color": "gray",
      "3d_coords": [
        2.630157947540283,
        0.4266282618045807,
        0.3499999940395355
      ],
      "shape": "sphere",
      "pixel_coords": [
        235,
        138,
        9.597267150878906
      ],
      "size": "small"
    }
  ]
}