{
  "image_index": 126,
  "split": "new",
  "relationships": {
    "left": [
      [
        2,
        3,
        4,
        5,
        6,
        7
      ],
      [
        0,
        2,
        3,
        4,
        5,
        6,
        7
      ],
      [
        4,
        5,
        6
      ],
      [
        2,
        4,
        5,
        6,
        7
      ],
      [
        5,
        6
      ],
      [
        6
      ],
      [],
      [
        2,
        4,
        5,
        6
      ]
    ],
    "front": [
      [
        1,
        2,
        3,
        5,
        6,
        7
      ],
      [
        2,
        3,
        6,
        7
      ],
      [
        7
      ],
      [
        2,
        7
      ],
      [
        0,
        1,
        2,
        3,
        5,
        6,
        7
      ],
      [
        1,
        2,
        3,
        6,
        7
      ],
      [
        2,
        3,
        7
      ],
      []
    ],
    "behind": [
      [
        4
      ],
      [
        0,
        4,
        5
      ],
      [
        0,
        1,
        3,
        4,
        5,
        6
      ],
      [
        0,
        1,
        4,
        5,
        6
      ],
      [],
      [
        0,
        4
      ],
      [
        0,
        1,
        4,
        5
      ],
      [
        0,
        1,
        2,
        3,
        4,
        5,
        6
      ]
    ],
    "right": [
      [
        1
      ],
      [],
      [
        0,
        1,
        3,
        7
      ],
      [
        0,
        1
      ],
      [
        0,
        1,
        2,
        3,
        7
      ],
      [
        0,
        1,
        2,
        3,
        4,
        7
      ],
      [
        0,
        1,
        2,
        3,
        4,
        5,
        7
      ],
      [
        0,
        1,
        3
      ]
    ]
  },
  "directions": {
    "left": [
      -0.6563112735748291,
      -0.7544902563095093,
      0.0
    ],
    "behind": [
      -0.754490315914154,
      0.6563112735748291,
      0.0
    ],
    "below": [
      -0.0,
      -0.0,
      -1.0
    ],
    "front": [
      0.754490315914154,
      -0.6563112735748291,
      -0.0
    ],
    "above": [
      0.0,
      0.0,
      1.0
    ],
    "right": [
      0.6563112735748291,
      0.7544902563095093,
      -0.0
    ]
  },
  "image_filename": "CLEVR_new_000126",
  "objects": [
    {
      "rotation": 45.23708317076079,
      "material": "rubber",
      "color": "cyan",
      "3d_coords": [
        -0.04588443040847778,
        2.0069403648376465,
        0.3499999940395355
      ],
      "shape": "sphere",
      "pixel_coords": [
        202,
        93,
        12.287668228149414
      ],
      "size": "small"
    },
    {
      "rotation": 152.04578479965227,
      "material": "metal",
      "color": "red",
      "3d_coords": [
        1.551109790802002,
        2.0364651679992676,
        0.3499999940395355
      ],
      "shape": "cylinder",
      "pixel_coords": [
        240,
        108,
        11.244035720825195
      ],
      "size": "small"
    },
    {
      "rotation": 200.40102147122508,
      "material": "rubber",
      "color": "red",
      "3d_coords": [
        1.565727710723877,
        -2.334073781967163,
        0.699999988079071
      ],
      "shape": "cube",
      "pixel_coords": [
        130,
        147,
        8.543193817138672
      ],
      "size": "large"
    },
    {
      "rotation": 152.87257787894643,
      "material": "rubber",
      "color": "purple",
      "3d_coords": [
        1.237734317779541,
        -0.16773083806037903,
        0.3499999940395355
      ],
      "shape": "sphere",
      "pixel_coords": [
        184,
        126,
        10.178694725036621
      ],
      "size": "small"
    },
    {
      "rotation": 281.72400535957337,
      "material": "metal",
      "color": "brown",
      "3d_coords": [
        -2.304511547088623,
        0.4843866229057312,
        0.3499999940395355
      ],
      "shape": "cylinder",
      "pixel_coords": [
        129,
        85,
        12.908143043518066
      ],
      "size": "small"
    },
    {
      "rotation": 297.13928982929076,
      "material": "rubber",
      "color": "yellow",
      "3d_coords": [
        -1.732306718826294,
        -0.6775416731834412,
        0.3499999940395355
      ],
      "shape": "cylinder",
      "pixel_coords": [
        111,
        99,
        11.856789588928223
      ],
      "size": "small"
    },
    {
      "rotation": 87.29222548220928,
      "material": "metal",
      "color": "gray",
      "3d_coords": [
        -1.7998789548873901,
        -2.6641769409179688,
        0.699999988079071
      ],
      "shape": "cube",
      "pixel_coords": [
        55,
        106,
        10.587841987609863
      ],
      "size": "large"
    },
    {
      "rotation": 156.30200443617213,
      "material": "rubber",
      "color": "green",
      "3d_coords": [
        2.952171564102173,
        -2.5420310497283936,
        0.3499999940395355
      ],
      "shape": "sphere",
      "pixel_coords": [
        161,
        190,
        7.668243885040283
      ],
      "size": "small"
    }
  ]
}