{
  "image_index": 155,
  "split": "new",
  "relationships": {
    "left": [
      [
        6
      ],
      [
        0,
        6
      ],
      [
        0,
        1,
        6,
        7
      ],
      [
        0,
        1,
        2,
        6,
        7
      ],
      [
        0,
        1,
        2,
        3,
        6,
        7
      ],
      [
        0,
        1,
        2,
        3,
        4,
        6,
        7
      ],
      [],
      [
        0,
        1,
        6
      ]
    ],
    "front": [
      [
        2,
        4,
        5,
        6,
        7
      ],
      [
        0,
        2,
        3,
        4,
        5,
        6,
        7
      ],
      [
        7
      ],
      [
        0,
        2,
        4,
        5,
        6,
        7
      ],
      [
        2,
        7
      ],
      [
        2,
        4,
        7
      ],
      [
        2,
        4,
        5,
        7
      ],
      []
    ],
    "behind": [
      [
        1,
        3
      ],
      [],
      [
        0,
        1,
        3,
        4,
        5,
        6
      ],
      [
        1
      ],
      [
        0,
        1,
        3,
        5,
        6
      ],
      [
        0,
        1,
        3,
        6
      ],
      [
        0,
        1,
        3
      ],
      [
        0,
        1,
        2,
        3,
        4,
        5,
        6
      ]
    ],
    "right": [
      [
        1,
        2,
        3,
        4,
        5,
        7
      ],
      [
        2,
        3,
        4,
        5,
        7
      ],
      [
        3,
        4,
        5
      ],
      [
        4,
        5
      ],
      [
        5
      ],
      [],
      [
        0,
        1,
        2,
        3,
        4,
        5,
        7
      ],
      [
        2,
        3,
        4,
        5
      ]
    ]
  },
  "directions": {
    "left": [
      -0.6563112735748291,
      -0.7544902563095093,
      0.0
    ],
    "behind": [
      -0.754490315914154,
      0.6563112735748291,
      0.0
    ],
    "below": [
      -0.0,
      -0.0,
      -1.0
    ],
    "front": [
      0.754490315914154,
      -0.6563112735748291,
      -0.0
    ],
    "above": [
      0.0,
      0.0,
      1.0
    ],
    "right": [
      0.6563112735748291,
      0.7544902563095093,
      -0.0
    ]
  },
  "image_filename": "CLEVR_new_000155",
  "objects": [
    {
      "rotation": 328.8291942837933,
      "material": "metal",
      "color": "gray",
      "3d_coords": [
        -1.837823748588562,
        -0.8060600757598877,
        0.3499999940395355
      ],
      "shape": "sphere",
      "pixel_coords": [
        106,
        99,
        11.852620124816895
      ],
      "size": "small"
    },
    {
      "rotation": 278.226714674695,
      "material": "metal",
      "color": "purple",
      "3d_coords": [
        -2.4310686588287354,
        0.9916391372680664,
        0.699999988079071
      ],
      "shape": "cube",
      "pixel_coords": [
        137,
        72,
        13.119220733642578
      ],
      "size": "large"
    },
    {
      "rotation": 167.20696966692898,
      "material": "rubber",
      "color": "blue",
      "3d_coords": [
        2.153010845184326,
        -1.2676353454589844,
        0.699999988079071
      ],
      "shape": "cylinder",
      "pixel_coords": [
        178,
        142,
        8.769269943237305
      ],
      "size": "large"
    },
    {
      "rotation": 282.5560018032518,
      "material": "rubber",
      "color": "blue",
      "3d_coords": [
        -0.6472650766372681,
        2.0966145992279053,
        0.699999988079071
      ],
      "shape": "sphere",
      "pixel_coords": [
        192,
        78,
        12.572856903076172
      ],
      "size": "large"
    },
    {
      "rotation": 280.4485495586954,
      "material": "metal",
      "color": "brown",
      "3d_coords": [
        1.843124508857727,
        0.9132692217826843,
        0.3499999940395355
      ],
      "shape": "cylinder",
      "pixel_coords": [
        224,
        122,
        10.401156425476074
      ],
      "size": "small"
    },
    {
      "rotation": 282.2635020686168,
      "material": "rubber",
      "color": "yellow",
      "3d_coords": [
        2.169234037399292,
        2.2331795692443848,
        0.699999988079071
      ],
      "shape": "cylinder",
      "pixel_coords": [
        261,
        103,
        10.781097412109375
      ],
      "size": "large"
    },
    {
      "rotation": 97.97304372519953,
      "material": "rubber",
      "color": "gray",
      "3d_coords": [
        -2.910701036453247,
        -2.656545400619507,
        0.699999988079071
      ],
      "shape": "cube",
      "pixel_coords": [
        39,
        94,
        11.330036163330078
      ],
      "size": "large"
    },
    {
      "rotation": 149.92851893303063,
      "material": "rubber",
      "color": "blue",
      "3d_coords": [
        2.8059701919555664,
        -2.9934990406036377,
        0.699999988079071
      ],
      "shape": "cylinder",
      "pixel_coords": [
        140,
        183,
        7.338466167449951
      ],
      "size": "large"
    }
  ]
}