{
  "image_index": 63,
  "split": "new",
  "relationships": {
    "left": [
      [
        1,
        2,
        6
      ],
      [],
      [
        1
      ],
      [
        0,
        1,
        2,
        4,
        5,
        6,
        7
      ],
      [
        0,
        1,
        2,
        6
      ],
      [
        0,
        1,
        2,
        4,
        6,
        7
      ],
      [
        1,
        2
      ],
      [
        0,
        1,
        2,
        4,
        6
      ]
    ],
    "front": [
      [
        2,
        3,
        5
      ],
      [
        0,
        2,
        3,
        5
      ],
      [
        3,
        5
      ],
      [
        5
      ],
      [
        0,
        1,
        2,
        3,
        5,
        6,
        7
      ],
      [],
      [
        0,
        1,
        2,
        3,
        5,
        7
      ],
      [
        0,
        1,
        2,
        3,
        5
      ]
    ],
    "behind": [
      [
        1,
        4,
        6,
        7
      ],
      [
        4,
        6,
        7
      ],
      [
        0,
        1,
        4,
        6,
        7
      ],
      [
        0,
        1,
        2,
        4,
        6,
        7
      ],
      [],
      [
        0,
        1,
        2,
        3,
        4,
        6,
        7
      ],
      [
        4
      ],
      [
        4,
        6
      ]
    ],
    "right": [
      [
        3,
        4,
        5,
        7
      ],
      [
        0,
        2,
        3,
        4,
        5,
        6,
        7
      ],
      [
        0,
        3,
        4,
        5,
        6,
        7
      ],
      [],
      [
        3,
        5,
        7
      ],
      [
        3
      ],
      [
        0,
        3,
        4,
        5,
        7
      ],
      [
        3,
        5
      ]
    ]
  },
  "directions": {
    "left": [
      -0.6563112735748291,
      -0.7544902563095093,
      0.0
    ],
    "behind": [
      -0.754490315914154,
      0.6563112735748291,
      0.0
    ],
    "below": [
      -0.0,
      -0.0,
      -1.0
    ],
    "front": [
      0.754490315914154,
      -0.6563112735748291,
      -0.0
    ],
    "above": [
      0.0,
      0.0,
      1.0
    ],
    "right": [
      0.6563112735748291,
      0.7544902563095093,
      -0.0
    ]
  },
  "image_filename": "CLEVR_new_000063",
  "objects": [
    {
      "rotation": 334.00273738370635,
      "material": "rubber",
      "color": "red",
      "3d_coords": [
        -0.4670059382915497,
        -0.36479347944259644,
        0.699999988079071
      ],
      "shape": "cube",
      "pixel_coords": [
        142,
        99,
        11.031049728393555
      ],
      "size": "large"
    },
    {
      "rotation": 226.59385111694812,
      "material": "rubber",
      "color": "green",
      "3d_coords": [
        -2.807190418243408,
        -2.094430685043335,
        0.699999988079071
      ],
      "shape": "sphere",
      "pixel_coords": [
        57,
        91,
        11.586050033569336
      ],
      "size": "large"
    },
    {
      "rotation": 355.45304217336724,
      "material": "rubber",
      "color": "purple",
      "3d_coords": [
        -1.4341739416122437,
        -2.6010918617248535,
        0.3499999940395355
      ],
      "shape": "sphere",
      "pixel_coords": [
        64,
        120,
        10.547440528869629
      ],
      "size": "small"
    },
    {
      "rotation": 208.2507005732347,
      "material": "rubber",
      "color": "red",
      "3d_coords": [
        2.9074840545654297,
        1.7251325845718384,
        0.3499999940395355
      ],
      "shape": "sphere",
      "pixel_coords": [
        271,
        127,
        10.163287162780762
      ],
      "size": "small"
    },
    {
      "rotation": 277.6411661694262,
      "material": "metal",
      "color": "gray",
      "3d_coords": [
        -1.5634664297103882,
        2.2551543712615967,
        0.3499999940395355
      ],
      "shape": "cylinder",
      "pixel_coords": [
        178,
        79,
        13.439021110534668
      ],
      "size": "small"
    },
    {
      "rotation": 245.21524639778804,
      "material": "rubber",
      "color": "yellow",
      "3d_coords": [
        2.950847625732422,
        0.13110171258449554,
        0.699999988079071
      ],
      "shape": "cylinder",
      "pixel_coords": [
        239,
        135,
        9.047486305236816
      ],
      "size": "large"
    },
    {
      "rotation": 37.18836860056897,
      "material": "metal",
      "color": "green",
      "3d_coords": [
        -2.9021408557891846,
        -0.6744727492332458,
        0.3499999940395355
      ],
      "shape": "cube",
      "pixel_coords": [
        93,
        89,
        12.635541915893555
      ],
      "size": "small"
    },
    {
      "rotation": 13.269362837773064,
      "material": "rubber",
      "color": "purple",
      "3d_coords": [
        0.030976029112935066,
        1.8687450885772705,
        0.3499999940395355
      ],
      "shape": "sphere",
      "pixel_coords": [
        201,
        95,
        12.156776428222656
      ],
      "size": "small"
    }
  ]
}