{
  "image_index": 216,
  "split": "new",
  "relationships": {
    "left": [
      [
        5,
        8
      ],
      [
        0,
        4,
        5,
        7,
        8
      ],
      [
        0,
        1,
        3,
        4,
        5,
        6,
        7,
        8
      ],
      [
        0,
        1,
        4,
        5,
        7,
        8
      ],
      [
        0,
        5,
        8
      ],
      [
        8
      ],
      [
        0,
        1,
        3,
        4,
        5,
        7,
        8
      ],
      [
        0,
        4,
        5,
        8
      ],
      []
    ],
    "front": [
      [
        1,
        2,
        4,
        5,
        6,
        8
      ],
      [
        4,
        5
      ],
      [
        1,
        4,
        5,
        6
      ],
      [
        0,
        1,
        2,
        4,
        5,
        6,
        8
      ],
      [],
      [
        4
      ],
      [
        1,
        4,
        5
      ],
      [
        0,
        1,
        2,
        3,
        4,
        5,
        6,
        8
      ],
      [
        1,
        2,
        4,
        5,
        6
      ]
    ],
    "behind": [
      [
        3,
        7
      ],
      [
        0,
        2,
        3,
        6,
        7,
        8
      ],
      [
        0,
        3,
        7,
        8
      ],
      [
        7
      ],
      [
        0,
        1,
        2,
        3,
        5,
        6,
        7,
        8
      ],
      [
        0,
        1,
        2,
        3,
        6,
        7,
        8
      ],
      [
        0,
        2,
        3,
        7,
        8
      ],
      [],
      [
        0,
        3,
        7
      ]
    ],
    "right": [
      [
        1,
        2,
        3,
        4,
        6,
        7
      ],
      [
        2,
        3,
        6
      ],
      [],
      [
        2,
        6
      ],
      [
        1,
        2,
        3,
        6,
        7
      ],
      [
        0,
        1,
        2,
        3,
        4,
        6,
        7
      ],
      [
        2
      ],
      [
        1,
        2,
        3,
        6
      ],
      [
        0,
        1,
        2,
        3,
        4,
        5,
        6,
        7
      ]
    ]
  },
  "directions": {
    "left": [
      -0.6563112735748291,
      -0.7544902563095093,
      0.0
    ],
    "behind": [
      -0.754490315914154,
      0.6563112735748291,
      0.0
    ],
    "below": [
      -0.0,
      -0.0,
      -1.0
    ],
    "front": [
      0.754490315914154,
      -0.6563112735748291,
      -0.0
    ],
    "above": [
      0.0,
      0.0,
      1.0
    ],
    "right": [
      0.6563112735748291,
      0.7544902563095093,
      -0.0
    ]
  },
  "image_filename": "CLEVR_new_000216",
  "objects": [
    {
      "rotation": 43.02428746928746,
      "material": "metal",
      "color": "yellow",
      "3d_coords": [
        -1.3704233169555664,
        -0.35662704706192017,
        0.699999988079071
      ],
      "shape": "cube",
      "pixel_coords": [
        125,
        90,
        11.635798454284668
      ],
      "size": "large"
    },
    {
      "rotation": 236.73599780139108,
      "material": "metal",
      "color": "red",
      "3d_coords": [
        1.6810331344604492,
        -0.6607867479324341,
        0.3499999940395355
      ],
      "shape": "sphere",
      "pixel_coords": [
        182,
        138,
        9.599400520324707
      ],
      "size": "small"
    },
    {
      "rotation": 139.8279524783721,
      "material": "rubber",
      "color": "gray",
      "3d_coords": [
        2.4915175437927246,
        2.532094955444336,
        0.3499999940395355
      ],
      "shape": "sphere",
      "pixel_coords": [
        274,
        113,
        10.905787467956543
      ],
      "size": "small"
    },
    {
      "rotation": 96.72677226903866,
      "material": "metal",
      "color": "red",
      "3d_coords": [
        -0.5224190354347229,
        2.8040807247161865,
        0.3499999940395355
      ],
      "shape": "cube",
      "pixel_coords": [
        207,
        83,
        13.064722061157227
      ],
      "size": "small"
    },
    {
      "rotation": 331.0642767612959,
      "material": "rubber",
      "color": "blue",
      "3d_coords": [
        2.1396241188049316,
        -2.3285982608795166,
        0.699999988079071
      ],
      "shape": "cube",
      "pixel_coords": [
        145,
        157,
        8.165186882019043
      ],
      "size": "large"
    },
    {
      "rotation": 269.58363289938075,
      "material": "metal",
      "color": "yellow",
      "3d_coords": [
        0.4539855122566223,
        -2.8785479068756104,
        0.3499999940395355
      ],
      "shape": "cylinder",
      "pixel_coords": [
        88,
        149,
        9.133063316345215
      ],
      "size": "small"
    },
    {
      "rotation": 227.64195767343386,
      "material": "rubber",
      "color": "gray",
      "3d_coords": [
        2.541003942489624,
        1.4041465520858765,
        0.3499999940395355
      ],
      "shape": "sphere",
      "pixel_coords": [
        253,
        126,
        10.221244812011719
      ],
      "size": "small"
    },
    {
      "rotation": 356.9850822851569,
      "material": "metal",
      "color": "red",
      "3d_coords": [
        -2.100144863128662,
        2.012680768966675,
        0.699999988079071
      ],
      "shape": "cylinder",
      "pixel_coords": [
        164,
        68,
        13.489336967468262
      ],
      "size": "large"
    },
    {
      "rotation": 212.21726859559607,
      "material": "rubber",
      "color": "red",
      "3d_coords": [
        -2.557690382003784,
        -2.5054128170013428,
        0.3499999940395355
      ],
      "shape": "cube",
      "pixel_coords": [
        50,
        106,
        11.348936080932617
      ],
      "size": "small"
    }
  ]
}