{
  "image_index": 228,
  "split": "new",
  "relationships": {
    "left": [
      [],
      [
        0,
        2,
        5,
        6,
        7,
        8
      ],
      [
        0,
        5,
        6,
        7,
        8
      ],
      [
        0,
        1,
        2,
        4,
        5,
        6,
        7,
        8
      ],
      [
        0,
        1,
        2,
        5,
        6,
        7,
        8
      ],
      [
        0,
        6,
        8
      ],
      [
        0
      ],
      [
        0,
        5,
        6,
        8
      ],
      [
        0,
        6
      ]
    ],
    "front": [
      [
        1,
        4,
        7,
        8
      ],
      [
        7
      ],
      [
        0,
        1,
        3,
        4,
        5,
        6,
        7,
        8
      ],
      [
        0,
        1,
        4,
        7,
        8
      ],
      [
        1,
        7,
        8
      ],
      [
        0,
        1,
        3,
        4,
        7,
        8
      ],
      [
        0,
        1,
        3,
        4,
        5,
        7,
        8
      ],
      [],
      [
        1,
        7
      ]
    ],
    "behind": [
      [
        2,
        3,
        5,
        6
      ],
      [
        0,
        2,
        3,
        4,
        5,
        6,
        8
      ],
      [],
      [
        2,
        5,
        6
      ],
      [
        0,
        2,
        3,
        5,
        6
      ],
      [
        2,
        6
      ],
      [
        2
      ],
      [
        0,
        1,
        2,
        3,
        4,
        5,
        6,
        8
      ],
      [
        0,
        2,
        3,
        4,
        5,
        6
      ]
    ],
    "right": [
      [
        1,
        2,
        3,
        4,
        5,
        6,
        7,
        8
      ],
      [
        3,
        4
      ],
      [
        1,
        3,
        4
      ],
      [],
      [
        3
      ],
      [
        1,
        2,
        3,
        4,
        7
      ],
      [
        1,
        2,
        3,
        4,
        5,
        7,
        8
      ],
      [
        1,
        2,
        3,
        4
      ],
      [
        1,
        2,
        3,
        4,
        5,
        7
      ]
    ]
  },
  "directions": {
    "left": [
      -0.6563112735748291,
      -0.7544902563095093,
      0.0
    ],
    "behind": [
      -0.754490315914154,
      0.6563112735748291,
      0.0
    ],
    "below": [
      -0.0,
      -0.0,
      -1.0
    ],
    "front": [
      0.754490315914154,
      -0.6563112735748291,
      -0.0
    ],
    "above": [
      0.0,
      0.0,
      1.0
    ],
    "right": [
      0.6563112735748291,
      0.7544902563095093,
      -0.0
    ]
  },
  "image_filename": "CLEVR_new_000228",
  "objects": [
    {
      "rotation": 14.018166935513602,
      "material": "rubber",
      "color": "purple",
      "3d_coords": [
        -1.504098653793335,
        -2.929506540298462,
        0.3499999940395355
      ],
      "shape": "sphere",
      "pixel_coords": [
        52,
        122,
        10.404141426086426
      ],
      "size": "small"
    },
    {
      "rotation": 286.571997411037,
      "material": "metal",
      "color": "gray",
      "3d_coords": [
        2.5793986320495605,
        -0.942355215549469,
        0.3499999940395355
      ],
      "shape": "sphere",
      "pixel_coords": [
        199,
        156,
        8.840047836303711
      ],
      "size": "small"
    },
    {
      "rotation": 342.15253782204286,
      "material": "metal",
      "color": "green",
      "3d_coords": [
        -1.2558791637420654,
        1.6082181930541992,
        0.3499999940395355
      ],
      "shape": "cylinder",
      "pixel_coords": [
        171,
        86,
        12.86095905303955
      ],
      "size": "small"
    },
    {
      "rotation": 93.41745969599096,
      "material": "metal",
      "color": "green",
      "3d_coords": [
        1.6281577348709106,
        1.6329845190048218,
        0.3499999940395355
      ],
      "shape": "cube",
      "pixel_coords": [
        233,
        113,
        10.959750175476074
      ],
      "size": "small"
    },
    {
      "rotation": 116.04189980920792,
      "material": "rubber",
      "color": "cyan",
      "3d_coords": [
        2.393386125564575,
        0.07675962895154953,
        0.3499999940395355
      ],
      "shape": "cube",
      "pixel_coords": [
        220,
        139,
        9.552389144897461
      ],
      "size": "small"
    },
    {
      "rotation": 266.17711063819854,
      "material": "metal",
      "color": "cyan",
      "3d_coords": [
        -0.9975895881652832,
        -0.15629222989082336,
        0.3499999940395355
      ],
      "shape": "cylinder",
      "pixel_coords": [
        137,
        102,
        11.66995906829834
      ],
      "size": "small"
    },
    {
      "rotation": 348.84198043356656,
      "material": "rubber",
      "color": "yellow",
      "3d_coords": [
        -2.2037136554718018,
        -0.90437251329422,
        0.699999988079071
      ],
      "shape": "cube",
      "pixel_coords": [
        97,
        87,
        11.872791290283203
      ],
      "size": "large"
    },
    {
      "rotation": 112.63305139698694,
      "material": "metal",
      "color": "yellow",
      "3d_coords": [
        2.4398229122161865,
        -2.1508917808532715,
        0.3499999940395355
      ],
      "shape": "cylinder",
      "pixel_coords": [
        159,
        172,
        8.234516143798828
      ],
      "size": "small"
    },
    {
      "rotation": 218.61312019165575,
      "material": "metal",
      "color": "gray",
      "3d_coords": [
        0.7126373052597046,
        -2.47404408454895,
        0.699999988079071
      ],
      "shape": "cube",
      "pixel_coords": [
        106,
        136,
        9.0289306640625
      ],
      "size": "large"
    }
  ]
}