{
  "image_index": 282,
  "split": "new",
  "relationships": {
    "left": [
      [
        1,
        3,
        4,
        5,
        6
      ],
      [
        3,
        4,
        5
      ],
      [
        0,
        1,
        3,
        4,
        5,
        6
      ],
      [
        5
      ],
      [
        3,
        5
      ],
      [],
      [
        1,
        3,
        4,
        5
      ]
    ],
    "front": [
      [
        2,
        4,
        5,
        6
      ],
      [
        0,
        2,
        3,
        4,
        5,
        6
      ],
      [
        4,
        6
      ],
      [
        0,
        2,
        4,
        5,
        6
      ],
      [
        6
      ],
      [
        2,
        4,
        6
      ],
      []
    ],
    "behind": [
      [
        1,
        3
      ],
      [],
      [
        0,
        1,
        3,
        5
      ],
      [
        1
      ],
      [
        0,
        1,
        2,
        3,
        5
      ],
      [
        0,
        1,
        3
      ],
      [
        0,
        1,
        2,
        3,
        4,
        5
      ]
    ],
    "right": [
      [
        2
      ],
      [
        0,
        2,
        6
      ],
      [],
      [
        0,
        1,
        2,
        4,
        6
      ],
      [
        0,
        1,
        2,
        6
      ],
      [
        0,
        1,
        2,
        3,
        4,
        6
      ],
      [
        0,
        2
      ]
    ]
  },
  "directions": {
    "left": [
      -0.6563112735748291,
      -0.7544902563095093,
      0.0
    ],
    "behind": [
      -0.754490315914154,
      0.6563112735748291,
      0.0
    ],
    "below": [
      -0.0,
      -0.0,
      -1.0
    ],
    "front": [
      0.754490315914154,
      -0.6563112735748291,
      -0.0
    ],
    "above": [
      0.0,
      0.0,
      1.0
    ],
    "right": [
      0.6563112735748291,
      0.7544902563095093,
      -0.0
    ]
  },
  "image_filename": "CLEVR_new_000282",
  "objects": [
    {
      "rotation": 291.4984202577033,
      "material": "metal",
      "color": "brown",
      "3d_coords": [
        0.5520743727684021,
        1.8739550113677979,
        0.3499999940395355
      ],
      "shape": "cube",
      "pixel_coords": [
        213,
        99,
        11.81368350982666
      ],
      "size": "small"
    },
    {
      "rotation": 242.52693518731007,
      "material": "rubber",
      "color": "green",
      "3d_coords": [
        -2.041616678237915,
        2.1705729961395264,
        0.699999988079071
      ],
      "shape": "sphere",
      "pixel_coords": [
        168,
        68,
        13.541686058044434
      ],
      "size": "large"
    },
    {
      "rotation": 355.7395640523829,
      "material": "metal",
      "color": "yellow",
      "3d_coords": [
        2.1981008052825928,
        1.7749528884887695,
        0.699999988079071
      ],
      "shape": "cylinder",
      "pixel_coords": [
        253,
        107,
        10.497183799743652
      ],
      "size": "large"
    },
    {
      "rotation": 153.84502790996086,
      "material": "rubber",
      "color": "green",
      "3d_coords": [
        -2.009885311126709,
        -0.3430860638618469,
        0.3499999940395355
      ],
      "shape": "cube",
      "pixel_coords": [
        115,
        94,
        12.234383583068848
      ],
      "size": "small"
    },
    {
      "rotation": 199.3130819328431,
      "material": "metal",
      "color": "cyan",
      "3d_coords": [
        0.6091638803482056,
        -1.1363800764083862,
        0.699999988079071
      ],
      "shape": "sphere",
      "pixel_coords": [
        144,
        118,
        9.87049388885498
      ],
      "size": "large"
    },
    {
      "rotation": 273.0479693499515,
      "material": "metal",
      "color": "gray",
      "3d_coords": [
        -2.382760524749756,
        -2.133164644241333,
        0.3499999940395355
      ],
      "shape": "cube",
      "pixel_coords": [
        63,
        105,
        11.447818756103516
      ],
      "size": "small"
    },
    {
      "rotation": 299.7276253915827,
      "material": "metal",
      "color": "cyan",
      "3d_coords": [
        2.6887550354003906,
        -0.9968377947807312,
        0.699999988079071
      ],
      "shape": "sphere",
      "pixel_coords": [
        201,
        147,
        8.569892883300781
      ],
      "size": "large"
    }
  ]
}