{
  "image_index": 233,
  "split": "new",
  "relationships": {
    "left": [
      [
        1,
        3,
        4,
        6,
        7
      ],
      [
        7
      ],
      [
        0,
        1,
        3,
        4,
        5,
        6,
        7
      ],
      [
        1,
        6,
        7
      ],
      [
        1,
        3,
        6,
        7
      ],
      [
        0,
        1,
        3,
        4,
        6,
        7
      ],
      [
        1,
        7
      ],
      []
    ],
    "front": [
      [
        1,
        2,
        3,
        4,
        5
      ],
      [
        3,
        4,
        5
      ],
      [
        1,
        3,
        4,
        5
      ],
      [
        4,
        5
      ],
      [],
      [
        4
      ],
      [
        0,
        1,
        2,
        3,
        4,
        5,
        7
      ],
      [
        0,
        1,
        2,
        3,
        4,
        5
      ]
    ],
    "behind": [
      [
        6,
        7
      ],
      [
        0,
        2,
        6,
        7
      ],
      [
        0,
        6,
        7
      ],
      [
        0,
        1,
        2,
        6,
        7
      ],
      [
        0,
        1,
        2,
        3,
        5,
        6,
        7
      ],
      [
        0,
        1,
        2,
        3,
        6,
        7
      ],
      [],
      [
        6
      ]
    ],
    "right": [
      [
        2,
        5
      ],
      [
        0,
        2,
        3,
        4,
        5,
        6
      ],
      [],
      [
        0,
        2,
        4,
        5
      ],
      [
        0,
        2,
        5
      ],
      [
        2
      ],
      [
        0,
        2,
        3,
        4,
        5
      ],
      [
        0,
        1,
        2,
        3,
        4,
        5,
        6
      ]
    ]
  },
  "directions": {
    "left": [
      -0.6563112735748291,
      -0.7544902563095093,
      0.0
    ],
    "behind": [
      -0.754490315914154,
      0.6563112735748291,
      0.0
    ],
    "below": [
      -0.0,
      -0.0,
      -1.0
    ],
    "front": [
      0.754490315914154,
      -0.6563112735748291,
      -0.0
    ],
    "above": [
      0.0,
      0.0,
      1.0
    ],
    "right": [
      0.6563112735748291,
      0.7544902563095093,
      -0.0
    ]
  },
  "image_filename": "CLEVR_new_000233",
  "objects": [
    {
      "rotation": 332.6078742668181,
      "material": "rubber",
      "color": "gray",
      "3d_coords": [
        -0.13324910402297974,
        0.9304099082946777,
        0.699999988079071
      ],
      "shape": "sphere",
      "pixel_coords": [
        179,
        91,
        11.5576810836792
      ],
      "size": "large"
    },
    {
      "rotation": 338.34586297173604,
      "material": "rubber",
      "color": "purple",
      "3d_coords": [
        -0.8016467690467834,
        -2.2694003582000732,
        0.699999988079071
      ],
      "shape": "sphere",
      "pixel_coords": [
        83,
        113,
        10.15291976928711
      ],
      "size": "large"
    },
    {
      "rotation": 173.6643506381918,
      "material": "metal",
      "color": "purple",
      "3d_coords": [
        2.050816535949707,
        2.042196273803711,
        0.3499999940395355
      ],
      "shape": "cylinder",
      "pixel_coords": [
        253,
        113,
        10.915452003479004
      ],
      "size": "small"
    },
    {
      "rotation": 247.0578168606441,
      "material": "rubber",
      "color": "brown",
      "3d_coords": [
        0.9663470387458801,
        -1.3839298486709595,
        0.3499999940395355
      ],
      "shape": "cube",
      "pixel_coords": [
        145,
        137,
        9.656282424926758
      ],
      "size": "small"
    },
    {
      "rotation": 156.41181076432613,
      "material": "rubber",
      "color": "purple",
      "3d_coords": [
        2.803476095199585,
        -2.4095652103424072,
        0.699999988079071
      ],
      "shape": "sphere",
      "pixel_coords": [
        161,
        172,
        7.677491664886475
      ],
      "size": "large"
    },
    {
      "rotation": 112.2154083963892,
      "material": "rubber",
      "color": "purple",
      "3d_coords": [
        2.7312304973602295,
        -0.16995295882225037,
        0.3499999940395355
      ],
      "shape": "cylinder",
      "pixel_coords": [
        223,
        148,
        9.185461044311523
      ],
      "size": "small"
    },
    {
      "rotation": 124.4048523683627,
      "material": "metal",
      "color": "yellow",
      "3d_coords": [
        -2.1109206676483154,
        0.3614857494831085,
        0.3499999940395355
      ],
      "shape": "cylinder",
      "pixel_coords": [
        129,
        88,
        12.70855712890625
      ],
      "size": "small"
    },
    {
      "rotation": 346.28381318985856,
      "material": "rubber",
      "color": "gray",
      "3d_coords": [
        -2.89298415184021,
        -1.6073575019836426,
        0.699999988079071
      ],
      "shape": "cube",
      "pixel_coords": [
        69,
        86,
        11.924439430236816
      ],
      "size": "large"
    }
  ]
}