{
  "image_index": 212,
  "split": "new",
  "relationships": {
    "left": [
      [
        1,
        2,
        3,
        4,
        5,
        7,
        8
      ],
      [
        2,
        4,
        5,
        7
      ],
      [
        4,
        5,
        7
      ],
      [
        1,
        2,
        4,
        5,
        7,
        8
      ],
      [
        5
      ],
      [],
      [
        0,
        1,
        2,
        3,
        4,
        5,
        7,
        8
      ],
      [
        4,
        5
      ],
      [
        1,
        2,
        4,
        5,
        7
      ]
    ],
    "front": [
      [
        2,
        3,
        4,
        5,
        6,
        8
      ],
      [
        0,
        2,
        3,
        4,
        5,
        6,
        8
      ],
      [],
      [
        2,
        4,
        8
      ],
      [
        2,
        8
      ],
      [
        2,
        3,
        4,
        6,
        8
      ],
      [
        2,
        3,
        4,
        8
      ],
      [
        0,
        1,
        2,
        3,
        4,
        5,
        6,
        8
      ],
      [
        2
      ]
    ],
    "behind": [
      [
        1,
        7
      ],
      [
        7
      ],
      [
        0,
        1,
        3,
        4,
        5,
        6,
        7,
        8
      ],
      [
        0,
        1,
        5,
        6,
        7
      ],
      [
        0,
        1,
        3,
        5,
        6,
        7
      ],
      [
        0,
        1,
        7
      ],
      [
        0,
        1,
        5,
        7
      ],
      [],
      [
        0,
        1,
        3,
        4,
        5,
        6,
        7
      ]
    ],
    "right": [
      [
        6
      ],
      [
        0,
        3,
        6,
        8
      ],
      [
        0,
        1,
        3,
        6,
        8
      ],
      [
        0,
        6
      ],
      [
        0,
        1,
        2,
        3,
        6,
        7,
        8
      ],
      [
        0,
        1,
        2,
        3,
        4,
        6,
        7,
        8
      ],
      [],
      [
        0,
        1,
        2,
        3,
        6,
        8
      ],
      [
        0,
        3,
        6
      ]
    ]
  },
  "directions": {
    "left": [
      -0.6563112735748291,
      -0.7544902563095093,
      0.0
    ],
    "behind": [
      -0.754490315914154,
      0.6563112735748291,
      0.0
    ],
    "below": [
      -0.0,
      -0.0,
      -1.0
    ],
    "front": [
      0.754490315914154,
      -0.6563112735748291,
      -0.0
    ],
    "above": [
      0.0,
      0.0,
      1.0
    ],
    "right": [
      0.6563112735748291,
      0.7544902563095093,
      -0.0
    ]
  },
  "image_filename": "CLEVR_new_000212",
  "objects": [
    {
      "rotation": 203.38007517151826,
      "material": "metal",
      "color": "purple",
      "3d_coords": [
        0.6351739764213562,
        2.326160430908203,
        0.3499999940395355
      ],
      "shape": "cube",
      "pixel_coords": [
        223,
        97,
        12.019753456115723
      ],
      "size": "small"
    },
    {
      "rotation": 284.67970051481245,
      "material": "metal",
      "color": "blue",
      "3d_coords": [
        -1.1942368745803833,
        0.9323790073394775,
        0.3499999940395355
      ],
      "shape": "sphere",
      "pixel_coords": [
        158,
        91,
        12.429550170898438
      ],
      "size": "small"
    },
    {
      "rotation": 298.832926834039,
      "material": "metal",
      "color": "cyan",
      "3d_coords": [
        2.4202866554260254,
        -2.924506664276123,
        0.699999988079071
      ],
      "shape": "sphere",
      "pixel_coords": [
        132,
        173,
        7.6344895362854
      ],
      "size": "large"
    },
    {
      "rotation": 331.21838462360915,
      "material": "metal",
      "color": "green",
      "3d_coords": [
        1.2269799709320068,
        0.3330652713775635,
        0.3499999940395355
      ],
      "shape": "cube",
      "pixel_coords": [
        195,
        121,
        10.475172996520996
      ],
      "size": "small"
    },
    {
      "rotation": 204.11650958173445,
      "material": "metal",
      "color": "purple",
      "3d_coords": [
        -0.5870135426521301,
        -2.973281145095825,
        0.3499999940395355
      ],
      "shape": "cylinder",
      "pixel_coords": [
        66,
        135,
        9.76974105834961
      ],
      "size": "small"
    },
    {
      "rotation": 134.9459108473655,
      "material": "rubber",
      "color": "blue",
      "3d_coords": [
        -2.8790488243103027,
        -2.6322219371795654,
        0.699999988079071
      ],
      "shape": "cylinder",
      "pixel_coords": [
        40,
        94,
        11.323066711425781
      ],
      "size": "large"
    },
    {
      "rotation": 338.73684500632913,
      "material": "metal",
      "color": "green",
      "3d_coords": [
        1.9308711290359497,
        2.0844881534576416,
        0.699999988079071
      ],
      "shape": "cylinder",
      "pixel_coords": [
        252,
        101,
        10.853507041931152
      ],
      "size": "large"
    },
    {
      "rotation": 357.31372296782484,
      "material": "rubber",
      "color": "brown",
      "3d_coords": [
        -2.9470221996307373,
        -0.29232245683670044,
        0.3499999940395355
      ],
      "shape": "cylinder",
      "pixel_coords": [
        101,
        85,
        12.886139869689941
      ],
      "size": "small"
    },
    {
      "rotation": 315.1222413629166,
      "material": "metal",
      "color": "red",
      "3d_coords": [
        2.206566095352173,
        -1.265298843383789,
        0.3499999940395355
      ],
      "shape": "sphere",
      "pixel_coords": [
        179,
        154,
        8.901094436645508
      ],
      "size": "small"
    }
  ]
}