{
  "image_index": 20,
  "split": "new",
  "relationships": {
    "left": [
      [
        1,
        3,
        4,
        5,
        6,
        7,
        8
      ],
      [
        3,
        4,
        5,
        6,
        7,
        8
      ],
      [
        0,
        1,
        3,
        4,
        5,
        6,
        7,
        8
      ],
      [
        5,
        7
      ],
      [
        3,
        5,
        6,
        7,
        8
      ],
      [
        7
      ],
      [
        3,
        5,
        7
      ],
      [],
      [
        3,
        5,
        6,
        7
      ]
    ],
    "front": [
      [
        1,
        2,
        3,
        5,
        7,
        8
      ],
      [
        2,
        3,
        5,
        7,
        8
      ],
      [
        3,
        5,
        8
      ],
      [],
      [
        0,
        1,
        2,
        3,
        5,
        6,
        7,
        8
      ],
      [
        3
      ],
      [
        0,
        1,
        2,
        3,
        5,
        7,
        8
      ],
      [
        2,
        3,
        5,
        8
      ],
      [
        3,
        5
      ]
    ],
    "behind": [
      [
        4,
        6
      ],
      [
        0,
        4,
        6
      ],
      [
        0,
        1,
        4,
        6,
        7
      ],
      [
        0,
        1,
        2,
        4,
        5,
        6,
        7,
        8
      ],
      [],
      [
        0,
        1,
        2,
        4,
        6,
        7,
        8
      ],
      [
        4
      ],
      [
        0,
        1,
        4,
        6
      ],
      [
        0,
        1,
        2,
        4,
        6,
        7
      ]
    ],
    "right": [
      [
        2
      ],
      [
        0,
        2
      ],
      [],
      [
        0,
        1,
        2,
        4,
        6,
        8
      ],
      [
        0,
        1,
        2
      ],
      [
        0,
        1,
        2,
        3,
        4,
        6,
        8
      ],
      [
        0,
        1,
        2,
        4,
        8
      ],
      [
        0,
        1,
        2,
        3,
        4,
        5,
        6,
        8
      ],
      [
        0,
        1,
        2,
        4
      ]
    ]
  },
  "directions": {
    "left": [
      -0.6563112735748291,
      -0.7544902563095093,
      0.0
    ],
    "behind": [
      -0.754490315914154,
      0.6563112735748291,
      0.0
    ],
    "below": [
      -0.0,
      -0.0,
      -1.0
    ],
    "front": [
      0.754490315914154,
      -0.6563112735748291,
      -0.0
    ],
    "above": [
      0.0,
      0.0,
      1.0
    ],
    "right": [
      0.6563112735748291,
      0.7544902563095093,
      -0.0
    ]
  },
  "image_filename": "CLEVR_new_000020",
  "objects": [
    {
      "rotation": 37.43537003674645,
      "material": "rubber",
      "color": "gray",
      "3d_coords": [
        0.2915164530277252,
        2.697451114654541,
        0.3499999940395355
      ],
      "shape": "sphere",
      "pixel_coords": [
        223,
        91,
        12.462517738342285
      ],
      "size": "small"
    },
    {
      "rotation": 133.75789442532835,
      "material": "metal",
      "color": "purple",
      "3d_coords": [
        0.4406488835811615,
        1.6972635984420776,
        0.3499999940395355
      ],
      "shape": "cylinder",
      "pixel_coords": [
        207,
        100,
        11.785606384277344
      ],
      "size": "small"
    },
    {
      "rotation": 113.2571502130699,
      "material": "rubber",
      "color": "purple",
      "3d_coords": [
        2.750077486038208,
        2.753080129623413,
        0.699999988079071
      ],
      "shape": "cylinder",
      "pixel_coords": [
        287,
        104,
        10.695687294006348
      ],
      "size": "large"
    },
    {
      "rotation": 252.5616886241832,
      "material": "rubber",
      "color": "yellow",
      "3d_coords": [
        0.7235212326049805,
        -2.30238938331604,
        0.3499999940395355
      ],
      "shape": "cube",
      "pixel_coords": [
        112,
        145,
        9.286920547485352
      ],
      "size": "small"
    },
    {
      "rotation": 241.36899735509414,
      "material": "metal",
      "color": "cyan",
      "3d_coords": [
        -2.0101888179779053,
        2.4656925201416016,
        0.699999988079071
      ],
      "shape": "cylinder",
      "pixel_coords": [
        174,
        66,
        13.69131851196289
      ],
      "size": "large"
    },
    {
      "rotation": 77.43647404722066,
      "material": "rubber",
      "color": "cyan",
      "3d_coords": [
        -0.2546873390674591,
        -2.653301239013672,
        0.3499999940395355
      ],
      "shape": "cylinder",
      "pixel_coords": [
        82,
        135,
        9.73388671875
      ],
      "size": "small"
    },
    {
      "rotation": 48.1764932976902,
      "material": "metal",
      "color": "cyan",
      "3d_coords": [
        -1.930641770362854,
        0.904110848903656,
        0.3499999940395355
      ],
      "shape": "cube",
      "pixel_coords": [
        144,
        85,
        12.902322769165039
      ],
      "size": "small"
    },
    {
      "rotation": 274.6656757384174,
      "material": "rubber",
      "color": "cyan",
      "3d_coords": [
        -2.1988935470581055,
        -1.9744369983673096,
        0.699999988079071
      ],
      "shape": "cylinder",
      "pixel_coords": [
        69,
        95,
        11.251358032226562
      ],
      "size": "large"
    },
    {
      "rotation": 154.64619582130425,
      "material": "metal",
      "color": "brown",
      "3d_coords": [
        0.696609616279602,
        -0.7409537434577942,
        0.3499999940395355
      ],
      "shape": "cylinder",
      "pixel_coords": [
        157,
        126,
        10.206917762756348
      ],
      "size": "small"
    }
  ]
}