{
  "image_index": 153,
  "split": "new",
  "relationships": {
    "left": [
      [
        7
      ],
      [
        0,
        2,
        3,
        4,
        5,
        6,
        7
      ],
      [
        0,
        7
      ],
      [
        0,
        2,
        4,
        6,
        7
      ],
      [
        0,
        2,
        6,
        7
      ],
      [
        0,
        2,
        3,
        4,
        6,
        7
      ],
      [
        0,
        2,
        7
      ],
      []
    ],
    "front": [
      [
        2,
        3,
        6
      ],
      [
        0,
        2,
        3,
        6,
        7
      ],
      [
        3
      ],
      [],
      [
        0,
        1,
        2,
        3,
        5,
        6,
        7
      ],
      [
        0,
        1,
        2,
        3,
        6,
        7
      ],
      [
        2,
        3
      ],
      [
        0,
        2,
        3,
        6
      ]
    ],
    "behind": [
      [
        1,
        4,
        5,
        7
      ],
      [
        4,
        5
      ],
      [
        0,
        1,
        4,
        5,
        6,
        7
      ],
      [
        0,
        1,
        2,
        4,
        5,
        6,
        7
      ],
      [],
      [
        4
      ],
      [
        0,
        1,
        4,
        5,
        7
      ],
      [
        1,
        4,
        5
      ]
    ],
    "right": [
      [
        1,
        2,
        3,
        4,
        5,
        6
      ],
      [],
      [
        1,
        3,
        4,
        5,
        6
      ],
      [
        1,
        5
      ],
      [
        1,
        3,
        5
      ],
      [
        1
      ],
      [
        1,
        3,
        4,
        5
      ],
      [
        0,
        1,
        2,
        3,
        4,
        5,
        6
      ]
    ]
  },
  "directions": {
    "left": [
      -0.6563112735748291,
      -0.7544902563095093,
      0.0
    ],
    "behind": [
      -0.754490315914154,
      0.6563112735748291,
      0.0
    ],
    "below": [
      -0.0,
      -0.0,
      -1.0
    ],
    "front": [
      0.754490315914154,
      -0.6563112735748291,
      -0.0
    ],
    "above": [
      0.0,
      0.0,
      1.0
    ],
    "right": [
      0.6563112735748291,
      0.7544902563095093,
      -0.0
    ]
  },
  "image_filename": "CLEVR_new_000153",
  "objects": [
    {
      "rotation": 345.1058175679986,
      "material": "metal",
      "color": "gray",
      "3d_coords": [
        -0.7902248501777649,
        -1.2390869855880737,
        0.699999988079071
      ],
      "shape": "cylinder",
      "pixel_coords": [
        113,
        103,
        10.740599632263184
      ],
      "size": "large"
    },
    {
      "rotation": 226.96757987338324,
      "material": "rubber",
      "color": "yellow",
      "3d_coords": [
        1.3339158296585083,
        2.712677478790283,
        0.3499999940395355
      ],
      "shape": "sphere",
      "pixel_coords": [
        247,
        100,
        11.778974533081055
      ],
      "size": "small"
    },
    {
      "rotation": 158.53651102749882,
      "material": "rubber",
      "color": "gray",
      "3d_coords": [
        1.1246079206466675,
        -1.8928446769714355,
        0.3499999940395355
      ],
      "shape": "cylinder",
      "pixel_coords": [
        134,
        146,
        9.257142066955566
      ],
      "size": "small"
    },
    {
      "rotation": 98.38575844414382,
      "material": "metal",
      "color": "gray",
      "3d_coords": [
        2.603018045425415,
        -0.8265596032142639,
        0.699999988079071
      ],
      "shape": "cube",
      "pixel_coords": [
        204,
        143,
        8.72521686553955
      ],
      "size": "large"
    },
    {
      "rotation": 331.0310453144519,
      "material": "rubber",
      "color": "gray",
      "3d_coords": [
        -2.209322690963745,
        2.4959492683410645,
        0.699999988079071
      ],
      "shape": "cube",
      "pixel_coords": [
        171,
        65,
        13.841059684753418
      ],
      "size": "large"
    },
    {
      "rotation": 328.58435857710737,
      "material": "metal",
      "color": "yellow",
      "3d_coords": [
        0.06847162544727325,
        2.047401189804077,
        0.699999988079071
      ],
      "shape": "cylinder",
      "pixel_coords": [
        206,
        84,
        12.069046974182129
      ],
      "size": "large"
    },
    {
      "rotation": 317.73500118542165,
      "material": "metal",
      "color": "cyan",
      "3d_coords": [
        0.9726094007492065,
        -0.8132988214492798,
        0.3499999940395355
      ],
      "shape": "cylinder",
      "pixel_coords": [
        161,
        130,
        9.981806755065918
      ],
      "size": "small"
    },
    {
      "rotation": 222.23592939985966,
      "material": "metal",
      "color": "green",
      "3d_coords": [
        -2.193349838256836,
        -1.9829968214035034,
        0.3499999940395355
      ],
      "shape": "cube",
      "pixel_coords": [
        70,
        105,
        11.408775329589844
      ],
      "size": "small"
    }
  ]
}