{
  "image_index": 260,
  "split": "new",
  "relationships": {
    "left": [
      [
        2,
        3,
        6
      ],
      [
        0,
        2,
        3,
        4,
        6,
        7,
        8
      ],
      [],
      [
        2,
        6
      ],
      [
        0,
        2,
        3,
        6,
        8
      ],
      [
        0,
        1,
        2,
        3,
        4,
        6,
        7,
        8
      ],
      [
        2
      ],
      [
        0,
        2,
        3,
        4,
        6,
        8
      ],
      [
        0,
        2,
        3,
        6
      ]
    ],
    "front": [
      [
        1,
        2,
        3,
        5,
        6,
        7,
        8
      ],
      [
        8
      ],
      [
        1,
        3,
        5,
        8
      ],
      [
        1,
        8
      ],
      [
        0,
        1,
        2,
        3,
        5,
        6,
        7,
        8
      ],
      [
        1,
        3,
        8
      ],
      [
        1,
        2,
        3,
        5,
        8
      ],
      [
        1,
        2,
        3,
        5,
        6,
        8
      ],
      []
    ],
    "behind": [
      [
        4
      ],
      [
        0,
        2,
        3,
        4,
        5,
        6,
        7
      ],
      [
        0,
        4,
        6,
        7
      ],
      [
        0,
        2,
        4,
        5,
        6,
        7
      ],
      [],
      [
        0,
        2,
        4,
        6,
        7
      ],
      [
        0,
        4,
        7
      ],
      [
        0,
        4
      ],
      [
        0,
        1,
        2,
        3,
        4,
        5,
        6,
        7
      ]
    ],
    "right": [
      [
        1,
        4,
        5,
        7,
        8
      ],
      [
        5
      ],
      [
        0,
        1,
        3,
        4,
        5,
        6,
        7,
        8
      ],
      [
        0,
        1,
        4,
        5,
        7,
        8
      ],
      [
        1,
        5,
        7
      ],
      [],
      [
        0,
        1,
        3,
        4,
        5,
        7,
        8
      ],
      [
        1,
        5
      ],
      [
        1,
        4,
        5,
        7
      ]
    ]
  },
  "directions": {
    "left": [
      -0.6563112735748291,
      -0.7544902563095093,
      0.0
    ],
    "behind": [
      -0.754490315914154,
      0.6563112735748291,
      0.0
    ],
    "below": [
      -0.0,
      -0.0,
      -1.0
    ],
    "front": [
      0.754490315914154,
      -0.6563112735748291,
      -0.0
    ],
    "above": [
      0.0,
      0.0,
      1.0
    ],
    "right": [
      0.6563112735748291,
      0.7544902563095093,
      -0.0
    ]
  },
  "image_filename": "CLEVR_new_000260",
  "objects": [
    {
      "rotation": 76.93790022970776,
      "material": "metal",
      "color": "brown",
      "3d_coords": [
        -2.571002244949341,
        0.9176672101020813,
        0.699999988079071
      ],
      "shape": "sphere",
      "pixel_coords": [
        134,
        72,
        13.169424057006836
      ],
      "size": "large"
    },
    {
      "rotation": 173.64674763158598,
      "material": "rubber",
      "color": "green",
      "3d_coords": [
        2.7027220726013184,
        -0.5854270458221436,
        0.3499999940395355
      ],
      "shape": "cylinder",
      "pixel_coords": [
        212,
        153,
        8.964354515075684
      ],
      "size": "small"
    },
    {
      "rotation": 244.00552304343177,
      "material": "rubber",
      "color": "purple",
      "3d_coords": [
        -1.5041860342025757,
        -2.994809150695801,
        0.3499999940395355
      ],
      "shape": "cylinder",
      "pixel_coords": [
        50,
        123,
        10.366470336914062
      ],
      "size": "small"
    },
    {
      "rotation": 103.23098522062422,
      "material": "metal",
      "color": "purple",
      "3d_coords": [
        0.19927968084812164,
        -2.378321886062622,
        0.699999988079071
      ],
      "shape": "cube",
      "pixel_coords": [
        98,
        127,
        9.425195693969727
      ],
      "size": "large"
    },
    {
      "rotation": 254.132283303496,
      "material": "metal",
      "color": "blue",
      "3d_coords": [
        -2.9974539279937744,
        2.8693532943725586,
        0.699999988079071
      ],
      "shape": "sphere",
      "pixel_coords": [
        165,
        58,
        14.580255508422852
      ],
      "size": "large"
    },
    {
      "rotation": 266.0036675698886,
      "material": "rubber",
      "color": "yellow",
      "3d_coords": [
        2.4987714290618896,
        0.8787497878074646,
        0.3499999940395355
      ],
      "shape": "cylinder",
      "pixel_coords": [
        241,
        131,
        9.945745468139648
      ],
      "size": "small"
    },
    {
      "rotation": 73.74114340234551,
      "material": "rubber",
      "color": "purple",
      "3d_coords": [
        -1.7102606296539307,
        -1.4754208326339722,
        0.699999988079071
      ],
      "shape": "sphere",
      "pixel_coords": [
        90,
        96,
        11.215126037597656
      ],
      "size": "large"
    },
    {
      "rotation": 316.663958703951,
      "material": "rubber",
      "color": "cyan",
      "3d_coords": [
        -0.37226402759552,
        1.1301790475845337,
        0.699999988079071
      ],
      "shape": "cube",
      "pixel_coords": [
        178,
        87,
        11.831847190856934
      ],
      "size": "large"
    },
    {
      "rotation": 276.1186950422677,
      "material": "rubber",
      "color": "gray",
      "3d_coords": [
        2.3502893447875977,
        -2.4960107803344727,
        0.699999988079071
      ],
      "shape": "sphere",
      "pixel_coords": [
        145,
        164,
        7.928544998168945
      ],
      "size": "large"
    }
  ]
}