{
  "image_index": 262,
  "split": "new",
  "relationships": {
    "left": [
      [
        1,
        2,
        3,
        4,
        5,
        6,
        7,
        8
      ],
      [
        2,
        8
      ],
      [
        8
      ],
      [
        1,
        2,
        4,
        6,
        8
      ],
      [
        1,
        2,
        6,
        8
      ],
      [
        1,
        2,
        3,
        4,
        6,
        7,
        8
      ],
      [
        1,
        2,
        8
      ],
      [
        1,
        2,
        3,
        4,
        6,
        8
      ],
      []
    ],
    "front": [
      [
        2,
        3,
        6,
        7
      ],
      [
        0,
        2,
        3,
        6,
        7
      ],
      [
        6
      ],
      [
        2,
        6,
        7
      ],
      [
        0,
        1,
        2,
        3,
        5,
        6,
        7,
        8
      ],
      [
        0,
        1,
        2,
        3,
        6,
        7,
        8
      ],
      [],
      [
        2,
        6
      ],
      [
        0,
        1,
        2,
        3,
        6,
        7
      ]
    ],
    "behind": [
      [
        1,
        4,
        5,
        8
      ],
      [
        4,
        5,
        8
      ],
      [
        0,
        1,
        3,
        4,
        5,
        7,
        8
      ],
      [
        0,
        1,
        4,
        5,
        8
      ],
      [],
      [
        4
      ],
      [
        0,
        1,
        2,
        3,
        4,
        5,
        7,
        8
      ],
      [
        0,
        1,
        3,
        4,
        5,
        8
      ],
      [
        4,
        5
      ]
    ],
    "right": [
      [],
      [
        0,
        3,
        4,
        5,
        6,
        7
      ],
      [
        0,
        1,
        3,
        4,
        5,
        6,
        7
      ],
      [
        0,
        5,
        7
      ],
      [
        0,
        3,
        5,
        7
      ],
      [
        0
      ],
      [
        0,
        3,
        4,
        5,
        7
      ],
      [
        0,
        5
      ],
      [
        0,
        1,
        2,
        3,
        4,
        5,
        6,
        7
      ]
    ]
  },
  "directions": {
    "left": [
      -0.6563112735748291,
      -0.7544902563095093,
      0.0
    ],
    "behind": [
      -0.754490315914154,
      0.6563112735748291,
      0.0
    ],
    "below": [
      -0.0,
      -0.0,
      -1.0
    ],
    "front": [
      0.754490315914154,
      -0.6563112735748291,
      -0.0
    ],
    "above": [
      0.0,
      0.0,
      1.0
    ],
    "right": [
      0.6563112735748291,
      0.7544902563095093,
      -0.0
    ]
  },
  "image_filename": "CLEVR_new_000262",
  "objects": [
    {
      "rotation": 33.38865212005798,
      "material": "rubber",
      "color": "blue",
      "3d_coords": [
        2.743628978729248,
        2.4704463481903076,
        0.3499999940395355
      ],
      "shape": "cube",
      "pixel_coords": [
        280,
        117,
        10.702722549438477
      ],
      "size": "small"
    },
    {
      "rotation": 160.95309796198245,
      "material": "rubber",
      "color": "red",
      "3d_coords": [
        -0.9592834711074829,
        -0.4874018132686615,
        0.3499999940395355
      ],
      "shape": "cube",
      "pixel_coords": [
        130,
        105,
        11.453217506408691
      ],
      "size": "small"
    },
    {
      "rotation": 290.5092459734727,
      "material": "rubber",
      "color": "purple",
      "3d_coords": [
        0.4244891107082367,
        -2.5005688667297363,
        0.3499999940395355
      ],
      "shape": "cylinder",
      "pixel_coords": [
        100,
        143,
        9.37103271484375
      ],
      "size": "small"
    },
    {
      "rotation": 326.1276847534607,
      "material": "metal",
      "color": "green",
      "3d_coords": [
        1.234591007232666,
        -0.1052134558558464,
        0.3499999940395355
      ],
      "shape": "cylinder",
      "pixel_coords": [
        185,
        126,
        10.216901779174805
      ],
      "size": "small"
    },
    {
      "rotation": 90.95423110518288,
      "material": "metal",
      "color": "green",
      "3d_coords": [
        -2.1588525772094727,
        1.9687443971633911,
        0.699999988079071
      ],
      "shape": "cube",
      "pixel_coords": [
        162,
        68,
        13.502944946289062
      ],
      "size": "large"
    },
    {
      "rotation": 71.94174178784462,
      "material": "rubber",
      "color": "brown",
      "3d_coords": [
        0.19387339055538177,
        2.9476871490478516,
        0.699999988079071
      ],
      "shape": "cylinder",
      "pixel_coords": [
        226,
        79,
        12.505899429321289
      ],
      "size": "large"
    },
    {
      "rotation": 37.92644918415385,
      "material": "metal",
      "color": "brown",
      "3d_coords": [
        2.628845453262329,
        -2.964944839477539,
        0.3499999940395355
      ],
      "shape": "sphere",
      "pixel_coords": [
        137,
        191,
        7.638650894165039
      ],
      "size": "small"
    },
    {
      "rotation": 163.8373563100248,
      "material": "metal",
      "color": "red",
      "3d_coords": [
        2.406054735183716,
        0.47369852662086487,
        0.699999988079071
      ],
      "shape": "sphere",
      "pixel_coords": [
        231,
        124,
        9.60726261138916
      ],
      "size": "large"
    },
    {
      "rotation": 158.34552608363848,
      "material": "metal",
      "color": "cyan",
      "3d_coords": [
        -2.7132022380828857,
        -1.6943508386611938,
        0.3499999940395355
      ],
      "shape": "sphere",
      "pixel_coords": [
        70,
        98,
        11.920816421508789
      ],
      "size": "small"
    }
  ]
}