{
  "image_index": 116,
  "split": "new",
  "relationships": {
    "left": [
      [
        1,
        3,
        5,
        6,
        7,
        8
      ],
      [
        3,
        6,
        7,
        8
      ],
      [
        0,
        1,
        3,
        5,
        6,
        7,
        8
      ],
      [
        7,
        8
      ],
      [
        0,
        1,
        2,
        3,
        5,
        6,
        7,
        8
      ],
      [
        1,
        3,
        6,
        7,
        8
      ],
      [
        3,
        7,
        8
      ],
      [],
      [
        7
      ]
    ],
    "front": [
      [
        2,
        4,
        5,
        6,
        7,
        8
      ],
      [
        0,
        2,
        3,
        4,
        5,
        6,
        7,
        8
      ],
      [
        5,
        6,
        8
      ],
      [
        0,
        2,
        4,
        5,
        6,
        7,
        8
      ],
      [
        2,
        5,
        6,
        8
      ],
      [],
      [
        5,
        8
      ],
      [
        2,
        4,
        5,
        6,
        8
      ],
      [
        5
      ]
    ],
    "behind": [
      [
        1,
        3
      ],
      [],
      [
        0,
        1,
        3,
        4,
        7
      ],
      [
        1
      ],
      [
        0,
        1,
        3,
        7
      ],
      [
        0,
        1,
        2,
        3,
        4,
        6,
        7,
        8
      ],
      [
        0,
        1,
        2,
        3,
        4,
        7
      ],
      [
        0,
        1,
        3
      ],
      [
        0,
        1,
        2,
        3,
        4,
        6,
        7
      ]
    ],
    "right": [
      [
        2,
        4
      ],
      [
        0,
        2,
        4,
        5
      ],
      [
        4
      ],
      [
        0,
        1,
        2,
        4,
        5,
        6
      ],
      [],
      [
        0,
        2,
        4
      ],
      [
        0,
        1,
        2,
        4,
        5
      ],
      [
        0,
        1,
        2,
        3,
        4,
        5,
        6,
        8
      ],
      [
        0,
        1,
        2,
        3,
        4,
        5,
        6
      ]
    ]
  },
  "directions": {
    "left": [
      -0.6563112735748291,
      -0.7544902563095093,
      0.0
    ],
    "behind": [
      -0.754490315914154,
      0.6563112735748291,
      0.0
    ],
    "below": [
      -0.0,
      -0.0,
      -1.0
    ],
    "front": [
      0.754490315914154,
      -0.6563112735748291,
      -0.0
    ],
    "above": [
      0.0,
      0.0,
      1.0
    ],
    "right": [
      0.6563112735748291,
      0.7544902563095093,
      -0.0
    ]
  },
  "image_filename": "CLEVR_new_000116",
  "objects": [
    {
      "rotation": 201.6140991672213,
      "material": "metal",
      "color": "blue",
      "3d_coords": [
        0.007420883513987064,
        1.7562963962554932,
        0.699999988079071
      ],
      "shape": "sphere",
      "pixel_coords": [
        199,
        86,
        11.94140911102295
      ],
      "size": "large"
    },
    {
      "rotation": 206.97346035268825,
      "material": "rubber",
      "color": "brown",
      "3d_coords": [
        -1.9419533014297485,
        1.679652452468872,
        0.3499999940395355
      ],
      "shape": "cylinder",
      "pixel_coords": [
        160,
        80,
        13.357906341552734
      ],
      "size": "small"
    },
    {
      "rotation": 251.61978482158213,
      "material": "metal",
      "color": "blue",
      "3d_coords": [
        1.6965118646621704,
        1.0554001331329346,
        0.3499999940395355
      ],
      "shape": "cube",
      "pixel_coords": [
        223,
        119,
        10.580650329589844
      ],
      "size": "small"
    },
    {
      "rotation": 336.1774748842007,
      "material": "rubber",
      "color": "purple",
      "3d_coords": [
        -2.3200173377990723,
        0.23850229382514954,
        0.3499999940395355
      ],
      "shape": "cylinder",
      "pixel_coords": [
        123,
        87,
        12.776381492614746
      ],
      "size": "small"
    },
    {
      "rotation": 22.021572349538904,
      "material": "rubber",
      "color": "green",
      "3d_coords": [
        2.001230478286743,
        2.120734214782715,
        0.3499999940395355
      ],
      "shape": "cube",
      "pixel_coords": [
        253,
        112,
        10.99376106262207
      ],
      "size": "small"
    },
    {
      "rotation": 265.0473409288714,
      "material": "rubber",
      "color": "yellow",
      "3d_coords": [
        2.523818254470825,
        -1.1388025283813477,
        0.3499999940395355
      ],
      "shape": "cylinder",
      "pixel_coords": [
        192,
        158,
        8.76346492767334
      ],
      "size": "small"
    },
    {
      "rotation": 359.5453070562794,
      "material": "rubber",
      "color": "brown",
      "3d_coords": [
        0.5869275331497192,
        -1.598776936531067,
        0.3499999940395355
      ],
      "shape": "cylinder",
      "pixel_coords": [
        131,
        134,
        9.784156799316406
      ],
      "size": "small"
    },
    {
      "rotation": 232.0131306595666,
      "material": "metal",
      "color": "purple",
      "3d_coords": [
        -1.8353962898254395,
        -1.6379941701889038,
        0.699999988079071
      ],
      "shape": "cylinder",
      "pixel_coords": [
        84,
        96,
        11.20431137084961
      ],
      "size": "large"
    },
    {
      "rotation": 349.1662475382955,
      "material": "metal",
      "color": "cyan",
      "3d_coords": [
        0.3094595968723297,
        -2.807103157043457,
        0.3499999940395355
      ],
      "shape": "cube",
      "pixel_coords": [
        88,
        146,
        9.270332336425781
      ],
      "size": "small"
    }
  ]
}