{
  "image_index": 106,
  "split": "new",
  "relationships": {
    "left": [
      [
        1,
        2,
        3,
        5,
        6,
        7
      ],
      [
        3,
        5
      ],
      [
        1,
        3,
        5
      ],
      [
        5
      ],
      [
        0,
        1,
        2,
        3,
        5,
        6,
        7,
        8
      ],
      [],
      [
        1,
        2,
        3,
        5
      ],
      [
        1,
        2,
        3,
        5,
        6
      ],
      [
        0,
        1,
        2,
        3,
        5,
        6,
        7
      ]
    ],
    "front": [
      [
        1,
        3,
        6
      ],
      [
        3,
        6
      ],
      [
        0,
        1,
        3,
        4,
        5,
        6,
        8
      ],
      [
        6
      ],
      [
        0,
        1,
        3,
        6
      ],
      [
        0,
        1,
        3,
        4,
        6
      ],
      [],
      [
        0,
        1,
        2,
        3,
        4,
        5,
        6,
        8
      ],
      [
        0,
        1,
        3,
        4,
        5,
        6
      ]
    ],
    "behind": [
      [
        2,
        4,
        5,
        7,
        8
      ],
      [
        0,
        2,
        4,
        5,
        7,
        8
      ],
      [
        7
      ],
      [
        0,
        1,
        2,
        4,
        5,
        7,
        8
      ],
      [
        2,
        5,
        7,
        8
      ],
      [
        2,
        7,
        8
      ],
      [
        0,
        1,
        2,
        3,
        4,
        5,
        7,
        8
      ],
      [],
      [
        2,
        7
      ]
    ],
    "right": [
      [
        4,
        8
      ],
      [
        0,
        2,
        4,
        6,
        7,
        8
      ],
      [
        0,
        4,
        6,
        7,
        8
      ],
      [
        0,
        1,
        2,
        4,
        6,
        7,
        8
      ],
      [],
      [
        0,
        1,
        2,
        3,
        4,
        6,
        7,
        8
      ],
      [
        0,
        4,
        7,
        8
      ],
      [
        0,
        4,
        8
      ],
      [
        4
      ]
    ]
  },
  "directions": {
    "left": [
      -0.6563112735748291,
      -0.7544902563095093,
      0.0
    ],
    "behind": [
      -0.754490315914154,
      0.6563112735748291,
      0.0
    ],
    "below": [
      -0.0,
      -0.0,
      -1.0
    ],
    "front": [
      0.754490315914154,
      -0.6563112735748291,
      -0.0
    ],
    "above": [
      0.0,
      0.0,
      1.0
    ],
    "right": [
      0.6563112735748291,
      0.7544902563095093,
      -0.0
    ]
  },
  "image_filename": "CLEVR_new_000106",
  "objects": [
    {
      "rotation": 183.85865292982038,
      "material": "rubber",
      "color": "purple",
      "3d_coords": [
        1.6894340515136719,
        1.2720669507980347,
        0.699999988079071
      ],
      "shape": "cylinder",
      "pixel_coords": [
        229,
        106,
        10.544486045837402
      ],
      "size": "large"
    },
    {
      "rotation": 247.20534025208113,
      "material": "rubber",
      "color": "yellow",
      "3d_coords": [
        0.5299491286277771,
        -1.39805006980896,
        0.699999988079071
      ],
      "shape": "cube",
      "pixel_coords": [
        135,
        120,
        9.771925926208496
      ],
      "size": "large"
    },
    {
      "rotation": 358.6248779021634,
      "material": "rubber",
      "color": "cyan",
      "3d_coords": [
        -1.5132085084915161,
        1.1579961776733398,
        0.699999988079071
      ],
      "shape": "sphere",
      "pixel_coords": [
        157,
        78,
        12.60571002960205
      ],
      "size": "large"
    },
    {
      "rotation": 264.41029903817247,
      "material": "metal",
      "color": "green",
      "3d_coords": [
        0.19814307987689972,
        -2.9557926654815674,
        0.3499999940395355
      ],
      "shape": "sphere",
      "pixel_coords": [
        81,
        146,
        9.258360862731934
      ],
      "size": "small"
    },
    {
      "rotation": 260.08052035207896,
      "material": "metal",
      "color": "green",
      "3d_coords": [
        2.058098316192627,
        2.916947603225708,
        0.3499999940395355
      ],
      "shape": "sphere",
      "pixel_coords": [
        269,
        105,
        11.41600513458252
      ],
      "size": "small"
    },
    {
      "rotation": 186.2908937116032,
      "material": "rubber",
      "color": "red",
      "3d_coords": [
        -2.4326088428497314,
        -1.4139153957366943,
        0.699999988079071
      ],
      "shape": "cylinder",
      "pixel_coords": [
        81,
        89,
        11.730429649353027
      ],
      "size": "large"
    },
    {
      "rotation": 260.8765258949752,
      "material": "metal",
      "color": "gray",
      "3d_coords": [
        2.68552303314209,
        -1.3567665815353394,
        0.699999988079071
      ],
      "shape": "cylinder",
      "pixel_coords": [
        191,
        152,
        8.364089965820312
      ],
      "size": "large"
    },
    {
      "rotation": 116.55414225285388,
      "material": "metal",
      "color": "yellow",
      "3d_coords": [
        -1.5774112939834595,
        2.9539690017700195,
        0.699999988079071
      ],
      "shape": "cylinder",
      "pixel_coords": [
        191,
        66,
        13.685979843139648
      ],
      "size": "large"
    },
    {
      "rotation": 98.36706469102607,
      "material": "rubber",
      "color": "cyan",
      "3d_coords": [
        0.6172247529029846,
        2.7919416427612305,
        0.699999988079071
      ],
      "shape": "cylinder",
      "pixel_coords": [
        232,
        84,
        12.134736061096191
      ],
      "size": "large"
    }
  ]
}