{
  "image_index": 119,
  "split": "new",
  "relationships": {
    "left": [
      [
        1,
        2,
        4,
        6,
        7
      ],
      [
        4,
        7
      ],
      [
        1,
        4,
        7
      ],
      [
        0,
        1,
        2,
        4,
        5,
        6,
        7
      ],
      [],
      [
        0,
        1,
        2,
        4,
        6,
        7
      ],
      [
        1,
        2,
        4,
        7
      ],
      [
        4
      ]
    ],
    "front": [
      [
        2,
        3,
        4,
        5,
        6,
        7
      ],
      [
        0,
        2,
        3,
        4,
        5,
        6,
        7
      ],
      [
        5,
        6
      ],
      [
        2,
        4,
        5,
        6,
        7
      ],
      [
        2,
        5,
        6
      ],
      [
        6
      ],
      [],
      [
        2,
        4,
        5,
        6
      ]
    ],
    "behind": [
      [
        1
      ],
      [],
      [
        0,
        1,
        3,
        4,
        7
      ],
      [
        0,
        1
      ],
      [
        0,
        1,
        3,
        7
      ],
      [
        0,
        1,
        2,
        3,
        4,
        7
      ],
      [
        0,
        1,
        2,
        3,
        4,
        5,
        7
      ],
      [
        0,
        1,
        3
      ]
    ],
    "right": [
      [
        3,
        5
      ],
      [
        0,
        2,
        3,
        5,
        6
      ],
      [
        0,
        3,
        5,
        6
      ],
      [],
      [
        0,
        1,
        2,
        3,
        5,
        6,
        7
      ],
      [
        3
      ],
      [
        0,
        3,
        5
      ],
      [
        0,
        1,
        2,
        3,
        5,
        6
      ]
    ]
  },
  "directions": {
    "left": [
      -0.6563112735748291,
      -0.7544902563095093,
      0.0
    ],
    "behind": [
      -0.754490315914154,
      0.6563112735748291,
      0.0
    ],
    "below": [
      -0.0,
      -0.0,
      -1.0
    ],
    "front": [
      0.754490315914154,
      -0.6563112735748291,
      -0.0
    ],
    "above": [
      0.0,
      0.0,
      1.0
    ],
    "right": [
      0.6563112735748291,
      0.7544902563095093,
      -0.0
    ]
  },
  "image_filename": "CLEVR_new_000119",
  "objects": [
    {
      "rotation": 286.3855137316733,
      "material": "rubber",
      "color": "cyan",
      "3d_coords": [
        -0.7263982892036438,
        1.8046958446502686,
        0.699999988079071
      ],
      "shape": "sphere",
      "pixel_coords": [
        185,
        80,
        12.456759452819824
      ],
      "size": "large"
    },
    {
      "rotation": 269.22046001331444,
      "material": "rubber",
      "color": "red",
      "3d_coords": [
        -2.9136104583740234,
        0.5903823971748352,
        0.3499999940395355
      ],
      "shape": "cylinder",
      "pixel_coords": [
        122,
        80,
        13.373932838439941
      ],
      "size": "small"
    },
    {
      "rotation": 164.36273850620455,
      "material": "metal",
      "color": "gray",
      "3d_coords": [
        0.3504240810871124,
        -0.8970308899879456,
        0.3499999940395355
      ],
      "shape": "cube",
      "pixel_coords": [
        145,
        123,
        10.346673011779785
      ],
      "size": "small"
    },
    {
      "rotation": 43.01708252202873,
      "material": "rubber",
      "color": "cyan",
      "3d_coords": [
        0.4892613887786865,
        2.370281219482422,
        0.3499999940395355
      ],
      "shape": "cube",
      "pixel_coords": [
        221,
        95,
        12.142156600952148
      ],
      "size": "small"
    },
    {
      "rotation": 319.76982479899095,
      "material": "metal",
      "color": "purple",
      "3d_coords": [
        -2.2781453132629395,
        -2.740201473236084,
        0.699999988079071
      ],
      "shape": "sphere",
      "pixel_coords": [
        45,
        101,
        10.861573219299316
      ],
      "size": "large"
    },
    {
      "rotation": 215.02610896789838,
      "material": "metal",
      "color": "cyan",
      "3d_coords": [
        2.3258566856384277,
        0.16385965049266815,
        0.3499999940395355
      ],
      "shape": "cube",
      "pixel_coords": [
        220,
        137,
        9.647562980651855
      ],
      "size": "small"
    },
    {
      "rotation": 147.7850511224196,
      "material": "rubber",
      "color": "cyan",
      "3d_coords": [
        2.66489839553833,
        -2.2383134365081787,
        0.699999988079071
      ],
      "shape": "cylinder",
      "pixel_coords": [
        163,
        166,
        7.868473052978516
      ],
      "size": "large"
    },
    {
      "rotation": 350.20807871656973,
      "material": "rubber",
      "color": "cyan",
      "3d_coords": [
        -2.188856601715088,
        -1.325234293937683,
        0.3499999940395355
      ],
      "shape": "sphere",
      "pixel_coords": [
        88,
        100,
        11.785815238952637
      ],
      "size": "small"
    }
  ]
}