{
  "image_index": 28,
  "split": "new",
  "relationships": {
    "left": [
      [
        3,
        4,
        5,
        6
      ],
      [
        0,
        2,
        3,
        4,
        5,
        6,
        7
      ],
      [
        0,
        3,
        4,
        5,
        6
      ],
      [],
      [
        3
      ],
      [
        3,
        4
      ],
      [
        3,
        4,
        5
      ],
      [
        0,
        2,
        3,
        4,
        5,
        6
      ]
    ],
    "front": [
      [
        2
      ],
      [
        0,
        2,
        3,
        6
      ],
      [],
      [
        0,
        2
      ],
      [
        0,
        1,
        2,
        3,
        6
      ],
      [
        0,
        1,
        2,
        3,
        4,
        6,
        7
      ],
      [
        0,
        2,
        3
      ],
      [
        0,
        1,
        2,
        3,
        4,
        6
      ]
    ],
    "behind": [
      [
        1,
        3,
        4,
        5,
        6,
        7
      ],
      [
        4,
        5,
        7
      ],
      [
        0,
        1,
        3,
        4,
        5,
        6,
        7
      ],
      [
        1,
        4,
        5,
        6,
        7
      ],
      [
        5,
        7
      ],
      [],
      [
        1,
        4,
        5,
        7
      ],
      [
        5
      ]
    ],
    "right": [
      [
        1,
        2,
        7
      ],
      [],
      [
        1,
        7
      ],
      [
        0,
        1,
        2,
        4,
        5,
        6,
        7
      ],
      [
        0,
        1,
        2,
        5,
        6,
        7
      ],
      [
        0,
        1,
        2,
        6,
        7
      ],
      [
        0,
        1,
        2,
        7
      ],
      [
        1
      ]
    ]
  },
  "directions": {
    "left": [
      -0.6563112735748291,
      -0.7544902563095093,
      0.0
    ],
    "behind": [
      -0.754490315914154,
      0.6563112735748291,
      0.0
    ],
    "below": [
      -0.0,
      -0.0,
      -1.0
    ],
    "front": [
      0.754490315914154,
      -0.6563112735748291,
      -0.0
    ],
    "above": [
      0.0,
      0.0,
      1.0
    ],
    "right": [
      0.6563112735748291,
      0.7544902563095093,
      -0.0
    ]
  },
  "image_filename": "CLEVR_new_000028",
  "objects": [
    {
      "rotation": 273.38271419750805,
      "material": "rubber",
      "color": "red",
      "3d_coords": [
        1.7102115154266357,
        -0.8715526461601257,
        0.3499999940395355
      ],
      "shape": "cylinder",
      "pixel_coords": [
        177,
        141,
        9.458250045776367
      ],
      "size": "small"
    },
    {
      "rotation": 81.18794804791516,
      "material": "metal",
      "color": "brown",
      "3d_coords": [
        1.431437611579895,
        2.3576889038085938,
        0.3499999940395355
      ],
      "shape": "cube",
      "pixel_coords": [
        243,
        104,
        11.50910758972168
      ],
      "size": "small"
    },
    {
      "rotation": 164.62792576995687,
      "material": "metal",
      "color": "yellow",
      "3d_coords": [
        2.780292272567749,
        -0.8517286777496338,
        0.3499999940395355
      ],
      "shape": "cube",
      "pixel_coords": [
        207,
        158,
        8.758977890014648
      ],
      "size": "small"
    },
    {
      "rotation": 249.4981426797715,
      "material": "metal",
      "color": "red",
      "3d_coords": [
        -1.294257640838623,
        -2.688246011734009,
        0.3499999940395355
      ],
      "shape": "sphere",
      "pixel_coords": [
        63,
        122,
        10.404157638549805
      ],
      "size": "small"
    },
    {
      "rotation": 310.33073053596456,
      "material": "metal",
      "color": "blue",
      "3d_coords": [
        -2.0592827796936035,
        -0.4553767740726471,
        0.699999988079071
      ],
      "shape": "cylinder",
      "pixel_coords": [
        111,
        85,
        12.036272048950195
      ],
      "size": "large"
    },
    {
      "rotation": 206.1311869087893,
      "material": "rubber",
      "color": "blue",
      "3d_coords": [
        -2.715503215789795,
        1.606136441230774,
        0.3499999940395355
      ],
      "shape": "sphere",
      "pixel_coords": [
        146,
        75,
        13.829208374023438
      ],
      "size": "small"
    },
    {
      "rotation": 340.27272156543205,
      "material": "metal",
      "color": "red",
      "3d_coords": [
        0.1295762062072754,
        -0.07546263188123703,
        0.699999988079071
      ],
      "shape": "sphere",
      "pixel_coords": [
        161,
        102,
        10.801973342895508
      ],
      "size": "large"
    },
    {
      "rotation": 281.8189113968134,
      "material": "metal",
      "color": "gray",
      "3d_coords": [
        0.09035829454660416,
        2.639373779296875,
        0.699999988079071
      ],
      "shape": "cylinder",
      "pixel_coords": [
        218,
        80,
        12.396523475646973
      ],
      "size": "large"
    }
  ]
}