{
  "image_index": 294,
  "split": "new",
  "relationships": {
    "left": [
      [
        1,
        2,
        3,
        6
      ],
      [
        2
      ],
      [],
      [
        1,
        2
      ],
      [
        0,
        1,
        2,
        3,
        6
      ],
      [
        0,
        1,
        2,
        3,
        4,
        6
      ],
      [
        1,
        2,
        3
      ],
      [
        0,
        1,
        2,
        3,
        4,
        5,
        6
      ]
    ],
    "front": [
      [
        1,
        2,
        4,
        5,
        6,
        7
      ],
      [],
      [
        1,
        4,
        6
      ],
      [
        0,
        1,
        2,
        4,
        5,
        6,
        7
      ],
      [
        1
      ],
      [
        1,
        2,
        4,
        6,
        7
      ],
      [
        1,
        4
      ],
      [
        1,
        2,
        4,
        6
      ]
    ],
    "behind": [
      [
        3
      ],
      [
        0,
        2,
        3,
        4,
        5,
        6,
        7
      ],
      [
        0,
        3,
        5,
        7
      ],
      [],
      [
        0,
        2,
        3,
        5,
        6,
        7
      ],
      [
        0,
        3
      ],
      [
        0,
        2,
        3,
        5,
        7
      ],
      [
        0,
        3,
        5
      ]
    ],
    "right": [
      [
        4,
        5,
        7
      ],
      [
        0,
        3,
        4,
        5,
        6,
        7
      ],
      [
        0,
        1,
        3,
        4,
        5,
        6,
        7
      ],
      [
        0,
        4,
        5,
        6,
        7
      ],
      [
        5,
        7
      ],
      [
        7
      ],
      [
        0,
        4,
        5,
        7
      ],
      []
    ]
  },
  "directions": {
    "left": [
      -0.6563112735748291,
      -0.7544902563095093,
      0.0
    ],
    "behind": [
      -0.754490315914154,
      0.6563112735748291,
      0.0
    ],
    "below": [
      -0.0,
      -0.0,
      -1.0
    ],
    "front": [
      0.754490315914154,
      -0.6563112735748291,
      -0.0
    ],
    "above": [
      0.0,
      0.0,
      1.0
    ],
    "right": [
      0.6563112735748291,
      0.7544902563095093,
      -0.0
    ]
  },
  "image_filename": "CLEVR_new_000294",
  "objects": [
    {
      "rotation": 99.73257094838193,
      "material": "rubber",
      "color": "red",
      "3d_coords": [
        -1.6683003902435303,
        0.7969234585762024,
        0.3499999940395355
      ],
      "shape": "cylinder",
      "pixel_coords": [
        146,
        88,
        12.666152954101562
      ],
      "size": "small"
    },
    {
      "rotation": 202.7104016824019,
      "material": "metal",
      "color": "brown",
      "3d_coords": [
        0.34665459394454956,
        -2.955305576324463,
        0.3499999940395355
      ],
      "shape": "cube",
      "pixel_coords": [
        83,
        148,
        9.160003662109375
      ],
      "size": "small"
    },
    {
      "rotation": 132.25522451550447,
      "material": "metal",
      "color": "purple",
      "3d_coords": [
        -1.2125658988952637,
        -2.318734645843506,
        0.699999988079071
      ],
      "shape": "cylinder",
      "pixel_coords": [
        74,
        109,
        10.397340774536133
      ],
      "size": "large"
    },
    {
      "rotation": 112.22114404914615,
      "material": "rubber",
      "color": "red",
      "3d_coords": [
        -2.659712791442871,
        0.4683094918727875,
        0.3499999940395355
      ],
      "shape": "sphere",
      "pixel_coords": [
        123,
        83,
        13.134771347045898
      ],
      "size": "small"
    },
    {
      "rotation": 330.9946956984339,
      "material": "rubber",
      "color": "yellow",
      "3d_coords": [
        1.4663594961166382,
        -0.77815842628479,
        0.699999988079071
      ],
      "shape": "cylinder",
      "pixel_coords": [
        174,
        126,
        9.508125305175781
      ],
      "size": "large"
    },
    {
      "rotation": 30.713779607851844,
      "material": "metal",
      "color": "cyan",
      "3d_coords": [
        0.3668726682662964,
        1.8603302240371704,
        0.699999988079071
      ],
      "shape": "cube",
      "pixel_coords": [
        209,
        88,
        11.762774467468262
      ],
      "size": "large"
    },
    {
      "rotation": 328.1863296177594,
      "material": "rubber",
      "color": "green",
      "3d_coords": [
        0.2675357758998871,
        -1.4324532747268677,
        0.3499999940395355
      ],
      "shape": "sphere",
      "pixel_coords": [
        129,
        128,
        10.092384338378906
      ],
      "size": "small"
    },
    {
      "rotation": 91.82893699244335,
      "material": "metal",
      "color": "purple",
      "3d_coords": [
        1.6889559030532837,
        2.0959858894348145,
        0.3499999940395355
      ],
      "shape": "sphere",
      "pixel_coords": [
        244,
        109,
        11.186869621276855
      ],
      "size": "small"
    }
  ]
}