{
  "image_index": 56,
  "split": "new",
  "relationships": {
    "left": [
      [
        1,
        2
      ],
      [
        2
      ],
      [],
      [
        0,
        1,
        2,
        4,
        5,
        6,
        8
      ],
      [
        0,
        1,
        2,
        6,
        8
      ],
      [
        0,
        1,
        2,
        4,
        6,
        8
      ],
      [
        0,
        1,
        2
      ],
      [
        0,
        1,
        2,
        3,
        4,
        5,
        6,
        8
      ],
      [
        0,
        1,
        2,
        6
      ]
    ],
    "front": [
      [
        4
      ],
      [
        0,
        2,
        3,
        4,
        7,
        8
      ],
      [
        0,
        4,
        8
      ],
      [
        0,
        2,
        4,
        8
      ],
      [],
      [
        0,
        1,
        2,
        3,
        4,
        7,
        8
      ],
      [
        0,
        1,
        2,
        3,
        4,
        5,
        7,
        8
      ],
      [
        0,
        2,
        3,
        4,
        8
      ],
      [
        0,
        4
      ]
    ],
    "behind": [
      [
        1,
        2,
        3,
        5,
        6,
        7,
        8
      ],
      [
        5,
        6
      ],
      [
        1,
        3,
        5,
        6,
        7
      ],
      [
        1,
        5,
        6,
        7
      ],
      [
        0,
        1,
        2,
        3,
        5,
        6,
        7,
        8
      ],
      [
        6
      ],
      [],
      [
        1,
        5,
        6
      ],
      [
        1,
        2,
        3,
        5,
        6,
        7
      ]
    ],
    "right": [
      [
        3,
        4,
        5,
        6,
        7,
        8
      ],
      [
        0,
        3,
        4,
        5,
        6,
        7,
        8
      ],
      [
        0,
        1,
        3,
        4,
        5,
        6,
        7,
        8
      ],
      [
        7
      ],
      [
        3,
        5,
        7
      ],
      [
        3,
        7
      ],
      [
        3,
        4,
        5,
        7,
        8
      ],
      [],
      [
        3,
        4,
        5,
        7
      ]
    ]
  },
  "directions": {
    "left": [
      -0.6563112735748291,
      -0.7544902563095093,
      0.0
    ],
    "behind": [
      -0.754490315914154,
      0.6563112735748291,
      0.0
    ],
    "below": [
      -0.0,
      -0.0,
      -1.0
    ],
    "front": [
      0.754490315914154,
      -0.6563112735748291,
      -0.0
    ],
    "above": [
      0.0,
      0.0,
      1.0
    ],
    "right": [
      0.6563112735748291,
      0.7544902563095093,
      -0.0
    ]
  },
  "image_filename": "CLEVR_new_000056",
  "objects": [
    {
      "rotation": 265.32154723760993,
      "material": "rubber",
      "color": "brown",
      "3d_coords": [
        0.4851662218570709,
        -2.383531332015991,
        0.699999988079071
      ],
      "shape": "cube",
      "pixel_coords": [
        104,
        131,
        9.232306480407715
      ],
      "size": "large"
    },
    {
      "rotation": 199.00993503518572,
      "material": "metal",
      "color": "red",
      "3d_coords": [
        -2.7300736904144287,
        -0.6139194369316101,
        0.3499999940395355
      ],
      "shape": "cylinder",
      "pixel_coords": [
        97,
        90,
        12.556243896484375
      ],
      "size": "small"
    },
    {
      "rotation": 103.69166724398886,
      "material": "rubber",
      "color": "blue",
      "3d_coords": [
        -1.987056016921997,
        -2.926968574523926,
        0.699999988079071
      ],
      "shape": "sphere",
      "pixel_coords": [
        44,
        106,
        10.560333251953125
      ],
      "size": "large"
    },
    {
      "rotation": 146.96080816276617,
      "material": "metal",
      "color": "gray",
      "3d_coords": [
        1.1292753219604492,
        1.384137749671936,
        0.3499999940395355
      ],
      "shape": "cylinder",
      "pixel_coords": [
        216,
        109,
        11.14732551574707
      ],
      "size": "small"
    },
    {
      "rotation": 127.86528012600182,
      "material": "rubber",
      "color": "yellow",
      "3d_coords": [
        2.292511224746704,
        -1.3832839727401733,
        0.699999988079071
      ],
      "shape": "sphere",
      "pixel_coords": [
        179,
        146,
        8.609800338745117
      ],
      "size": "large"
    },
    {
      "rotation": 108.7391801576672,
      "material": "rubber",
      "color": "blue",
      "3d_coords": [
        -0.8374781608581543,
        2.218245029449463,
        0.699999988079071
      ],
      "shape": "cylinder",
      "pixel_coords": [
        191,
        76,
        12.769465446472168
      ],
      "size": "large"
    },
    {
      "rotation": 291.46705932058586,
      "material": "rubber",
      "color": "cyan",
      "3d_coords": [
        -2.5316925048828125,
        1.0773729085922241,
        0.699999988079071
      ],
      "shape": "cube",
      "pixel_coords": [
        138,
        71,
        13.235586166381836
      ],
      "size": "large"
    },
    {
      "rotation": 294.23710728171045,
      "material": "metal",
      "color": "blue",
      "3d_coords": [
        1.6066299676895142,
        2.950416088104248,
        0.3499999940395355
      ],
      "shape": "cube",
      "pixel_coords": [
        258,
        101,
        11.735197067260742
      ],
      "size": "small"
    },
    {
      "rotation": 152.57464898036253,
      "material": "metal",
      "color": "yellow",
      "3d_coords": [
        0.48383384943008423,
        -0.9887282848358154,
        0.3499999940395355
      ],
      "shape": "cylinder",
      "pixel_coords": [
        145,
        126,
        10.205086708068848
      ],
      "size": "small"
    }
  ]
}