{
  "image_index": 32,
  "split": "new",
  "relationships": {
    "left": [
      [
        3,
        5
      ],
      [
        0,
        2,
        3,
        4,
        5
      ],
      [
        0,
        3,
        5
      ],
      [
        5
      ],
      [
        0,
        2,
        3,
        5
      ],
      [],
      [
        0,
        1,
        2,
        3,
        4,
        5
      ]
    ],
    "front": [
      [
        4
      ],
      [
        0,
        4,
        5,
        6
      ],
      [
        0,
        1,
        3,
        4,
        5,
        6
      ],
      [
        0,
        1,
        4,
        5,
        6
      ],
      [],
      [
        0,
        4,
        6
      ],
      [
        0,
        4
      ]
    ],
    "behind": [
      [
        1,
        2,
        3,
        5,
        6
      ],
      [
        2,
        3
      ],
      [],
      [
        2
      ],
      [
        0,
        1,
        2,
        3,
        5,
        6
      ],
      [
        1,
        2,
        3
      ],
      [
        1,
        2,
        3,
        5
      ]
    ],
    "right": [
      [
        1,
        2,
        4,
        6
      ],
      [
        6
      ],
      [
        1,
        4,
        6
      ],
      [
        0,
        1,
        2,
        4,
        6
      ],
      [
        1,
        6
      ],
      [
        0,
        1,
        2,
        3,
        4,
        6
      ],
      []
    ]
  },
  "directions": {
    "left": [
      -0.6563112735748291,
      -0.7544902563095093,
      0.0
    ],
    "behind": [
      -0.754490315914154,
      0.6563112735748291,
      0.0
    ],
    "below": [
      -0.0,
      -0.0,
      -1.0
    ],
    "front": [
      0.754490315914154,
      -0.6563112735748291,
      -0.0
    ],
    "above": [
      0.0,
      0.0,
      1.0
    ],
    "right": [
      0.6563112735748291,
      0.7544902563095093,
      -0.0
    ]
  },
  "image_filename": "CLEVR_new_000032",
  "objects": [
    {
      "rotation": 78.52633421826667,
      "material": "rubber",
      "color": "red",
      "3d_coords": [
        0.1566140204668045,
        -1.665644884109497,
        0.699999988079071
      ],
      "shape": "cube",
      "pixel_coords": [
        119,
        119,
        9.865283966064453
      ],
      "size": "large"
    },
    {
      "rotation": 133.39782582370762,
      "material": "metal",
      "color": "green",
      "3d_coords": [
        1.1600528955459595,
        2.3081235885620117,
        0.3499999940395355
      ],
      "shape": "cylinder",
      "pixel_coords": [
        235,
        102,
        11.66071891784668
      ],
      "size": "small"
    },
    {
      "rotation": 81.02689696884312,
      "material": "metal",
      "color": "cyan",
      "3d_coords": [
        -2.474776268005371,
        2.89620041847229,
        0.3499999940395355
      ],
      "shape": "cube",
      "pixel_coords": [
        174,
        69,
        14.41465950012207
      ],
      "size": "small"
    },
    {
      "rotation": 48.208844074239494,
      "material": "rubber",
      "color": "brown",
      "3d_coords": [
        -2.6237637996673584,
        -0.88812255859375,
        0.3499999940395355
      ],
      "shape": "cube",
      "pixel_coords": [
        92,
        92,
        12.327213287353516
      ],
      "size": "small"
    },
    {
      "rotation": 304.9495065517583,
      "material": "rubber",
      "color": "green",
      "3d_coords": [
        2.077768564224243,
        -0.47150498628616333,
        0.3499999940395355
      ],
      "shape": "cylinder",
      "pixel_coords": [
        197,
        142,
        9.4452543258667
      ],
      "size": "small"
    },
    {
      "rotation": 264.3989366453061,
      "material": "metal",
      "color": "brown",
      "3d_coords": [
        -2.327990770339966,
        -2.558128595352173,
        0.3499999940395355
      ],
      "shape": "cube",
      "pixel_coords": [
        52,
        109,
        11.16591739654541
      ],
      "size": "small"
    },
    {
      "rotation": 3.9587703506699246,
      "material": "rubber",
      "color": "brown",
      "3d_coords": [
        2.8926243782043457,
        2.3614158630371094,
        0.699999988079071
      ],
      "shape": "sphere",
      "pixel_coords": [
        284,
        109,
        10.374725341796875
      ],
      "size": "large"
    }
  ]
}