{
  "image_index": 313,
  "split": "new",
  "relationships": {
    "left": [
      [],
      [
        0,
        2,
        3,
        4,
        5,
        7,
        8
      ],
      [
        0,
        4,
        5,
        8
      ],
      [
        0,
        2,
        4,
        5,
        8
      ],
      [
        0,
        5
      ],
      [
        0
      ],
      [
        0,
        1,
        2,
        3,
        4,
        5,
        7,
        8
      ],
      [
        0,
        2,
        3,
        4,
        5,
        8
      ],
      [
        0,
        4,
        5
      ]
    ],
    "front": [
      [
        2,
        4,
        6,
        7
      ],
      [
        0,
        2,
        4,
        6,
        7
      ],
      [],
      [
        0,
        1,
        2,
        4,
        5,
        6,
        7,
        8
      ],
      [
        2
      ],
      [
        0,
        1,
        2,
        4,
        6,
        7
      ],
      [
        2,
        4
      ],
      [
        2,
        4,
        6
      ],
      [
        0,
        1,
        2,
        4,
        5,
        6,
        7
      ]
    ],
    "behind": [
      [
        1,
        3,
        5,
        8
      ],
      [
        3,
        5,
        8
      ],
      [
        0,
        1,
        3,
        4,
        5,
        6,
        7,
        8
      ],
      [],
      [
        0,
        1,
        3,
        5,
        6,
        7,
        8
      ],
      [
        3,
        8
      ],
      [
        0,
        1,
        3,
        5,
        7,
        8
      ],
      [
        0,
        1,
        3,
        5,
        8
      ],
      [
        3
      ]
    ],
    "right": [
      [
        1,
        2,
        3,
        4,
        5,
        6,
        7,
        8
      ],
      [
        6
      ],
      [
        1,
        3,
        6,
        7
      ],
      [
        1,
        6,
        7
      ],
      [
        1,
        2,
        3,
        6,
        7,
        8
      ],
      [
        1,
        2,
        3,
        4,
        6,
        7,
        8
      ],
      [],
      [
        1,
        6
      ],
      [
        1,
        2,
        3,
        6,
        7
      ]
    ]
  },
  "directions": {
    "left": [
      -0.6563112735748291,
      -0.7544902563095093,
      0.0
    ],
    "behind": [
      -0.754490315914154,
      0.6563112735748291,
      0.0
    ],
    "below": [
      -0.0,
      -0.0,
      -1.0
    ],
    "front": [
      0.754490315914154,
      -0.6563112735748291,
      -0.0
    ],
    "above": [
      0.0,
      0.0,
      1.0
    ],
    "right": [
      0.6563112735748291,
      0.7544902563095093,
      -0.0
    ]
  },
  "image_filename": "CLEVR_new_000313",
  "objects": [
    {
      "rotation": 40.2453148032387,
      "material": "rubber",
      "color": "yellow",
      "3d_coords": [
        -2.526770830154419,
        -2.2426364421844482,
        0.3499999940395355
      ],
      "shape": "cube",
      "pixel_coords": [
        58,
        104,
        11.480219841003418
      ],
      "size": "small"
    },
    {
      "rotation": 87.79756155089638,
      "material": "metal",
      "color": "purple",
      "3d_coords": [
        0.30214986205101013,
        2.6105473041534424,
        0.699999988079071
      ],
      "shape": "cube",
      "pixel_coords": [
        222,
        82,
        12.239201545715332
      ],
      "size": "large"
    },
    {
      "rotation": 136.3426509180724,
      "material": "rubber",
      "color": "cyan",
      "3d_coords": [
        2.915707588195801,
        -2.4730985164642334,
        0.699999988079071
      ],
      "shape": "cube",
      "pixel_coords": [
        162,
        175,
        7.5662431716918945
      ],
      "size": "large"
    },
    {
      "rotation": 18.309969312697987,
      "material": "rubber",
      "color": "red",
      "3d_coords": [
        -1.5655227899551392,
        2.9848363399505615,
        0.3499999940395355
      ],
      "shape": "cube",
      "pixel_coords": [
        191,
        75,
        13.86196231842041
      ],
      "size": "small"
    },
    {
      "rotation": 95.47818127593817,
      "material": "rubber",
      "color": "purple",
      "3d_coords": [
        1.096822738647461,
        -2.4775919914245605,
        0.3499999940395355
      ],
      "shape": "cube",
      "pixel_coords": [
        115,
        154,
        8.93775749206543
      ],
      "size": "small"
    },
    {
      "rotation": 215.8227418245431,
      "material": "metal",
      "color": "blue",
      "3d_coords": [
        -2.8083913326263428,
        0.2339639514684677,
        0.699999988079071
      ],
      "shape": "cube",
      "pixel_coords": [
        115,
        74,
        12.932082176208496
      ],
      "size": "large"
    },
    {
      "rotation": 321.3026983214823,
      "material": "metal",
      "color": "yellow",
      "3d_coords": [
        2.922321081161499,
        1.2795906066894531,
        0.3499999940395355
      ],
      "shape": "sphere",
      "pixel_coords": [
        262,
        132,
        9.89601993560791
      ],
      "size": "small"
    },
    {
      "rotation": 256.0361512226592,
      "material": "rubber",
      "color": "blue",
      "3d_coords": [
        1.3425179719924927,
        1.140560269355774,
        0.699999988079071
      ],
      "shape": "cube",
      "pixel_coords": [
        217,
        104,
        10.698922157287598
      ],
      "size": "large"
    },
    {
      "rotation": 181.87839367593537,
      "material": "metal",
      "color": "brown",
      "3d_coords": [
        -2.29028582572937,
        1.5129072666168213,
        0.3499999940395355
      ],
      "shape": "sphere",
      "pixel_coords": [
        151,
        79,
        13.492924690246582
      ],
      "size": "small"
    }
  ]
}