{
  "image_index": 71,
  "split": "new",
  "relationships": {
    "left": [
      [
        1,
        4,
        6
      ],
      [
        6
      ],
      [
        0,
        1,
        4,
        6,
        7
      ],
      [
        0,
        1,
        2,
        4,
        6,
        7
      ],
      [
        1,
        6
      ],
      [
        0,
        1,
        2,
        3,
        4,
        6,
        7
      ],
      [],
      [
        0,
        1,
        4,
        6
      ]
    ],
    "front": [
      [
        1,
        2,
        3
      ],
      [
        2
      ],
      [],
      [
        1,
        2
      ],
      [
        0,
        1,
        2,
        3,
        5,
        6
      ],
      [
        0,
        1,
        2,
        3,
        6
      ],
      [
        0,
        1,
        2,
        3
      ],
      [
        0,
        1,
        2,
        3,
        4,
        5,
        6
      ]
    ],
    "behind": [
      [
        4,
        5,
        6,
        7
      ],
      [
        0,
        3,
        4,
        5,
        6,
        7
      ],
      [
        0,
        1,
        3,
        4,
        5,
        6,
        7
      ],
      [
        0,
        4,
        5,
        6,
        7
      ],
      [
        7
      ],
      [
        4,
        7
      ],
      [
        4,
        5,
        7
      ],
      []
    ],
    "right": [
      [
        2,
        3,
        5,
        7
      ],
      [
        0,
        2,
        3,
        4,
        5,
        7
      ],
      [
        3,
        5
      ],
      [
        5
      ],
      [
        0,
        2,
        3,
        5,
        7
      ],
      [],
      [
        0,
        1,
        2,
        3,
        4,
        5,
        7
      ],
      [
        2,
        3,
        5
      ]
    ]
  },
  "directions": {
    "left": [
      -0.6563112735748291,
      -0.7544902563095093,
      0.0
    ],
    "behind": [
      -0.754490315914154,
      0.6563112735748291,
      0.0
    ],
    "below": [
      -0.0,
      -0.0,
      -1.0
    ],
    "front": [
      0.754490315914154,
      -0.6563112735748291,
      -0.0
    ],
    "above": [
      0.0,
      0.0,
      1.0
    ],
    "right": [
      0.6563112735748291,
      0.7544902563095093,
      -0.0
    ]
  },
  "image_filename": "CLEVR_new_000071",
  "objects": [
    {
      "rotation": 46.86165411494493,
      "material": "metal",
      "color": "green",
      "3d_coords": [
        -0.191335529088974,
        -0.8321384191513062,
        0.699999988079071
      ],
      "shape": "sphere",
      "pixel_coords": [
        135,
        106,
        10.5779447555542
      ],
      "size": "large"
    },
    {
      "rotation": 187.7649371096125,
      "material": "metal",
      "color": "purple",
      "3d_coords": [
        0.05860411748290062,
        -2.54740047454834,
        0.3499999940395355
      ],
      "shape": "sphere",
      "pixel_coords": [
        91,
        138,
        9.586989402770996
      ],
      "size": "small"
    },
    {
      "rotation": 248.0615301708118,
      "material": "rubber",
      "color": "purple",
      "3d_coords": [
        2.1994292736053467,
        -1.677250623703003,
        0.699999988079071
      ],
      "shape": "sphere",
      "pixel_coords": [
        167,
        149,
        8.50178337097168
      ],
      "size": "large"
    },
    {
      "rotation": 131.21281437913936,
      "material": "rubber",
      "color": "gray",
      "3d_coords": [
        1.3916903734207153,
        -0.01539669930934906,
        0.3499999940395355
      ],
      "shape": "sphere",
      "pixel_coords": [
        191,
        127,
        10.164451599121094
      ],
      "size": "small"
    },
    {
      "rotation": 141.46544999064716,
      "material": "metal",
      "color": "gray",
      "3d_coords": [
        -2.282118558883667,
        0.4422532618045807,
        0.3499999940395355
      ],
      "shape": "cube",
      "pixel_coords": [
        128,
        86,
        12.868927001953125
      ],
      "size": "small"
    },
    {
      "rotation": 240.17225930030435,
      "material": "rubber",
      "color": "green",
      "3d_coords": [
        0.5262554883956909,
        2.5007126331329346,
        0.3499999940395355
      ],
      "shape": "sphere",
      "pixel_coords": [
        224,
        94,
        12.19294261932373
      ],
      "size": "small"
    },
    {
      "rotation": 225.11191023077924,
      "material": "rubber",
      "color": "brown",
      "3d_coords": [
        -2.8827903270721436,
        -2.6240761280059814,
        0.699999988079071
      ],
      "shape": "cylinder",
      "pixel_coords": [
        40,
        94,
        11.330257415771484
      ],
      "size": "large"
    },
    {
      "rotation": 129.83989153332612,
      "material": "metal",
      "color": "red",
      "3d_coords": [
        -2.6973891258239746,
        2.037750720977783,
        0.699999988079071
      ],
      "shape": "sphere",
      "pixel_coords": [
        154,
        64,
        13.900498390197754
      ],
      "size": "large"
    }
  ]
}