{
  "image_index": 252,
  "split": "new",
  "relationships": {
    "left": [
      [
        1,
        5
      ],
      [
        5
      ],
      [
        0,
        1,
        3,
        4,
        5,
        6,
        7
      ],
      [
        0,
        1,
        4,
        5,
        6
      ],
      [
        0,
        1,
        5,
        6
      ],
      [],
      [
        0,
        1,
        5
      ],
      [
        0,
        1,
        3,
        4,
        5,
        6
      ]
    ],
    "front": [
      [
        1,
        2,
        4,
        5,
        6,
        7
      ],
      [
        2,
        4,
        5,
        6,
        7
      ],
      [
        4,
        5,
        7
      ],
      [
        0,
        1,
        2,
        4,
        5,
        6,
        7
      ],
      [],
      [
        4,
        7
      ],
      [
        2,
        4,
        5,
        7
      ],
      [
        4
      ]
    ],
    "behind": [
      [
        3
      ],
      [
        0,
        3
      ],
      [
        0,
        1,
        3,
        6
      ],
      [],
      [
        0,
        1,
        2,
        3,
        5,
        6,
        7
      ],
      [
        0,
        1,
        2,
        3,
        6
      ],
      [
        0,
        1,
        3
      ],
      [
        0,
        1,
        2,
        3,
        5,
        6
      ]
    ],
    "right": [
      [
        2,
        3,
        4,
        6,
        7
      ],
      [
        0,
        2,
        3,
        4,
        6,
        7
      ],
      [],
      [
        2,
        7
      ],
      [
        2,
        3,
        7
      ],
      [
        0,
        1,
        2,
        3,
        4,
        6,
        7
      ],
      [
        2,
        3,
        4,
        7
      ],
      [
        2
      ]
    ]
  },
  "directions": {
    "left": [
      -0.6563112735748291,
      -0.7544902563095093,
      0.0
    ],
    "behind": [
      -0.754490315914154,
      0.6563112735748291,
      0.0
    ],
    "below": [
      -0.0,
      -0.0,
      -1.0
    ],
    "front": [
      0.754490315914154,
      -0.6563112735748291,
      -0.0
    ],
    "above": [
      0.0,
      0.0,
      1.0
    ],
    "right": [
      0.6563112735748291,
      0.7544902563095093,
      -0.0
    ]
  },
  "image_filename": "CLEVR_new_000252",
  "objects": [
    {
      "rotation": 3.902521769126528,
      "material": "metal",
      "color": "green",
      "3d_coords": [
        -2.474862813949585,
        0.22682957351207733,
        0.3499999940395355
      ],
      "shape": "sphere",
      "pixel_coords": [
        120,
        86,
        12.872482299804688
      ],
      "size": "small"
    },
    {
      "rotation": 293.27885235251597,
      "material": "rubber",
      "color": "brown",
      "3d_coords": [
        -1.655494213104248,
        -1.0219781398773193,
        0.3499999940395355
      ],
      "shape": "sphere",
      "pixel_coords": [
        104,
        102,
        11.606773376464844
      ],
      "size": "small"
    },
    {
      "rotation": 156.16971447702227,
      "material": "metal",
      "color": "green",
      "3d_coords": [
        1.8348653316497803,
        1.2132067680358887,
        0.699999988079071
      ],
      "shape": "sphere",
      "pixel_coords": [
        231,
        109,
        10.413887023925781
      ],
      "size": "large"
    },
    {
      "rotation": 263.9395762545775,
      "material": "metal",
      "color": "gray",
      "3d_coords": [
        -1.9848124980926514,
        2.5495944023132324,
        0.3499999940395355
      ],
      "shape": "cylinder",
      "pixel_coords": [
        176,
        74,
        13.888983726501465
      ],
      "size": "small"
    },
    {
      "rotation": 14.37043854690069,
      "material": "metal",
      "color": "green",
      "3d_coords": [
        2.7354912757873535,
        -2.7010233402252197,
        0.699999988079071
      ],
      "shape": "cylinder",
      "pixel_coords": [
        149,
        176,
        7.55425500869751
      ],
      "size": "large"
    },
    {
      "rotation": 37.933719750313415,
      "material": "rubber",
      "color": "yellow",
      "3d_coords": [
        -1.1153314113616943,
        -2.8053603172302246,
        0.699999988079071
      ],
      "shape": "cylinder",
      "pixel_coords": [
        61,
        115,
        10.051610946655273
      ],
      "size": "large"
    },
    {
      "rotation": 60.06753739866495,
      "material": "rubber",
      "color": "gray",
      "3d_coords": [
        -0.7484332323074341,
        -0.703302800655365,
        0.3499999940395355
      ],
      "shape": "cylinder",
      "pixel_coords": [
        128,
        109,
        11.188437461853027
      ],
      "size": "small"
    },
    {
      "rotation": 144.3871285246575,
      "material": "rubber",
      "color": "red",
      "3d_coords": [
        2.8505239486694336,
        -0.7323198318481445,
        0.3499999940395355
      ],
      "shape": "cylinder",
      "pixel_coords": [
        213,
        157,
        8.781320571899414
      ],
      "size": "small"
    }
  ]
}