{
  "image_index": 290,
  "split": "new",
  "relationships": {
    "left": [
      [
        1,
        2,
        3,
        4,
        5,
        6,
        8
      ],
      [
        5,
        6,
        8
      ],
      [
        1,
        5,
        6,
        8
      ],
      [
        1,
        2,
        5,
        6,
        8
      ],
      [
        1,
        2,
        3,
        5,
        6,
        8
      ],
      [
        6
      ],
      [],
      [
        0,
        1,
        2,
        3,
        4,
        5,
        6,
        8
      ],
      [
        5,
        6
      ]
    ],
    "front": [
      [
        2,
        3,
        5,
        6,
        7
      ],
      [
        0,
        2,
        3,
        4,
        5,
        6,
        7,
        8
      ],
      [],
      [
        2,
        5
      ],
      [
        0,
        2,
        3,
        5,
        6,
        7,
        8
      ],
      [
        2
      ],
      [
        2,
        3,
        5,
        7
      ],
      [
        2,
        3,
        5
      ],
      [
        0,
        2,
        3,
        5,
        6,
        7
      ]
    ],
    "behind": [
      [
        1,
        4,
        8
      ],
      [],
      [
        0,
        1,
        3,
        4,
        5,
        6,
        7,
        8
      ],
      [
        0,
        1,
        4,
        6,
        7,
        8
      ],
      [
        1
      ],
      [
        0,
        1,
        3,
        4,
        6,
        7,
        8
      ],
      [
        0,
        1,
        4,
        8
      ],
      [
        0,
        1,
        4,
        6,
        8
      ],
      [
        1,
        4
      ]
    ],
    "right": [
      [
        7
      ],
      [
        0,
        2,
        3,
        4,
        7
      ],
      [
        0,
        3,
        4,
        7
      ],
      [
        0,
        4,
        7
      ],
      [
        0,
        7
      ],
      [
        0,
        1,
        2,
        3,
        4,
        7,
        8
      ],
      [
        0,
        1,
        2,
        3,
        4,
        5,
        7,
        8
      ],
      [],
      [
        0,
        1,
        2,
        3,
        4,
        7
      ]
    ]
  },
  "directions": {
    "left": [
      -0.6563112735748291,
      -0.7544902563095093,
      0.0
    ],
    "behind": [
      -0.754490315914154,
      0.6563112735748291,
      0.0
    ],
    "below": [
      -0.0,
      -0.0,
      -1.0
    ],
    "front": [
      0.754490315914154,
      -0.6563112735748291,
      -0.0
    ],
    "above": [
      0.0,
      0.0,
      1.0
    ],
    "right": [
      0.6563112735748291,
      0.7544902563095093,
      -0.0
    ]
  },
  "image_filename": "CLEVR_new_000290",
  "objects": [
    {
      "rotation": 216.62316450583012,
      "material": "metal",
      "color": "brown",
      "3d_coords": [
        1.0736415386199951,
        2.445718765258789,
        0.699999988079071
      ],
      "shape": "cylinder",
      "pixel_coords": [
        237,
        90,
        11.631562232971191
      ],
      "size": "large"
    },
    {
      "rotation": 294.6940822588726,
      "material": "metal",
      "color": "gray",
      "3d_coords": [
        -2.913452386856079,
        1.1409550905227661,
        0.699999988079071
      ],
      "shape": "cylinder",
      "pixel_coords": [
        133,
        68,
        13.525877952575684
      ],
      "size": "large"
    },
    {
      "rotation": 148.17089135831424,
      "material": "metal",
      "color": "brown",
      "3d_coords": [
        2.1374735832214355,
        -1.9239178895950317,
        0.699999988079071
      ],
      "shape": "sphere",
      "pixel_coords": [
        158,
        151,
        8.400420188903809
      ],
      "size": "large"
    },
    {
      "rotation": 321.5052705241774,
      "material": "rubber",
      "color": "yellow",
      "3d_coords": [
        1.1316304206848145,
        -0.4798695743083954,
        0.699999988079071
      ],
      "shape": "sphere",
      "pixel_coords": [
        173,
        118,
        9.902782440185547
      ],
      "size": "large"
    },
    {
      "rotation": 168.7093436697625,
      "material": "metal",
      "color": "red",
      "3d_coords": [
        -1.3213475942611694,
        2.3079400062561035,
        0.699999988079071
      ],
      "shape": "cylinder",
      "pixel_coords": [
        183,
        72,
        13.14266300201416
      ],
      "size": "large"
    },
    {
      "rotation": 316.3955938286048,
      "material": "rubber",
      "color": "red",
      "3d_coords": [
        0.2414482682943344,
        -2.7710413932800293,
        0.3499999940395355
      ],
      "shape": "cylinder",
      "pixel_coords": [
        88,
        144,
        9.336338996887207
      ],
      "size": "small"
    },
    {
      "rotation": 102.65586913925162,
      "material": "rubber",
      "color": "brown",
      "3d_coords": [
        -2.5815911293029785,
        -2.4265198707580566,
        0.699999988079071
      ],
      "shape": "cylinder",
      "pixel_coords": [
        50,
        96,
        11.244345664978027
      ],
      "size": "large"
    },
    {
      "rotation": 258.25798280312347,
      "material": "rubber",
      "color": "green",
      "3d_coords": [
        2.7321929931640625,
        2.89577054977417,
        0.699999988079071
      ],
      "shape": "cube",
      "pixel_coords": [
        289,
        102,
        10.790005683898926
      ],
      "size": "large"
    },
    {
      "rotation": 187.3046814548547,
      "material": "metal",
      "color": "gray",
      "3d_coords": [
        -1.8936079740524292,
        -0.3270076811313629,
        0.3499999940395355
      ],
      "shape": "cube",
      "pixel_coords": [
        117,
        95,
        12.166444778442383
      ],
      "size": "small"
    }
  ]
}