{
  "image_index": 5,
  "split": "new",
  "relationships": {
    "left": [
      [
        2,
        4
      ],
      [
        0,
        2,
        4,
        5
      ],
      [],
      [
        0,
        1,
        2,
        4,
        5
      ],
      [
        2
      ],
      [
        0,
        2,
        4
      ],
      [
        0,
        1,
        2,
        3,
        4,
        5
      ],
      [
        0,
        1,
        2,
        3,
        4,
        5,
        6
      ]
    ],
    "front": [
      [
        5
      ],
      [
        0,
        2,
        3,
        4,
        5,
        6,
        7
      ],
      [
        0,
        3,
        5,
        7
      ],
      [
        0,
        5
      ],
      [
        0,
        2,
        3,
        5,
        7
      ],
      [],
      [
        0,
        2,
        3,
        4,
        5,
        7
      ],
      [
        0,
        3,
        5
      ]
    ],
    "behind": [
      [
        1,
        2,
        3,
        4,
        6,
        7
      ],
      [],
      [
        1,
        4,
        6
      ],
      [
        1,
        2,
        4,
        6,
        7
      ],
      [
        1,
        6
      ],
      [
        0,
        1,
        2,
        3,
        4,
        6,
        7
      ],
      [
        1
      ],
      [
        1,
        2,
        4,
        6
      ]
    ],
    "right": [
      [
        1,
        3,
        5,
        6,
        7
      ],
      [
        3,
        6,
        7
      ],
      [
        0,
        1,
        3,
        4,
        5,
        6,
        7
      ],
      [
        6,
        7
      ],
      [
        0,
        1,
        3,
        5,
        6,
        7
      ],
      [
        1,
        3,
        6,
        7
      ],
      [
        7
      ],
      []
    ]
  },
  "directions": {
    "left": [
      -0.6563112735748291,
      -0.7544902563095093,
      0.0
    ],
    "behind": [
      -0.754490315914154,
      0.6563112735748291,
      0.0
    ],
    "below": [
      -0.0,
      -0.0,
      -1.0
    ],
    "front": [
      0.754490315914154,
      -0.6563112735748291,
      -0.0
    ],
    "above": [
      0.0,
      0.0,
      1.0
    ],
    "right": [
      0.6563112735748291,
      0.7544902563095093,
      -0.0
    ]
  },
  "image_filename": "CLEVR_new_000005",
  "objects": [
    {
      "rotation": 298.2031104042121,
      "material": "rubber",
      "color": "green",
      "3d_coords": [
        1.045762538909912,
        -1.8758665323257446,
        0.699999988079071
      ],
      "shape": "cylinder",
      "pixel_coords": [
        132,
        133,
        9.153274536132812
      ],
      "size": "large"
    },
    {
      "rotation": 282.67613670837426,
      "material": "metal",
      "color": "yellow",
      "3d_coords": [
        -0.9116612076759338,
        2.2213871479034424,
        0.699999988079071
      ],
      "shape": "sphere",
      "pixel_coords": [
        189,
        75,
        12.820551872253418
      ],
      "size": "large"
    },
    {
      "rotation": 66.86108319870513,
      "material": "metal",
      "color": "purple",
      "3d_coords": [
        -2.191287040710449,
        -2.622002124786377,
        0.3499999940395355
      ],
      "shape": "cube",
      "pixel_coords": [
        52,
        111,
        11.03821849822998
      ],
      "size": "small"
    },
    {
      "rotation": 6.1690137993261285,
      "material": "rubber",
      "color": "brown",
      "3d_coords": [
        2.032918691635132,
        0.6912843585014343,
        0.699999988079071
      ],
      "shape": "sphere",
      "pixel_coords": [
        225,
        116,
        9.980802536010742
      ],
      "size": "large"
    },
    {
      "rotation": 242.14299800583973,
      "material": "metal",
      "color": "purple",
      "3d_coords": [
        -1.3780243396759033,
        -0.7165112495422363,
        0.699999988079071
      ],
      "shape": "sphere",
      "pixel_coords": [
        116,
        93,
        11.432923316955566
      ],
      "size": "large"
    },
    {
      "rotation": 166.51689095580642,
      "material": "metal",
      "color": "gray",
      "3d_coords": [
        2.7287628650665283,
        -2.1212146282196045,
        0.699999988079071
      ],
      "shape": "cylinder",
      "pixel_coords": [
        168,
        165,
        7.893709659576416
      ],
      "size": "large"
    },
    {
      "rotation": 35.75506046120551,
      "material": "metal",
      "color": "cyan",
      "3d_coords": [
        1.244608998298645,
        2.9890406131744385,
        0.699999988079071
      ],
      "shape": "sphere",
      "pixel_coords": [
        251,
        87,
        11.831914901733398
      ],
      "size": "large"
    },
    {
      "rotation": 162.45607513167403,
      "material": "metal",
      "color": "brown",
      "3d_coords": [
        2.8981409072875977,
        2.353621244430542,
        0.3499999940395355
      ],
      "shape": "cylinder",
      "pixel_coords": [
        282,
        120,
        10.53260326385498
      ],
      "size": "small"
    }
  ]
}