{
  "image_index": 329,
  "split": "new",
  "relationships": {
    "left": [
      [
        2,
        5,
        6
      ],
      [
        0,
        2,
        3,
        4,
        5,
        6,
        7,
        8
      ],
      [
        5
      ],
      [
        0,
        2,
        4,
        5,
        6,
        7
      ],
      [
        0,
        2,
        5,
        6,
        7
      ],
      [],
      [
        2,
        5
      ],
      [
        0,
        2,
        5,
        6
      ],
      [
        0,
        2,
        3,
        4,
        5,
        6,
        7
      ]
    ],
    "front": [
      [
        7,
        8
      ],
      [
        0,
        5,
        7,
        8
      ],
      [
        0,
        1,
        5,
        7,
        8
      ],
      [
        0,
        1,
        2,
        5,
        7,
        8
      ],
      [
        0,
        1,
        2,
        3,
        5,
        6,
        7,
        8
      ],
      [
        0,
        7,
        8
      ],
      [
        0,
        1,
        2,
        3,
        5,
        7,
        8
      ],
      [],
      [
        7
      ]
    ],
    "behind": [
      [
        1,
        2,
        3,
        4,
        5,
        6
      ],
      [
        2,
        3,
        4,
        6
      ],
      [
        3,
        4,
        6
      ],
      [
        4,
        6
      ],
      [],
      [
        1,
        2,
        3,
        4,
        6
      ],
      [
        4
      ],
      [
        0,
        1,
        2,
        3,
        4,
        5,
        6,
        8
      ],
      [
        0,
        1,
        2,
        3,
        4,
        5,
        6
      ]
    ],
    "right": [
      [
        1,
        3,
        4,
        7,
        8
      ],
      [],
      [
        0,
        1,
        3,
        4,
        6,
        7,
        8
      ],
      [
        1,
        8
      ],
      [
        1,
        3,
        8
      ],
      [
        0,
        1,
        2,
        3,
        4,
        6,
        7,
        8
      ],
      [
        0,
        1,
        3,
        4,
        7,
        8
      ],
      [
        1,
        3,
        4,
        8
      ],
      [
        1
      ]
    ]
  },
  "directions": {
    "left": [
      -0.6563112735748291,
      -0.7544902563095093,
      0.0
    ],
    "behind": [
      -0.754490315914154,
      0.6563112735748291,
      0.0
    ],
    "below": [
      -0.0,
      -0.0,
      -1.0
    ],
    "front": [
      0.754490315914154,
      -0.6563112735748291,
      -0.0
    ],
    "above": [
      0.0,
      0.0,
      1.0
    ],
    "right": [
      0.6563112735748291,
      0.7544902563095093,
      -0.0
    ]
  },
  "image_filename": "CLEVR_new_000329",
  "objects": [
    {
      "rotation": 344.2664294215935,
      "material": "metal",
      "color": "brown",
      "3d_coords": [
        0.6799567341804504,
        -1.4265912771224976,
        0.699999988079071
      ],
      "shape": "cube",
      "pixel_coords": [
        137,
        123,
        9.655804634094238
      ],
      "size": "large"
    },
    {
      "rotation": 148.48697492818792,
      "material": "metal",
      "color": "brown",
      "3d_coords": [
        2.0060787200927734,
        1.7234508991241455,
        0.699999988079071
      ],
      "shape": "sphere",
      "pixel_coords": [
        246,
        106,
        10.594964981079102
      ],
      "size": "large"
    },
    {
      "rotation": 260.13567015147385,
      "material": "rubber",
      "color": "purple",
      "3d_coords": [
        -1.5028862953186035,
        -1.2914597988128662,
        0.3499999940395355
      ],
      "shape": "sphere",
      "pixel_coords": [
        100,
        106,
        11.34972095489502
      ],
      "size": "small"
    },
    {
      "rotation": 327.59281122960914,
      "material": "rubber",
      "color": "brown",
      "3d_coords": [
        -0.38928014039993286,
        2.1560075283050537,
        0.699999988079071
      ],
      "shape": "sphere",
      "pixel_coords": [
        199,
        80,
        12.435823440551758
      ],
      "size": "large"
    },
    {
      "rotation": 11.289161926788953,
      "material": "rubber",
      "color": "yellow",
      "3d_coords": [
        -2.125795841217041,
        2.8964462280273438,
        0.699999988079071
      ],
      "shape": "cylinder",
      "pixel_coords": [
        180,
        63,
        14.016971588134766
      ],
      "size": "large"
    },
    {
      "rotation": 168.12402789613475,
      "material": "rubber",
      "color": "green",
      "3d_coords": [
        -1.3862295150756836,
        -2.9399161338806152,
        0.699999988079071
      ],
      "shape": "cylinder",
      "pixel_coords": [
        52,
        113,
        10.153796195983887
      ],
      "size": "large"
    },
    {
      "rotation": 215.262303378897,
      "material": "metal",
      "color": "red",
      "3d_coords": [
        -2.770035982131958,
        0.8630391955375671,
        0.699999988079071
      ],
      "shape": "cylinder",
      "pixel_coords": [
        129,
        71,
        13.27005672454834
      ],
      "size": "large"
    },
    {
      "rotation": 330.1170269753563,
      "material": "rubber",
      "color": "gray",
      "3d_coords": [
        2.5210421085357666,
        -2.3101308345794678,
        0.699999988079071
      ],
      "shape": "sphere",
      "pixel_coords": [
        156,
        164,
        7.922526836395264
      ],
      "size": "large"
    },
    {
      "rotation": 54.51770454674359,
      "material": "rubber",
      "color": "yellow",
      "3d_coords": [
        2.9999709129333496,
        0.19527816772460938,
        0.3499999940395355
      ],
      "shape": "sphere",
      "pixel_coords": [
        240,
        147,
        9.217982292175293
      ],
      "size": "small"
    }
  ]
}