{
  "image_index": 15,
  "split": "new",
  "relationships": {
    "left": [
      [
        2,
        3,
        4,
        5,
        6,
        7,
        8
      ],
      [
        0,
        2,
        3,
        4,
        5,
        6,
        7,
        8
      ],
      [
        3,
        4,
        5,
        6,
        7,
        8
      ],
      [
        7
      ],
      [
        3,
        7
      ],
      [
        3,
        4,
        7,
        8
      ],
      [
        3,
        4,
        5,
        7,
        8
      ],
      [],
      [
        3,
        4,
        7
      ]
    ],
    "front": [
      [
        1,
        2,
        5,
        7
      ],
      [
        2,
        5
      ],
      [
        5
      ],
      [
        0,
        1,
        2,
        5,
        7
      ],
      [
        0,
        1,
        2,
        3,
        5,
        7
      ],
      [],
      [
        0,
        1,
        2,
        3,
        4,
        5,
        7,
        8
      ],
      [
        1,
        2,
        5
      ],
      [
        0,
        1,
        2,
        3,
        4,
        5,
        7
      ]
    ],
    "behind": [
      [
        3,
        4,
        6,
        8
      ],
      [
        0,
        3,
        4,
        6,
        7,
        8
      ],
      [
        0,
        1,
        3,
        4,
        6,
        7,
        8
      ],
      [
        4,
        6,
        8
      ],
      [
        6,
        8
      ],
      [
        0,
        1,
        2,
        3,
        4,
        6,
        7,
        8
      ],
      [],
      [
        0,
        3,
        4,
        6,
        8
      ],
      [
        6
      ]
    ],
    "right": [
      [
        1
      ],
      [],
      [
        0,
        1
      ],
      [
        0,
        1,
        2,
        4,
        5,
        6,
        8
      ],
      [
        0,
        1,
        2,
        5,
        6,
        8
      ],
      [
        0,
        1,
        2,
        6
      ],
      [
        0,
        1,
        2
      ],
      [
        0,
        1,
        2,
        3,
        4,
        5,
        6,
        8
      ],
      [
        0,
        1,
        2,
        5,
        6
      ]
    ]
  },
  "directions": {
    "left": [
      -0.6563112735748291,
      -0.7544902563095093,
      0.0
    ],
    "behind": [
      -0.754490315914154,
      0.6563112735748291,
      0.0
    ],
    "below": [
      -0.0,
      -0.0,
      -1.0
    ],
    "front": [
      0.754490315914154,
      -0.6563112735748291,
      -0.0
    ],
    "above": [
      0.0,
      0.0,
      1.0
    ],
    "right": [
      0.6563112735748291,
      0.7544902563095093,
      -0.0
    ]
  },
  "image_filename": "CLEVR_new_000015",
  "objects": [
    {
      "rotation": 2.157797583800427,
      "material": "metal",
      "color": "yellow",
      "3d_coords": [
        1.1256859302520752,
        1.587936282157898,
        0.3499999940395355
      ],
      "shape": "cube",
      "pixel_coords": [
        220,
        108,
        11.267455101013184
      ],
      "size": "small"
    },
    {
      "rotation": 99.25821891833056,
      "material": "metal",
      "color": "yellow",
      "3d_coords": [
        2.3026247024536133,
        1.6113396883010864,
        0.3499999940395355
      ],
      "shape": "sphere",
      "pixel_coords": [
        251,
        120,
        10.49927806854248
      ],
      "size": "small"
    },
    {
      "rotation": 70.19558835818496,
      "material": "metal",
      "color": "red",
      "3d_coords": [
        2.018401622772217,
        -0.39015302062034607,
        0.3499999940395355
      ],
      "shape": "cylinder",
      "pixel_coords": [
        198,
        140,
        9.531686782836914
      ],
      "size": "small"
    },
    {
      "rotation": 12.262865704778738,
      "material": "rubber",
      "color": "green",
      "3d_coords": [
        -2.4925947189331055,
        -1.4959958791732788,
        0.3499999940395355
      ],
      "shape": "sphere",
      "pixel_coords": [
        79,
        98,
        11.888893127441406
      ],
      "size": "small"
    },
    {
      "rotation": 27.15740927204311,
      "material": "rubber",
      "color": "green",
      "3d_coords": [
        -2.143826961517334,
        0.20426388084888458,
        0.3499999940395355
      ],
      "shape": "sphere",
      "pixel_coords": [
        125,
        88,
        12.639577865600586
      ],
      "size": "small"
    },
    {
      "rotation": 63.30518121923867,
      "material": "rubber",
      "color": "red",
      "3d_coords": [
        2.4929075241088867,
        -2.2032721042633057,
        0.699999988079071
      ],
      "shape": "cylinder",
      "pixel_coords": [
        159,
        162,
        8.002950668334961
      ],
      "size": "large"
    },
    {
      "rotation": 356.4810651074373,
      "material": "metal",
      "color": "yellow",
      "3d_coords": [
        -2.089597225189209,
        2.5911166667938232,
        0.699999988079071
      ],
      "shape": "cylinder",
      "pixel_coords": [
        175,
        65,
        13.816523551940918
      ],
      "size": "large"
    },
    {
      "rotation": 66.50487070443006,
      "material": "metal",
      "color": "blue",
      "3d_coords": [
        -2.2575478553771973,
        -2.9942455291748047,
        0.3499999940395355
      ],
      "shape": "cylinder",
      "pixel_coords": [
        40,
        114,
        10.86716365814209
      ],
      "size": "small"
    },
    {
      "rotation": 136.6368313052179,
      "material": "metal",
      "color": "red",
      "3d_coords": [
        -2.2594056129455566,
        1.2353332042694092,
        0.3499999940395355
      ],
      "shape": "cube",
      "pixel_coords": [
        146,
        81,
        13.312045097351074
      ],
      "size": "small"
    }
  ]
}