{
  "image_index": 323,
  "split": "new",
  "relationships": {
    "left": [
      [
        1,
        2,
        3,
        5,
        7
      ],
      [
        5
      ],
      [
        1,
        5
      ],
      [
        1,
        2,
        5
      ],
      [
        0,
        1,
        2,
        3,
        5,
        7,
        8
      ],
      [],
      [
        0,
        1,
        2,
        3,
        4,
        5,
        7,
        8
      ],
      [
        1,
        2,
        3,
        5
      ],
      [
        0,
        1,
        2,
        3,
        5,
        7
      ]
    ],
    "front": [
      [
        1,
        2,
        3,
        4,
        5,
        6,
        7,
        8
      ],
      [
        2,
        3,
        5,
        6,
        7,
        8
      ],
      [
        7
      ],
      [
        2,
        6,
        7
      ],
      [
        1,
        2,
        3,
        5,
        6,
        7,
        8
      ],
      [
        2,
        3,
        6,
        7,
        8
      ],
      [
        2,
        7
      ],
      [],
      [
        2,
        3,
        6,
        7
      ]
    ],
    "behind": [
      [],
      [
        0,
        4
      ],
      [
        0,
        1,
        3,
        4,
        5,
        6,
        8
      ],
      [
        0,
        1,
        4,
        5,
        8
      ],
      [
        0
      ],
      [
        0,
        1,
        4
      ],
      [
        0,
        1,
        3,
        4,
        5,
        8
      ],
      [
        0,
        1,
        2,
        3,
        4,
        5,
        6,
        8
      ],
      [
        0,
        1,
        4,
        5
      ]
    ],
    "right": [
      [
        4,
        6,
        8
      ],
      [
        0,
        2,
        3,
        4,
        6,
        7,
        8
      ],
      [
        0,
        3,
        4,
        6,
        7,
        8
      ],
      [
        0,
        4,
        6,
        7,
        8
      ],
      [
        6
      ],
      [
        0,
        1,
        2,
        3,
        4,
        6,
        7,
        8
      ],
      [],
      [
        0,
        4,
        6,
        8
      ],
      [
        4,
        6
      ]
    ]
  },
  "directions": {
    "left": [
      -0.6563112735748291,
      -0.7544902563095093,
      0.0
    ],
    "behind": [
      -0.754490315914154,
      0.6563112735748291,
      0.0
    ],
    "below": [
      -0.0,
      -0.0,
      -1.0
    ],
    "front": [
      0.754490315914154,
      -0.6563112735748291,
      -0.0
    ],
    "above": [
      0.0,
      0.0,
      1.0
    ],
    "right": [
      0.6563112735748291,
      0.7544902563095093,
      -0.0
    ]
  },
  "image_filename": "CLEVR_new_000323",
  "objects": [
    {
      "rotation": 346.0820537394469,
      "material": "metal",
      "color": "green",
      "3d_coords": [
        -2.40594744682312,
        2.9319305419921875,
        0.699999988079071
      ],
      "shape": "sphere",
      "pixel_coords": [
        176,
        61,
        14.223543167114258
      ],
      "size": "large"
    },
    {
      "rotation": 337.93187562824596,
      "material": "metal",
      "color": "gray",
      "3d_coords": [
        -2.794029951095581,
        -0.7121607661247253,
        0.3499999940395355
      ],
      "shape": "cylinder",
      "pixel_coords": [
        94,
        90,
        12.541962623596191
      ],
      "size": "small"
    },
    {
      "rotation": 214.2781680280741,
      "material": "metal",
      "color": "green",
      "3d_coords": [
        0.810303807258606,
        -2.474841833114624,
        0.3499999940395355
      ],
      "shape": "sphere",
      "pixel_coords": [
        109,
        149,
        9.129646301269531
      ],
      "size": "small"
    },
    {
      "rotation": 140.30523439709475,
      "material": "rubber",
      "color": "green",
      "3d_coords": [
        0.310769647359848,
        -1.1775565147399902,
        0.699999988079071
      ],
      "shape": "sphere",
      "pixel_coords": [
        136,
        115,
        10.044891357421875
      ],
      "size": "large"
    },
    {
      "rotation": 188.39621888200853,
      "material": "rubber",
      "color": "gray",
      "3d_coords": [
        -0.4068302810192108,
        2.6416616439819336,
        0.3499999940395355
      ],
      "shape": "cylinder",
      "pixel_coords": [
        207,
        85,
        12.894112586975098
      ],
      "size": "small"
    },
    {
      "rotation": 68.53023953504344,
      "material": "rubber",
      "color": "blue",
      "3d_coords": [
        -2.7467477321624756,
        -2.0970823764801025,
        0.3499999940395355
      ],
      "shape": "sphere",
      "pixel_coords": [
        59,
        101,
        11.710417747497559
      ],
      "size": "small"
    },
    {
      "rotation": 297.93928409701607,
      "material": "rubber",
      "color": "gray",
      "3d_coords": [
        2.9073657989501953,
        0.5511964559555054,
        0.3499999940395355
      ],
      "shape": "sphere",
      "pixel_coords": [
        246,
        141,
        9.485121726989746
      ],
      "size": "small"
    },
    {
      "rotation": 274.67388569759737,
      "material": "rubber",
      "color": "purple",
      "3d_coords": [
        2.313866376876831,
        -2.208486795425415,
        0.699999988079071
      ],
      "shape": "cube",
      "pixel_coords": [
        154,
        159,
        8.118853569030762
      ],
      "size": "large"
    },
    {
      "rotation": 292.86231849587944,
      "material": "rubber",
      "color": "gray",
      "3d_coords": [
        1.0779629945755005,
        0.6089704632759094,
        0.3499999940395355
      ],
      "shape": "cylinder",
      "pixel_coords": [
        198,
        116,
        10.733551979064941
      ],
      "size": "small"
    }
  ]
}