{
  "image_index": 240,
  "split": "new",
  "relationships": {
    "left": [
      [
        1,
        2
      ],
      [
        2
      ],
      [],
      [
        0,
        1,
        2,
        4,
        6,
        7,
        8
      ],
      [
        0,
        1,
        2,
        6,
        8
      ],
      [
        0,
        1,
        2,
        3,
        4,
        6,
        7,
        8
      ],
      [
        0,
        1,
        2,
        8
      ],
      [
        0,
        1,
        2,
        4,
        6,
        8
      ],
      [
        0,
        1,
        2
      ]
    ],
    "front": [
      [],
      [
        0,
        7
      ],
      [
        0,
        1,
        5,
        6,
        7
      ],
      [
        0,
        1,
        2,
        5,
        6,
        7
      ],
      [
        0,
        1,
        2,
        3,
        5,
        6,
        7
      ],
      [
        0,
        1,
        7
      ],
      [
        0,
        1,
        5,
        7
      ],
      [
        0
      ],
      [
        0,
        1,
        2,
        3,
        4,
        5,
        6,
        7
      ]
    ],
    "behind": [
      [
        1,
        2,
        3,
        4,
        5,
        6,
        7,
        8
      ],
      [
        2,
        3,
        4,
        5,
        6,
        8
      ],
      [
        3,
        4,
        8
      ],
      [
        4,
        8
      ],
      [
        8
      ],
      [
        2,
        3,
        4,
        6,
        8
      ],
      [
        2,
        3,
        4,
        8
      ],
      [
        1,
        2,
        3,
        4,
        5,
        6,
        8
      ],
      []
    ],
    "right": [
      [
        3,
        4,
        5,
        6,
        7,
        8
      ],
      [
        0,
        3,
        4,
        5,
        6,
        7,
        8
      ],
      [
        0,
        1,
        3,
        4,
        5,
        6,
        7,
        8
      ],
      [
        5
      ],
      [
        3,
        5,
        7
      ],
      [],
      [
        3,
        4,
        5,
        7
      ],
      [
        3,
        5
      ],
      [
        3,
        4,
        5,
        6,
        7
      ]
    ]
  },
  "directions": {
    "left": [
      -0.6563112735748291,
      -0.7544902563095093,
      0.0
    ],
    "behind": [
      -0.754490315914154,
      0.6563112735748291,
      0.0
    ],
    "below": [
      -0.0,
      -0.0,
      -1.0
    ],
    "front": [
      0.754490315914154,
      -0.6563112735748291,
      -0.0
    ],
    "above": [
      0.0,
      0.0,
      1.0
    ],
    "right": [
      0.6563112735748291,
      0.7544902563095093,
      -0.0
    ]
  },
  "image_filename": "CLEVR_new_000240",
  "objects": [
    {
      "rotation": 192.45264506883106,
      "material": "metal",
      "color": "green",
      "3d_coords": [
        2.1720988750457764,
        -2.5419998168945312,
        0.699999988079071
      ],
      "shape": "sphere",
      "pixel_coords": [
        139,
        162,
        8.02032470703125
      ],
      "size": "large"
    },
    {
      "rotation": 101.95699268682337,
      "material": "rubber",
      "color": "cyan",
      "3d_coords": [
        -0.6452098488807678,
        -2.4965012073516846,
        0.3499999940395355
      ],
      "shape": "sphere",
      "pixel_coords": [
        80,
        128,
        10.083854675292969
      ],
      "size": "small"
    },
    {
      "rotation": 225.47963960156142,
      "material": "metal",
      "color": "blue",
      "3d_coords": [
        -2.3829801082611084,
        -1.695232629776001,
        0.3499999940395355
      ],
      "shape": "cylinder",
      "pixel_coords": [
        75,
        101,
        11.700980186462402
      ],
      "size": "small"
    },
    {
      "rotation": 231.63834765707009,
      "material": "metal",
      "color": "green",
      "3d_coords": [
        0.3032638132572174,
        2.6051089763641357,
        0.699999988079071
      ],
      "shape": "sphere",
      "pixel_coords": [
        222,
        82,
        12.235319137573242
      ],
      "size": "large"
    },
    {
      "rotation": 29.39263661844011,
      "material": "metal",
      "color": "purple",
      "3d_coords": [
        -0.962761640548706,
        2.200000047683716,
        0.3499999940395355
      ],
      "shape": "cube",
      "pixel_coords": [
        188,
        84,
        13.008179664611816
      ],
      "size": "small"
    },
    {
      "rotation": 14.135207321457637,
      "material": "metal",
      "color": "yellow",
      "3d_coords": [
        2.153996229171753,
        1.6083728075027466,
        0.699999988079071
      ],
      "shape": "sphere",
      "pixel_coords": [
        248,
        108,
        10.430234909057617
      ],
      "size": "large"
    },
    {
      "rotation": 29.334444656015176,
      "material": "rubber",
      "color": "red",
      "3d_coords": [
        0.0003628774138633162,
        0.42969590425491333,
        0.699999988079071
      ],
      "shape": "sphere",
      "pixel_coords": [
        170,
        97,
        11.17965030670166
      ],
      "size": "large"
    },
    {
      "rotation": 215.23220915778126,
      "material": "metal",
      "color": "gray",
      "3d_coords": [
        2.695605754852295,
        -0.4482932984828949,
        0.3499999940395355
      ],
      "shape": "cylinder",
      "pixel_coords": [
        215,
        151,
        9.048310279846191
      ],
      "size": "small"
    },
    {
      "rotation": 214.0532784232525,
      "material": "rubber",
      "color": "green",
      "3d_coords": [
        -2.720552682876587,
        2.263097047805786,
        0.3499999940395355
      ],
      "shape": "cube",
      "pixel_coords": [
        158,
        71,
        14.212121963500977
      ],
      "size": "small"
    }
  ]
}