{
  "image_index": 186,
  "split": "new",
  "relationships": {
    "left": [
      [
        3,
        6,
        7,
        8
      ],
      [
        0,
        2,
        3,
        4,
        6,
        7,
        8
      ],
      [
        0,
        3,
        6,
        7,
        8
      ],
      [
        6,
        8
      ],
      [
        0,
        2,
        3,
        6,
        7,
        8
      ],
      [
        0,
        1,
        2,
        3,
        4,
        6,
        7,
        8
      ],
      [],
      [
        3,
        6,
        8
      ],
      [
        6
      ]
    ],
    "front": [
      [
        1,
        2,
        3,
        4,
        5,
        6,
        7,
        8
      ],
      [
        2,
        3,
        4,
        5,
        6,
        7
      ],
      [
        4,
        7
      ],
      [
        2,
        4,
        5,
        7
      ],
      [
        7
      ],
      [
        2,
        4,
        7
      ],
      [
        2,
        3,
        4,
        5,
        7
      ],
      [],
      [
        1,
        2,
        3,
        4,
        5,
        6,
        7
      ]
    ],
    "behind": [
      [],
      [
        0,
        8
      ],
      [
        0,
        1,
        3,
        5,
        6,
        8
      ],
      [
        0,
        1,
        6,
        8
      ],
      [
        0,
        1,
        2,
        3,
        5,
        6,
        8
      ],
      [
        0,
        1,
        3,
        6,
        8
      ],
      [
        0,
        1,
        8
      ],
      [
        0,
        1,
        2,
        3,
        4,
        5,
        6,
        8
      ],
      [
        0
      ]
    ],
    "right": [
      [
        1,
        2,
        4,
        5
      ],
      [
        5
      ],
      [
        1,
        4,
        5
      ],
      [
        0,
        1,
        2,
        4,
        5,
        7
      ],
      [
        1,
        5
      ],
      [],
      [
        0,
        1,
        2,
        3,
        4,
        5,
        7,
        8
      ],
      [
        0,
        1,
        2,
        4,
        5
      ],
      [
        0,
        1,
        2,
        3,
        4,
        5,
        7
      ]
    ]
  },
  "directions": {
    "left": [
      -0.6563112735748291,
      -0.7544902563095093,
      0.0
    ],
    "behind": [
      -0.754490315914154,
      0.6563112735748291,
      0.0
    ],
    "below": [
      -0.0,
      -0.0,
      -1.0
    ],
    "front": [
      0.754490315914154,
      -0.6563112735748291,
      -0.0
    ],
    "above": [
      0.0,
      0.0,
      1.0
    ],
    "right": [
      0.6563112735748291,
      0.7544902563095093,
      -0.0
    ]
  },
  "image_filename": "CLEVR_new_000186",
  "objects": [
    {
      "rotation": 218.9341648342605,
      "material": "metal",
      "color": "brown",
      "3d_coords": [
        -1.9767569303512573,
        1.3496811389923096,
        0.3499999940395355
      ],
      "shape": "cylinder",
      "pixel_coords": [
        153,
        82,
        13.190381050109863
      ],
      "size": "small"
    },
    {
      "rotation": 115.89690842396207,
      "material": "metal",
      "color": "blue",
      "3d_coords": [
        1.0660500526428223,
        2.7625062465667725,
        0.3499999940395355
      ],
      "shape": "cube",
      "pixel_coords": [
        241,
        97,
        11.985673904418945
      ],
      "size": "small"
    },
    {
      "rotation": 241.91460159718832,
      "material": "rubber",
      "color": "cyan",
      "3d_coords": [
        0.900791347026825,
        -0.32749247550964355,
        0.3499999940395355
      ],
      "shape": "cylinder",
      "pixel_coords": [
        172,
        124,
        10.310182571411133
      ],
      "size": "small"
    },
    {
      "rotation": 328.0624003416593,
      "material": "metal",
      "color": "blue",
      "3d_coords": [
        -0.9617050290107727,
        -0.8716378808021545,
        0.3499999940395355
      ],
      "shape": "sphere",
      "pixel_coords": [
        120,
        108,
        11.232832908630371
      ],
      "size": "small"
    },
    {
      "rotation": 169.04956524963063,
      "material": "metal",
      "color": "blue",
      "3d_coords": [
        2.287759780883789,
        0.33999285101890564,
        0.3499999940395355
      ],
      "shape": "cylinder",
      "pixel_coords": [
        223,
        134,
        9.774627685546875
      ],
      "size": "small"
    },
    {
      "rotation": 250.18558201997303,
      "material": "rubber",
      "color": "red",
      "3d_coords": [
        2.837785482406616,
        2.798339366912842,
        0.3499999940395355
      ],
      "shape": "cube",
      "pixel_coords": [
        288,
        115,
        10.82962703704834
      ],
      "size": "small"
    },
    {
      "rotation": 177.11991583315654,
      "material": "metal",
      "color": "brown",
      "3d_coords": [
        -2.5387885570526123,
        -2.0429065227508545,
        0.3499999940395355
      ],
      "shape": "cube",
      "pixel_coords": [
        63,
        102,
        11.603595733642578
      ],
      "size": "small"
    },
    {
      "rotation": 280.5267375719185,
      "material": "rubber",
      "color": "yellow",
      "3d_coords": [
        1.1150692701339722,
        -2.10164475440979,
        0.699999988079071
      ],
      "shape": "sphere",
      "pixel_coords": [
        127,
        137,
        8.976798057556152
      ],
      "size": "large"
    },
    {
      "rotation": 17.239319116816638,
      "material": "metal",
      "color": "cyan",
      "3d_coords": [
        -2.7093091011047363,
        -0.3200787901878357,
        0.699999988079071
      ],
      "shape": "cylinder",
      "pixel_coords": [
        104,
        79,
        12.546175003051758
      ],
      "size": "large"
    }
  ]
}