{
  "image_index": 141,
  "split": "new",
  "relationships": {
    "left": [
      [
        1,
        2,
        3,
        5
      ],
      [
        2,
        3,
        5
      ],
      [
        3,
        5
      ],
      [
        5
      ],
      [
        0,
        1,
        2,
        3,
        5
      ],
      [],
      [
        0,
        1,
        2,
        3,
        4,
        5
      ]
    ],
    "front": [
      [
        1,
        3
      ],
      [],
      [
        0,
        1,
        3,
        5,
        6
      ],
      [
        1
      ],
      [
        0,
        1,
        2,
        3,
        5,
        6
      ],
      [
        0,
        1,
        3,
        6
      ],
      [
        0,
        1,
        3
      ]
    ],
    "behind": [
      [
        2,
        4,
        5,
        6
      ],
      [
        0,
        2,
        3,
        4,
        5,
        6
      ],
      [
        4
      ],
      [
        0,
        2,
        4,
        5,
        6
      ],
      [],
      [
        2,
        4
      ],
      [
        2,
        4,
        5
      ]
    ],
    "right": [
      [
        4,
        6
      ],
      [
        0,
        4,
        6
      ],
      [
        0,
        1,
        4,
        6
      ],
      [
        0,
        1,
        2,
        4,
        6
      ],
      [
        6
      ],
      [
        0,
        1,
        2,
        3,
        4,
        6
      ],
      []
    ]
  },
  "directions": {
    "left": [
      -0.6563112735748291,
      -0.7544902563095093,
      0.0
    ],
    "behind": [
      -0.754490315914154,
      0.6563112735748291,
      0.0
    ],
    "below": [
      -0.0,
      -0.0,
      -1.0
    ],
    "front": [
      0.754490315914154,
      -0.6563112735748291,
      -0.0
    ],
    "above": [
      0.0,
      0.0,
      1.0
    ],
    "right": [
      0.6563112735748291,
      0.7544902563095093,
      -0.0
    ]
  },
  "image_filename": "CLEVR_new_000141",
  "objects": [
    {
      "rotation": 279.4453958222558,
      "material": "metal",
      "color": "cyan",
      "3d_coords": [
        1.229236364364624,
        0.40530240535736084,
        0.699999988079071
      ],
      "shape": "cylinder",
      "pixel_coords": [
        198,
        110,
        10.349365234375
      ],
      "size": "large"
    },
    {
      "rotation": 115.64956078443689,
      "material": "rubber",
      "color": "purple",
      "3d_coords": [
        2.6877188682556152,
        -2.2972545623779297,
        0.699999988079071
      ],
      "shape": "sphere",
      "pixel_coords": [
        161,
        167,
        7.819262981414795
      ],
      "size": "large"
    },
    {
      "rotation": 150.00473564893142,
      "material": "metal",
      "color": "purple",
      "3d_coords": [
        -1.5604472160339355,
        -0.20513387024402618,
        0.3499999940395355
      ],
      "shape": "sphere",
      "pixel_coords": [
        126,
        97,
        12.015578269958496
      ],
      "size": "small"
    },
    {
      "rotation": 205.3262068396481,
      "material": "metal",
      "color": "green",
      "3d_coords": [
        -0.1752171367406845,
        -2.9443066120147705,
        0.699999988079071
      ],
      "shape": "cylinder",
      "pixel_coords": [
        73,
        129,
        9.346929550170898
      ],
      "size": "large"
    },
    {
      "rotation": 205.29330531904887,
      "material": "rubber",
      "color": "gray",
      "3d_coords": [
        -0.26690244674682617,
        2.746960401535034,
        0.699999988079071
      ],
      "shape": "cylinder",
      "pixel_coords": [
        212,
        77,
        12.695966720581055
      ],
      "size": "large"
    },
    {
      "rotation": 309.25776107713654,
      "material": "metal",
      "color": "red",
      "3d_coords": [
        -2.4868249893188477,
        -2.1175825595855713,
        0.699999988079071
      ],
      "shape": "sphere",
      "pixel_coords": [
        60,
        94,
        11.359893798828125
      ],
      "size": "large"
    },
    {
      "rotation": 194.8268926819005,
      "material": "metal",
      "color": "gray",
      "3d_coords": [
        1.9421824216842651,
        2.2859716415405273,
        0.699999988079071
      ],
      "shape": "cube",
      "pixel_coords": [
        256,
        100,
        10.962401390075684
      ],
      "size": "large"
    }
  ]
}