{
  "image_index": 53,
  "split": "new",
  "relationships": {
    "left": [
      [
        1,
        3,
        4,
        5,
        6,
        8
      ],
      [
        3,
        4,
        5,
        8
      ],
      [
        0,
        1,
        3,
        4,
        5,
        6,
        8
      ],
      [],
      [
        3,
        5,
        8
      ],
      [
        3,
        8
      ],
      [
        1,
        3,
        4,
        5,
        8
      ],
      [
        0,
        1,
        2,
        3,
        4,
        5,
        6,
        8
      ],
      [
        3
      ]
    ],
    "front": [
      [
        1,
        5
      ],
      [],
      [
        0,
        1,
        3,
        5,
        7
      ],
      [
        0,
        1,
        5,
        7
      ],
      [
        0,
        1,
        2,
        3,
        5,
        7,
        8
      ],
      [
        1
      ],
      [
        0,
        1,
        2,
        3,
        4,
        5,
        7,
        8
      ],
      [
        0,
        1,
        5
      ],
      [
        0,
        1,
        2,
        3,
        5,
        7
      ]
    ],
    "behind": [
      [
        2,
        3,
        4,
        6,
        7,
        8
      ],
      [
        0,
        2,
        3,
        4,
        5,
        6,
        7,
        8
      ],
      [
        4,
        6,
        8
      ],
      [
        2,
        4,
        6,
        8
      ],
      [
        6
      ],
      [
        0,
        2,
        3,
        4,
        6,
        7,
        8
      ],
      [],
      [
        2,
        3,
        4,
        6,
        8
      ],
      [
        4,
        6
      ]
    ],
    "right": [
      [
        2,
        7
      ],
      [
        0,
        2,
        6,
        7
      ],
      [
        7
      ],
      [
        0,
        1,
        2,
        4,
        5,
        6,
        7,
        8
      ],
      [
        0,
        1,
        2,
        6,
        7
      ],
      [
        0,
        1,
        2,
        4,
        6,
        7
      ],
      [
        0,
        2,
        7
      ],
      [],
      [
        0,
        1,
        2,
        4,
        5,
        6,
        7
      ]
    ]
  },
  "directions": {
    "left": [
      -0.6563112735748291,
      -0.7544902563095093,
      0.0
    ],
    "behind": [
      -0.754490315914154,
      0.6563112735748291,
      0.0
    ],
    "below": [
      -0.0,
      -0.0,
      -1.0
    ],
    "front": [
      0.754490315914154,
      -0.6563112735748291,
      -0.0
    ],
    "above": [
      0.0,
      0.0,
      1.0
    ],
    "right": [
      0.6563112735748291,
      0.7544902563095093,
      -0.0
    ]
  },
  "image_filename": "CLEVR_new_000053",
  "objects": [
    {
      "rotation": 31.47454205136787,
      "material": "metal",
      "color": "cyan",
      "3d_coords": [
        2.3120980262756348,
        0.2002357691526413,
        0.3499999940395355
      ],
      "shape": "sphere",
      "pixel_coords": [
        220,
        137,
        9.677718162536621
      ],
      "size": "small"
    },
    {
      "rotation": 265.80733948210064,
      "material": "rubber",
      "color": "gray",
      "3d_coords": [
        2.6407179832458496,
        -1.7007229328155518,
        0.3499999940395355
      ],
      "shape": "cylinder",
      "pixel_coords": [
        179,
        169,
        8.36117172241211
      ],
      "size": "small"
    },
    {
      "rotation": 87.0835993028212,
      "material": "rubber",
      "color": "red",
      "3d_coords": [
        0.6840973496437073,
        2.17476749420166,
        0.699999988079071
      ],
      "shape": "cube",
      "pixel_coords": [
        222,
        89,
        11.733747482299805
      ],
      "size": "large"
    },
    {
      "rotation": 28.97892675419226,
      "material": "rubber",
      "color": "green",
      "3d_coords": [
        -1.5257142782211304,
        -2.3809914588928223,
        0.3499999940395355
      ],
      "shape": "cube",
      "pixel_coords": [
        69,
        116,
        10.735403060913086
      ],
      "size": "small"
    },
    {
      "rotation": 149.09210472781587,
      "material": "metal",
      "color": "brown",
      "3d_coords": [
        -2.316193103790283,
        1.4165928363800049,
        0.699999988079071
      ],
      "shape": "cylinder",
      "pixel_coords": [
        148,
        70,
        13.288440704345703
      ],
      "size": "large"
    },
    {
      "rotation": 259.4879257817995,
      "material": "metal",
      "color": "red",
      "3d_coords": [
        0.5617599487304688,
        -2.830150842666626,
        0.3499999940395355
      ],
      "shape": "cylinder",
      "pixel_coords": [
        92,
        150,
        9.08944320678711
      ],
      "size": "small"
    },
    {
      "rotation": 351.5436327796085,
      "material": "metal",
      "color": "brown",
      "3d_coords": [
        -1.654941201210022,
        2.9800989627838135,
        0.699999988079071
      ],
      "shape": "cylinder",
      "pixel_coords": [
        190,
        66,
        13.752570152282715
      ],
      "size": "large"
    },
    {
      "rotation": 99.09007259244605,
      "material": "metal",
      "color": "purple",
      "3d_coords": [
        2.8159799575805664,
        1.7452764511108398,
        0.3499999940395355
      ],
      "shape": "cube",
      "pixel_coords": [
        268,
        125,
        10.235700607299805
      ],
      "size": "small"
    },
    {
      "rotation": 240.77798902673624,
      "material": "metal",
      "color": "purple",
      "3d_coords": [
        -2.618936061859131,
        -0.6966828107833862,
        0.699999988079071
      ],
      "shape": "cylinder",
      "pixel_coords": [
        96,
        82,
        12.268567085266113
      ],
      "size": "large"
    }
  ]
}