{
  "image_index": 114,
  "split": "new",
  "relationships": {
    "left": [
      [],
      [
        0,
        2,
        3,
        5,
        7
      ],
      [
        0
      ],
      [
        0,
        2,
        7
      ],
      [
        0,
        1,
        2,
        3,
        5,
        6,
        7
      ],
      [
        0,
        2,
        3,
        7
      ],
      [
        0,
        1,
        2,
        3,
        5,
        7
      ],
      [
        0,
        2
      ]
    ],
    "front": [
      [
        1,
        3,
        6,
        7
      ],
      [
        3
      ],
      [
        0,
        1,
        3,
        4,
        6,
        7
      ],
      [],
      [
        0,
        1,
        3,
        6,
        7
      ],
      [
        0,
        1,
        2,
        3,
        4,
        6,
        7
      ],
      [
        1,
        3
      ],
      [
        1,
        3,
        6
      ]
    ],
    "behind": [
      [
        2,
        4,
        5
      ],
      [
        0,
        2,
        4,
        5,
        6,
        7
      ],
      [
        5
      ],
      [
        0,
        1,
        2,
        4,
        5,
        6,
        7
      ],
      [
        2,
        5
      ],
      [],
      [
        0,
        2,
        4,
        5,
        7
      ],
      [
        0,
        2,
        4,
        5
      ]
    ],
    "right": [
      [
        1,
        2,
        3,
        4,
        5,
        6,
        7
      ],
      [
        4,
        6
      ],
      [
        1,
        3,
        4,
        5,
        6,
        7
      ],
      [
        1,
        4,
        5,
        6
      ],
      [],
      [
        1,
        4,
        6
      ],
      [
        4
      ],
      [
        1,
        3,
        4,
        5,
        6
      ]
    ]
  },
  "directions": {
    "left": [
      -0.6563112735748291,
      -0.7544902563095093,
      0.0
    ],
    "behind": [
      -0.754490315914154,
      0.6563112735748291,
      0.0
    ],
    "below": [
      -0.0,
      -0.0,
      -1.0
    ],
    "front": [
      0.754490315914154,
      -0.6563112735748291,
      -0.0
    ],
    "above": [
      0.0,
      0.0,
      1.0
    ],
    "right": [
      0.6563112735748291,
      0.7544902563095093,
      -0.0
    ]
  },
  "image_filename": "CLEVR_new_000114",
  "objects": [
    {
      "rotation": 290.68503973937226,
      "material": "metal",
      "color": "yellow",
      "3d_coords": [
        -2.559959650039673,
        -2.3190577030181885,
        0.699999988079071
      ],
      "shape": "cylinder",
      "pixel_coords": [
        54,
        95,
        11.292065620422363
      ],
      "size": "large"
    },
    {
      "rotation": 46.51614810746803,
      "material": "rubber",
      "color": "purple",
      "3d_coords": [
        1.9718987941741943,
        -0.03114081732928753,
        0.3499999940395355
      ],
      "shape": "sphere",
      "pixel_coords": [
        206,
        135,
        9.76999282836914
      ],
      "size": "small"
    },
    {
      "rotation": 207.27281666157586,
      "material": "rubber",
      "color": "brown",
      "3d_coords": [
        -2.8741259574890137,
        0.48350203037261963,
        0.699999988079071
      ],
      "shape": "sphere",
      "pixel_coords": [
        119,
        72,
        13.119913101196289
      ],
      "size": "large"
    },
    {
      "rotation": 73.78403682939357,
      "material": "metal",
      "color": "green",
      "3d_coords": [
        1.950037956237793,
        -1.8179686069488525,
        0.699999988079071
      ],
      "shape": "sphere",
      "pixel_coords": [
        156,
        146,
        8.5861234664917
      ],
      "size": "large"
    },
    {
      "rotation": 327.555491279608,
      "material": "rubber",
      "color": "green",
      "3d_coords": [
        1.2106380462646484,
        2.891310930252075,
        0.699999988079071
      ],
      "shape": "cylinder",
      "pixel_coords": [
        248,
        88,
        11.798014640808105
      ],
      "size": "large"
    },
    {
      "rotation": 192.56062601429906,
      "material": "rubber",
      "color": "green",
      "3d_coords": [
        -2.4414637088775635,
        2.6193087100982666,
        0.699999988079071
      ],
      "shape": "cube",
      "pixel_coords": [
        169,
        63,
        14.066514015197754
      ],
      "size": "large"
    },
    {
      "rotation": 313.3486341833303,
      "material": "rubber",
      "color": "purple",
      "3d_coords": [
        1.9600751399993896,
        1.4714359045028687,
        0.3499999940395355
      ],
      "shape": "sphere",
      "pixel_coords": [
        239,
        118,
        10.645962715148926
      ],
      "size": "small"
    },
    {
      "rotation": 268.6346253399237,
      "material": "rubber",
      "color": "yellow",
      "3d_coords": [
        -0.42884695529937744,
        -0.6579105854034424,
        0.699999988079071
      ],
      "shape": "sphere",
      "pixel_coords": [
        135,
        102,
        10.836356163024902
      ],
      "size": "large"
    }
  ]
}