{
  "image_index": 193,
  "split": "new",
  "relationships": {
    "left": [
      [
        1,
        2,
        3,
        4,
        5,
        6,
        7,
        8
      ],
      [
        2,
        3,
        4,
        6,
        8
      ],
      [
        3,
        6
      ],
      [
        6
      ],
      [
        2,
        3,
        6
      ],
      [
        1,
        2,
        3,
        4,
        6,
        7,
        8
      ],
      [],
      [
        1,
        2,
        3,
        4,
        6,
        8
      ],
      [
        2,
        3,
        4,
        6
      ]
    ],
    "front": [
      [
        1,
        3,
        4,
        7,
        8
      ],
      [
        3,
        4,
        7,
        8
      ],
      [
        0,
        1,
        3,
        4,
        6,
        7,
        8
      ],
      [
        4,
        7,
        8
      ],
      [
        7,
        8
      ],
      [
        0,
        1,
        2,
        3,
        4,
        6,
        7,
        8
      ],
      [
        0,
        1,
        3,
        4,
        7,
        8
      ],
      [
        8
      ],
      []
    ],
    "behind": [
      [
        2,
        5,
        6
      ],
      [
        0,
        2,
        5,
        6
      ],
      [
        5
      ],
      [
        0,
        1,
        2,
        5,
        6
      ],
      [
        0,
        1,
        2,
        3,
        5,
        6
      ],
      [],
      [
        2,
        5
      ],
      [
        0,
        1,
        2,
        3,
        4,
        5,
        6
      ],
      [
        0,
        1,
        2,
        3,
        4,
        5,
        6,
        7
      ]
    ],
    "right": [
      [],
      [
        0,
        5,
        7
      ],
      [
        0,
        1,
        4,
        5,
        7,
        8
      ],
      [
        0,
        1,
        2,
        4,
        5,
        7,
        8
      ],
      [
        0,
        1,
        5,
        7,
        8
      ],
      [
        0
      ],
      [
        0,
        1,
        2,
        3,
        4,
        5,
        7,
        8
      ],
      [
        0,
        5
      ],
      [
        0,
        1,
        5,
        7
      ]
    ]
  },
  "directions": {
    "left": [
      -0.6563112735748291,
      -0.7544902563095093,
      0.0
    ],
    "behind": [
      -0.754490315914154,
      0.6563112735748291,
      0.0
    ],
    "below": [
      -0.0,
      -0.0,
      -1.0
    ],
    "front": [
      0.754490315914154,
      -0.6563112735748291,
      -0.0
    ],
    "above": [
      0.0,
      0.0,
      1.0
    ],
    "right": [
      0.6563112735748291,
      0.7544902563095093,
      -0.0
    ]
  },
  "image_filename": "CLEVR_new_000193",
  "objects": [
    {
      "rotation": 321.0228839113198,
      "material": "metal",
      "color": "red",
      "3d_coords": [
        1.7172924280166626,
        1.8454617261886597,
        0.699999988079071
      ],
      "shape": "cube",
      "pixel_coords": [
        241,
        101,
        10.857263565063477
      ],
      "size": "large"
    },
    {
      "rotation": 74.90876927497457,
      "material": "metal",
      "color": "red",
      "3d_coords": [
        0.6991121768951416,
        -0.24567481875419617,
        0.699999988079071
      ],
      "shape": "cylinder",
      "pixel_coords": [
        169,
        110,
        10.325358390808105
      ],
      "size": "large"
    },
    {
      "rotation": 231.89359138864867,
      "material": "metal",
      "color": "blue",
      "3d_coords": [
        -1.6974406242370605,
        -0.15488362312316895,
        0.699999988079071
      ],
      "shape": "cylinder",
      "pixel_coords": [
        124,
        86,
        11.96955394744873
      ],
      "size": "large"
    },
    {
      "rotation": 74.27383750141303,
      "material": "metal",
      "color": "gray",
      "3d_coords": [
        -0.1691688448190689,
        -2.5127975940704346,
        0.699999988079071
      ],
      "shape": "cylinder",
      "pixel_coords": [
        87,
        124,
        9.592218399047852
      ],
      "size": "large"
    },
    {
      "rotation": 104.10737386129729,
      "material": "rubber",
      "color": "brown",
      "3d_coords": [
        0.9994343519210815,
        -1.8353891372680664,
        0.3499999940395355
      ],
      "shape": "cylinder",
      "pixel_coords": [
        133,
        143,
        9.373475074768066
      ],
      "size": "small"
    },
    {
      "rotation": 265.57466120710603,
      "material": "rubber",
      "color": "brown",
      "3d_coords": [
        -0.7257435321807861,
        2.8241963386535645,
        0.699999988079071
      ],
      "shape": "cube",
      "pixel_coords": [
        204,
        73,
        13.045343399047852
      ],
      "size": "large"
    },
    {
      "rotation": 60.94942951891868,
      "material": "metal",
      "color": "gray",
      "3d_coords": [
        -2.670729637145996,
        -2.17777156829834,
        0.699999988079071
      ],
      "shape": "sphere",
      "pixel_coords": [
        56,
        93,
        11.447264671325684
      ],
      "size": "large"
    },
    {
      "rotation": 211.69074112741805,
      "material": "rubber",
      "color": "cyan",
      "3d_coords": [
        2.6630327701568604,
        -1.4112796783447266,
        0.3499999940395355
      ],
      "shape": "cube",
      "pixel_coords": [
        188,
        165,
        8.513577461242676
      ],
      "size": "small"
    },
    {
      "rotation": 67.42775134946652,
      "material": "rubber",
      "color": "yellow",
      "3d_coords": [
        2.801312208175659,
        -2.7771828174591064,
        0.3499999940395355
      ],
      "shape": "cube",
      "pixel_coords": [
        148,
        192,
        7.63258171081543
      ],
      "size": "small"
    }
  ]
}