{
  "image_index": 316,
  "split": "new",
  "relationships": {
    "left": [
      [
        2,
        7
      ],
      [
        0,
        2,
        3,
        5,
        6,
        7
      ],
      [],
      [
        0,
        2,
        5,
        6,
        7
      ],
      [
        0,
        1,
        2,
        3,
        5,
        6,
        7
      ],
      [
        0,
        2,
        6,
        7
      ],
      [
        0,
        2,
        7
      ],
      [
        2
      ],
      [
        0,
        1,
        2,
        3,
        4,
        5,
        6,
        7
      ]
    ],
    "front": [
      [
        3,
        4,
        5
      ],
      [
        0,
        3,
        4,
        5
      ],
      [
        0,
        1,
        3,
        4,
        5
      ],
      [],
      [
        3,
        5
      ],
      [
        3
      ],
      [
        0,
        1,
        2,
        3,
        4,
        5,
        7,
        8
      ],
      [
        0,
        1,
        2,
        3,
        4,
        5,
        8
      ],
      [
        0,
        1,
        2,
        3,
        4,
        5
      ]
    ],
    "behind": [
      [
        1,
        2,
        6,
        7,
        8
      ],
      [
        2,
        6,
        7,
        8
      ],
      [
        6,
        7,
        8
      ],
      [
        0,
        1,
        2,
        4,
        5,
        6,
        7,
        8
      ],
      [
        0,
        1,
        2,
        6,
        7,
        8
      ],
      [
        0,
        1,
        2,
        4,
        6,
        7,
        8
      ],
      [],
      [
        6
      ],
      [
        6,
        7
      ]
    ],
    "right": [
      [
        1,
        3,
        4,
        5,
        6,
        8
      ],
      [
        4,
        8
      ],
      [
        0,
        1,
        3,
        4,
        5,
        6,
        7,
        8
      ],
      [
        1,
        4,
        8
      ],
      [
        8
      ],
      [
        1,
        3,
        4,
        8
      ],
      [
        1,
        3,
        4,
        5,
        8
      ],
      [
        0,
        1,
        3,
        4,
        5,
        6,
        8
      ],
      []
    ]
  },
  "directions": {
    "left": [
      -0.6563112735748291,
      -0.7544902563095093,
      0.0
    ],
    "behind": [
      -0.754490315914154,
      0.6563112735748291,
      0.0
    ],
    "below": [
      -0.0,
      -0.0,
      -1.0
    ],
    "front": [
      0.754490315914154,
      -0.6563112735748291,
      -0.0
    ],
    "above": [
      0.0,
      0.0,
      1.0
    ],
    "right": [
      0.6563112735748291,
      0.7544902563095093,
      -0.0
    ]
  },
  "image_filename": "CLEVR_new_000316",
  "objects": [
    {
      "rotation": 149.61428193233849,
      "material": "rubber",
      "color": "brown",
      "3d_coords": [
        -0.14008915424346924,
        -1.5913137197494507,
        0.699999988079071
      ],
      "shape": "cylinder",
      "pixel_coords": [
        115,
        114,
        10.105293273925781
      ],
      "size": "large"
    },
    {
      "rotation": 76.47855445123527,
      "material": "rubber",
      "color": "brown",
      "3d_coords": [
        0.9889647960662842,
        0.6452521681785583,
        0.699999988079071
      ],
      "shape": "cube",
      "pixel_coords": [
        197,
        105,
        10.647579193115234
      ],
      "size": "large"
    },
    {
      "rotation": 61.07386054703937,
      "material": "rubber",
      "color": "brown",
      "3d_coords": [
        -2.8200109004974365,
        -2.5581612586975098,
        0.699999988079071
      ],
      "shape": "sphere",
      "pixel_coords": [
        43,
        94,
        11.326642990112305
      ],
      "size": "large"
    },
    {
      "rotation": 28.489901381692192,
      "material": "rubber",
      "color": "yellow",
      "3d_coords": [
        2.8825018405914307,
        -1.6729100942611694,
        0.3499999940395355
      ],
      "shape": "sphere",
      "pixel_coords": [
        187,
        173,
        8.216652870178223
      ],
      "size": "small"
    },
    {
      "rotation": 223.36027935743644,
      "material": "metal",
      "color": "cyan",
      "3d_coords": [
        2.5470616817474365,
        0.0989040657877922,
        0.699999988079071
      ],
      "shape": "cylinder",
      "pixel_coords": [
        226,
        130,
        9.297070503234863
      ],
      "size": "large"
    },
    {
      "rotation": 195.67699333763488,
      "material": "metal",
      "color": "brown",
      "3d_coords": [
        1.6139436960220337,
        -1.8714085817337036,
        0.3499999940395355
      ],
      "shape": "sphere",
      "pixel_coords": [
        146,
        153,
        8.944519996643066
      ],
      "size": "small"
    },
    {
      "rotation": 249.9093363794362,
      "material": "rubber",
      "color": "red",
      "3d_coords": [
        -2.50992488861084,
        1.1671502590179443,
        0.699999988079071
      ],
      "shape": "sphere",
      "pixel_coords": [
        140,
        70,
        13.272997856140137
      ],
      "size": "large"
    },
    {
      "rotation": 213.7136771829138,
      "material": "metal",
      "color": "gray",
      "3d_coords": [
        -2.7549233436584473,
        -0.6793476939201355,
        0.699999988079071
      ],
      "shape": "sphere",
      "pixel_coords": [
        94,
        81,
        12.368902206420898
      ],
      "size": "large"
    },
    {
      "rotation": 56.34905318328491,
      "material": "metal",
      "color": "gray",
      "3d_coords": [
        0.7511634826660156,
        2.735592842102051,
        0.3499999940395355
      ],
      "shape": "cube",
      "pixel_coords": [
        233,
        94,
        12.179265975952148
      ],
      "size": "small"
    }
  ]
}