{
  "image_index": 330,
  "split": "new",
  "relationships": {
    "left": [
      [
        2,
        5,
        6
      ],
      [
        0,
        2,
        4,
        5,
        6
      ],
      [],
      [
        0,
        1,
        2,
        4,
        5,
        6,
        8
      ],
      [
        0,
        2,
        5,
        6
      ],
      [
        2,
        6
      ],
      [
        2
      ],
      [
        0,
        1,
        2,
        3,
        4,
        5,
        6,
        8
      ],
      [
        0,
        1,
        2,
        4,
        5,
        6
      ]
    ],
    "front": [
      [],
      [
        0,
        2,
        3,
        6,
        7,
        8
      ],
      [
        0,
        6,
        8
      ],
      [
        0,
        2,
        6,
        7,
        8
      ],
      [
        0,
        1,
        2,
        3,
        5,
        6,
        7,
        8
      ],
      [
        0,
        1,
        2,
        3,
        6,
        7,
        8
      ],
      [
        0
      ],
      [
        0,
        2,
        6,
        8
      ],
      [
        0,
        6
      ]
    ],
    "behind": [
      [
        1,
        2,
        3,
        4,
        5,
        6,
        7,
        8
      ],
      [
        4,
        5
      ],
      [
        1,
        3,
        4,
        5,
        7
      ],
      [
        1,
        4,
        5
      ],
      [],
      [
        4
      ],
      [
        1,
        2,
        3,
        4,
        5,
        7,
        8
      ],
      [
        1,
        3,
        4,
        5
      ],
      [
        1,
        2,
        3,
        4,
        5,
        7
      ]
    ],
    "right": [
      [
        1,
        3,
        4,
        7,
        8
      ],
      [
        3,
        7,
        8
      ],
      [
        0,
        1,
        3,
        4,
        5,
        6,
        7,
        8
      ],
      [
        7
      ],
      [
        1,
        3,
        7,
        8
      ],
      [
        0,
        1,
        3,
        4,
        7,
        8
      ],
      [
        0,
        1,
        3,
        4,
        5,
        7,
        8
      ],
      [],
      [
        3,
        7
      ]
    ]
  },
  "directions": {
    "left": [
      -0.6563112735748291,
      -0.7544902563095093,
      0.0
    ],
    "behind": [
      -0.754490315914154,
      0.6563112735748291,
      0.0
    ],
    "below": [
      -0.0,
      -0.0,
      -1.0
    ],
    "front": [
      0.754490315914154,
      -0.6563112735748291,
      -0.0
    ],
    "above": [
      0.0,
      0.0,
      1.0
    ],
    "right": [
      0.6563112735748291,
      0.7544902563095093,
      -0.0
    ]
  },
  "image_filename": "CLEVR_new_000330",
  "objects": [
    {
      "rotation": 306.50328198636333,
      "material": "metal",
      "color": "red",
      "3d_coords": [
        2.770129680633545,
        -2.581620454788208,
        0.3499999940395355
      ],
      "shape": "cylinder",
      "pixel_coords": [
        154,
        187,
        7.766279220581055
      ],
      "size": "small"
    },
    {
      "rotation": 97.73120024732565,
      "material": "metal",
      "color": "red",
      "3d_coords": [
        -0.247830331325531,
        1.3478156328201294,
        0.3499999940395355
      ],
      "shape": "cylinder",
      "pixel_coords": [
        185,
        96,
        12.040986061096191
      ],
      "size": "small"
    },
    {
      "rotation": 349.5613264543395,
      "material": "metal",
      "color": "gray",
      "3d_coords": [
        -0.7069109678268433,
        -2.580869436264038,
        0.699999988079071
      ],
      "shape": "sphere",
      "pixel_coords": [
        75,
        118,
        9.910046577453613
      ],
      "size": "large"
    },
    {
      "rotation": 351.4391016004062,
      "material": "rubber",
      "color": "cyan",
      "3d_coords": [
        1.2069813013076782,
        2.0104870796203613,
        0.3499999940395355
      ],
      "shape": "sphere",
      "pixel_coords": [
        231,
        105,
        11.457590103149414
      ],
      "size": "small"
    },
    {
      "rotation": 14.794380008276281,
      "material": "rubber",
      "color": "blue",
      "3d_coords": [
        -2.0434391498565674,
        2.2179110050201416,
        0.3499999940395355
      ],
      "shape": "cylinder",
      "pixel_coords": [
        168,
        76,
        13.73629093170166
      ],
      "size": "small"
    },
    {
      "rotation": 17.97210348222646,
      "material": "metal",
      "color": "green",
      "3d_coords": [
        -1.7792446613311768,
        0.8093727827072144,
        0.3499999940395355
      ],
      "shape": "cylinder",
      "pixel_coords": [
        145,
        87,
        12.74703311920166
      ],
      "size": "small"
    },
    {
      "rotation": 240.23865145241064,
      "material": "metal",
      "color": "purple",
      "3d_coords": [
        1.2339788675308228,
        -2.7640738487243652,
        0.3499999940395355
      ],
      "shape": "cylinder",
      "pixel_coords": [
        109,
        160,
        8.681145668029785
      ],
      "size": "small"
    },
    {
      "rotation": 330.9837008398368,
      "material": "metal",
      "color": "cyan",
      "3d_coords": [
        2.54988169670105,
        2.2957489490509033,
        0.3499999940395355
      ],
      "shape": "sphere",
      "pixel_coords": [
        271,
        116,
        10.730473518371582
      ],
      "size": "small"
    },
    {
      "rotation": 268.8717503382495,
      "material": "metal",
      "color": "green",
      "3d_coords": [
        2.557649850845337,
        -0.23984619975090027,
        0.699999988079071
      ],
      "shape": "sphere",
      "pixel_coords": [
        218,
        134,
        9.094324111938477
      ],
      "size": "large"
    }
  ]
}