{
  "image_index": 117,
  "split": "new",
  "relationships": {
    "left": [
      [
        2
      ],
      [
        0,
        2
      ],
      [],
      [
        0,
        1,
        2,
        5,
        6,
        7
      ],
      [
        0,
        1,
        2,
        3,
        5,
        6,
        7
      ],
      [
        0,
        1,
        2,
        6
      ],
      [
        0,
        1,
        2
      ],
      [
        0,
        1,
        2,
        5,
        6
      ]
    ],
    "front": [
      [
        1,
        2,
        4,
        5,
        6,
        7
      ],
      [
        5
      ],
      [
        1,
        4,
        5,
        6
      ],
      [
        0,
        1,
        2,
        4,
        5,
        6,
        7
      ],
      [
        1,
        5
      ],
      [],
      [
        1,
        4,
        5
      ],
      [
        1,
        2,
        4,
        5,
        6
      ]
    ],
    "behind": [
      [
        3
      ],
      [
        0,
        2,
        3,
        4,
        6,
        7
      ],
      [
        0,
        3,
        7
      ],
      [],
      [
        0,
        2,
        3,
        6,
        7
      ],
      [
        0,
        1,
        2,
        3,
        4,
        6,
        7
      ],
      [
        0,
        2,
        3,
        7
      ],
      [
        0,
        3
      ]
    ],
    "right": [
      [
        1,
        3,
        4,
        5,
        6,
        7
      ],
      [
        3,
        4,
        5,
        6,
        7
      ],
      [
        0,
        1,
        3,
        4,
        5,
        6,
        7
      ],
      [
        4
      ],
      [],
      [
        3,
        4,
        7
      ],
      [
        3,
        4,
        5,
        7
      ],
      [
        3,
        4
      ]
    ]
  },
  "directions": {
    "left": [
      -0.6563112735748291,
      -0.7544902563095093,
      0.0
    ],
    "behind": [
      -0.754490315914154,
      0.6563112735748291,
      0.0
    ],
    "below": [
      -0.0,
      -0.0,
      -1.0
    ],
    "front": [
      0.754490315914154,
      -0.6563112735748291,
      -0.0
    ],
    "above": [
      0.0,
      0.0,
      1.0
    ],
    "right": [
      0.6563112735748291,
      0.7544902563095093,
      -0.0
    ]
  },
  "image_filename": "CLEVR_new_000117",
  "objects": [
    {
      "rotation": 229.4114516141238,
      "material": "rubber",
      "color": "purple",
      "3d_coords": [
        -2.3699469566345215,
        -0.8436437249183655,
        0.3499999940395355
      ],
      "shape": "cylinder",
      "pixel_coords": [
        97,
        94,
        12.184330940246582
      ],
      "size": "small"
    },
    {
      "rotation": 202.4529281431383,
      "material": "metal",
      "color": "gray",
      "3d_coords": [
        1.1716493368148804,
        -2.8839478492736816,
        0.3499999940395355
      ],
      "shape": "cube",
      "pixel_coords": [
        103,
        161,
        8.65328598022461
      ],
      "size": "small"
    },
    {
      "rotation": 194.78933319139873,
      "material": "metal",
      "color": "green",
      "3d_coords": [
        -2.060087203979492,
        -2.2310047149658203,
        0.699999988079071
      ],
      "shape": "cube",
      "pixel_coords": [
        64,
        99,
        11.010932922363281
      ],
      "size": "large"
    },
    {
      "rotation": 255.90422742871783,
      "material": "rubber",
      "color": "gray",
      "3d_coords": [
        -0.9411027431488037,
        1.9010905027389526,
        0.3499999940395355
      ],
      "shape": "cylinder",
      "pixel_coords": [
        182,
        86,
        12.821098327636719
      ],
      "size": "small"
    },
    {
      "rotation": 243.8149807845171,
      "material": "rubber",
      "color": "purple",
      "3d_coords": [
        1.9514825344085693,
        0.2565000057220459,
        0.699999988079071
      ],
      "shape": "cylinder",
      "pixel_coords": [
        213,
        120,
        9.783693313598633
      ],
      "size": "large"
    },
    {
      "rotation": 117.61664125648598,
      "material": "metal",
      "color": "blue",
      "3d_coords": [
        2.2772932052612305,
        -2.5950748920440674,
        0.3499999940395355
      ],
      "shape": "cube",
      "pixel_coords": [
        140,
        177,
        8.085837364196777
      ],
      "size": "small"
    },
    {
      "rotation": 30.377918475519206,
      "material": "metal",
      "color": "red",
      "3d_coords": [
        -0.06020736321806908,
        -1.2765412330627441,
        0.3499999940395355
      ],
      "shape": "sphere",
      "pixel_coords": [
        126,
        122,
        10.400142669677734
      ],
      "size": "small"
    },
    {
      "rotation": 214.31434342450243,
      "material": "rubber",
      "color": "green",
      "3d_coords": [
        -0.34604090452194214,
        0.4495795667171478,
        0.3499999940395355
      ],
      "shape": "cylinder",
      "pixel_coords": [
        163,
        103,
        11.587257385253906
      ],
      "size": "small"
    }
  ]
}