{
  "image_index": 253,
  "split": "new",
  "relationships": {
    "left": [
      [
        3,
        4,
        5,
        8
      ],
      [
        0,
        2,
        3,
        4,
        5,
        6,
        7,
        8
      ],
      [
        0,
        3,
        4,
        5,
        6,
        7,
        8
      ],
      [],
      [
        3,
        5,
        8
      ],
      [
        3
      ],
      [
        0,
        3,
        4,
        5,
        8
      ],
      [
        0,
        3,
        4,
        5,
        6,
        8
      ],
      [
        3,
        5
      ]
    ],
    "front": [
      [
        1,
        2,
        3,
        4,
        5,
        6,
        7
      ],
      [
        4,
        6
      ],
      [
        1,
        4,
        5,
        6
      ],
      [
        1,
        2,
        4,
        5,
        6
      ],
      [],
      [
        1,
        4,
        6
      ],
      [
        4
      ],
      [
        1,
        2,
        3,
        4,
        5,
        6
      ],
      [
        0,
        1,
        2,
        3,
        4,
        5,
        6,
        7
      ]
    ],
    "behind": [
      [
        8
      ],
      [
        0,
        2,
        3,
        5,
        7,
        8
      ],
      [
        0,
        3,
        7,
        8
      ],
      [
        0,
        7,
        8
      ],
      [
        0,
        1,
        2,
        3,
        5,
        6,
        7,
        8
      ],
      [
        0,
        2,
        3,
        7,
        8
      ],
      [
        0,
        1,
        2,
        3,
        5,
        7,
        8
      ],
      [
        0,
        8
      ],
      []
    ],
    "right": [
      [
        1,
        2,
        6,
        7
      ],
      [],
      [
        1
      ],
      [
        0,
        1,
        2,
        4,
        5,
        6,
        7,
        8
      ],
      [
        0,
        1,
        2,
        6,
        7
      ],
      [
        0,
        1,
        2,
        4,
        6,
        7,
        8
      ],
      [
        1,
        2,
        7
      ],
      [
        1,
        2
      ],
      [
        0,
        1,
        2,
        4,
        6,
        7
      ]
    ]
  },
  "directions": {
    "left": [
      -0.6563112735748291,
      -0.7544902563095093,
      0.0
    ],
    "behind": [
      -0.754490315914154,
      0.6563112735748291,
      0.0
    ],
    "below": [
      -0.0,
      -0.0,
      -1.0
    ],
    "front": [
      0.754490315914154,
      -0.6563112735748291,
      -0.0
    ],
    "above": [
      0.0,
      0.0,
      1.0
    ],
    "right": [
      0.6563112735748291,
      0.7544902563095093,
      -0.0
    ]
  },
  "image_filename": "CLEVR_new_000253",
  "objects": [
    {
      "rotation": 272.3488348904463,
      "material": "metal",
      "color": "yellow",
      "3d_coords": [
        -1.4084275960922241,
        2.015822649002075,
        0.699999988079071
      ],
      "shape": "cube",
      "pixel_coords": [
        176,
        73,
        13.03172779083252
      ],
      "size": "large"
    },
    {
      "rotation": 236.4292001943911,
      "material": "metal",
      "color": "green",
      "3d_coords": [
        2.9896316528320312,
        1.6913604736328125,
        0.3499999940395355
      ],
      "shape": "cylinder",
      "pixel_coords": [
        272,
        128,
        10.089214324951172
      ],
      "size": "small"
    },
    {
      "rotation": 119.28374831191775,
      "material": "rubber",
      "color": "red",
      "3d_coords": [
        1.7111577987670898,
        2.1841158866882324,
        0.3499999940395355
      ],
      "shape": "cube",
      "pixel_coords": [
        246,
        108,
        11.223040580749512
      ],
      "size": "small"
    },
    {
      "rotation": 26.363726740991233,
      "material": "metal",
      "color": "red",
      "3d_coords": [
        -2.600314140319824,
        -1.342810034751892,
        0.3499999940395355
      ],
      "shape": "sphere",
      "pixel_coords": [
        81,
        96,
        12.048941612243652
      ],
      "size": "small"
    },
    {
      "rotation": 312.9414709615132,
      "material": "rubber",
      "color": "red",
      "3d_coords": [
        1.343245029449463,
        -1.7752376794815063,
        0.3499999940395355
      ],
      "shape": "cylinder",
      "pixel_coords": [
        143,
        148,
        9.179875373840332
      ],
      "size": "small"
    },
    {
      "rotation": 276.62713205968186,
      "material": "metal",
      "color": "blue",
      "3d_coords": [
        -0.8411028981208801,
        -1.6467701196670532,
        0.3499999940395355
      ],
      "shape": "sphere",
      "pixel_coords": [
        101,
        117,
        10.704896926879883
      ],
      "size": "small"
    },
    {
      "rotation": 262.65291855582325,
      "material": "metal",
      "color": "purple",
      "3d_coords": [
        2.137263536453247,
        0.09565414488315582,
        0.699999988079071
      ],
      "shape": "cube",
      "pixel_coords": [
        214,
        124,
        9.56737232208252
      ],
      "size": "large"
    },
    {
      "rotation": 318.07533832683043,
      "material": "rubber",
      "color": "blue",
      "3d_coords": [
        0.332246869802475,
        2.7277469635009766,
        0.699999988079071
      ],
      "shape": "cylinder",
      "pixel_coords": [
        225,
        82,
        12.286924362182617
      ],
      "size": "large"
    },
    {
      "rotation": 130.4246169475161,
      "material": "metal",
      "color": "purple",
      "3d_coords": [
        -2.961561918258667,
        1.2990481853485107,
        0.699999988079071
      ],
      "shape": "cylinder",
      "pixel_coords": [
        135,
        67,
        13.649169921875
      ],
      "size": "large"
    }
  ]
}