{
  "image_index": 8,
  "split": "new",
  "relationships": {
    "left": [
      [
        3,
        6
      ],
      [
        0,
        2,
        3,
        4,
        5,
        6
      ],
      [
        0,
        3,
        4,
        6
      ],
      [],
      [
        0,
        3,
        6
      ],
      [
        0,
        2,
        3,
        4,
        6
      ],
      [
        3
      ]
    ],
    "front": [
      [
        1,
        2,
        4,
        5,
        6
      ],
      [
        2,
        4,
        6
      ],
      [
        6
      ],
      [
        0,
        1,
        2,
        4,
        5,
        6
      ],
      [
        2,
        6
      ],
      [
        1,
        2,
        4,
        6
      ],
      []
    ],
    "behind": [
      [
        3
      ],
      [
        0,
        3,
        5
      ],
      [
        0,
        1,
        3,
        4,
        5
      ],
      [],
      [
        0,
        1,
        3,
        5
      ],
      [
        0,
        3
      ],
      [
        0,
        1,
        2,
        3,
        4,
        5
      ]
    ],
    "right": [
      [
        1,
        2,
        4,
        5
      ],
      [],
      [
        1,
        5
      ],
      [
        0,
        1,
        2,
        4,
        5,
        6
      ],
      [
        1,
        2,
        5
      ],
      [
        1
      ],
      [
        0,
        1,
        2,
        4,
        5
      ]
    ]
  },
  "directions": {
    "left": [
      -0.6563112735748291,
      -0.7544902563095093,
      0.0
    ],
    "behind": [
      -0.754490315914154,
      0.6563112735748291,
      0.0
    ],
    "below": [
      -0.0,
      -0.0,
      -1.0
    ],
    "front": [
      0.754490315914154,
      -0.6563112735748291,
      -0.0
    ],
    "above": [
      0.0,
      0.0,
      1.0
    ],
    "right": [
      0.6563112735748291,
      0.7544902563095093,
      -0.0
    ]
  },
  "image_filename": "CLEVR_new_000008",
  "objects": [
    {
      "rotation": 97.5019125035471,
      "material": "metal",
      "color": "yellow",
      "3d_coords": [
        -0.6992129683494568,
        -0.0712418258190155,
        0.3499999940395355
      ],
      "shape": "cube",
      "pixel_coords": [
        144,
        104,
        11.52092170715332
      ],
      "size": "small"
    },
    {
      "rotation": 16.59027586203015,
      "material": "metal",
      "color": "red",
      "3d_coords": [
        2.8776605129241943,
        2.2739593982696533,
        0.3499999940395355
      ],
      "shape": "sphere",
      "pixel_coords": [
        280,
        120,
        10.500181198120117
      ],
      "size": "small"
    },
    {
      "rotation": 87.88564206485334,
      "material": "metal",
      "color": "purple",
      "3d_coords": [
        2.2864835262298584,
        -0.11778290569782257,
        0.699999988079071
      ],
      "shape": "sphere",
      "pixel_coords": [
        213,
        129,
        9.344949722290039
      ],
      "size": "large"
    },
    {
      "rotation": 79.47624274461297,
      "material": "rubber",
      "color": "red",
      "3d_coords": [
        -2.2755587100982666,
        -0.2353287935256958,
        0.3499999940395355
      ],
      "shape": "cube",
      "pixel_coords": [
        113,
        91,
        12.473095893859863
      ],
      "size": "small"
    },
    {
      "rotation": 21.28755512800565,
      "material": "rubber",
      "color": "blue",
      "3d_coords": [
        1.0055238008499146,
        -0.7736199498176575,
        0.3499999940395355
      ],
      "shape": "sphere",
      "pixel_coords": [
        163,
        130,
        9.982870101928711
      ],
      "size": "small"
    },
    {
      "rotation": 40.177818466645476,
      "material": "metal",
      "color": "green",
      "3d_coords": [
        1.3783609867095947,
        1.6692309379577637,
        0.699999988079071
      ],
      "shape": "sphere",
      "pixel_coords": [
        229,
        100,
        10.98055648803711
      ],
      "size": "large"
    },
    {
      "rotation": 194.27127066827128,
      "material": "metal",
      "color": "brown",
      "3d_coords": [
        1.5788735151290894,
        -2.699777364730835,
        0.3499999940395355
      ],
      "shape": "cylinder",
      "pixel_coords": [
        119,
        165,
        8.489221572875977
      ],
      "size": "small"
    }
  ]
}