{
  "image_index": 174,
  "split": "new",
  "relationships": {
    "left": [
      [
        3,
        6
      ],
      [
        0,
        2,
        3,
        4,
        5,
        6,
        7
      ],
      [
        0,
        3,
        4,
        6
      ],
      [],
      [
        0,
        3,
        6
      ],
      [
        0,
        2,
        3,
        4,
        6,
        7
      ],
      [
        3
      ],
      [
        0,
        2,
        3,
        4,
        6
      ]
    ],
    "front": [
      [
        1,
        2,
        3,
        5,
        6,
        7
      ],
      [
        2,
        6,
        7
      ],
      [
        6,
        7
      ],
      [
        1,
        2,
        6,
        7
      ],
      [
        0,
        1,
        2,
        3,
        5,
        6,
        7
      ],
      [
        1,
        2,
        3,
        6,
        7
      ],
      [
        7
      ],
      []
    ],
    "behind": [
      [
        4
      ],
      [
        0,
        3,
        4,
        5
      ],
      [
        0,
        1,
        3,
        4,
        5
      ],
      [
        0,
        4,
        5
      ],
      [],
      [
        0,
        4
      ],
      [
        0,
        1,
        2,
        3,
        4,
        5
      ],
      [
        0,
        1,
        2,
        3,
        4,
        5,
        6
      ]
    ],
    "right": [
      [
        1,
        2,
        4,
        5,
        7
      ],
      [],
      [
        1,
        5,
        7
      ],
      [
        0,
        1,
        2,
        4,
        5,
        6,
        7
      ],
      [
        1,
        2,
        5,
        7
      ],
      [
        1
      ],
      [
        0,
        1,
        2,
        4,
        5,
        7
      ],
      [
        1,
        5
      ]
    ]
  },
  "directions": {
    "left": [
      -0.6563112735748291,
      -0.7544902563095093,
      0.0
    ],
    "behind": [
      -0.754490315914154,
      0.6563112735748291,
      0.0
    ],
    "below": [
      -0.0,
      -0.0,
      -1.0
    ],
    "front": [
      0.754490315914154,
      -0.6563112735748291,
      -0.0
    ],
    "above": [
      0.0,
      0.0,
      1.0
    ],
    "right": [
      0.6563112735748291,
      0.7544902563095093,
      -0.0
    ]
  },
  "image_filename": "CLEVR_new_000174",
  "objects": [
    {
      "rotation": 124.68574262921362,
      "material": "metal",
      "color": "purple",
      "3d_coords": [
        -2.432112455368042,
        0.1911689192056656,
        0.3499999940395355
      ],
      "shape": "sphere",
      "pixel_coords": [
        120,
        86,
        12.823485374450684
      ],
      "size": "small"
    },
    {
      "rotation": 160.18358773409855,
      "material": "metal",
      "color": "blue",
      "3d_coords": [
        2.4903509616851807,
        2.522250175476074,
        0.3499999940395355
      ],
      "shape": "cylinder",
      "pixel_coords": [
        274,
        114,
        10.900874137878418
      ],
      "size": "small"
    },
    {
      "rotation": 170.4317650562647,
      "material": "metal",
      "color": "cyan",
      "3d_coords": [
        1.1042858362197876,
        -1.1462326049804688,
        0.699999988079071
      ],
      "shape": "cylinder",
      "pixel_coords": [
        155,
        125,
        9.535951614379883
      ],
      "size": "large"
    },
    {
      "rotation": 85.64749556879822,
      "material": "rubber",
      "color": "blue",
      "3d_coords": [
        -2.7903192043304443,
        -2.672316312789917,
        0.699999988079071
      ],
      "shape": "sphere",
      "pixel_coords": [
        40,
        96,
        11.24096965789795
      ],
      "size": "large"
    },
    {
      "rotation": 138.08332577725295,
      "material": "metal",
      "color": "blue",
      "3d_coords": [
        -2.523169755935669,
        1.4482060670852661,
        0.3499999940395355
      ],
      "shape": "sphere",
      "pixel_coords": [
        146,
        77,
        13.610219955444336
      ],
      "size": "small"
    },
    {
      "rotation": 0.8171278933214499,
      "material": "metal",
      "color": "blue",
      "3d_coords": [
        -0.1212015226483345,
        1.2547945976257324,
        0.699999988079071
      ],
      "shape": "sphere",
      "pixel_coords": [
        186,
        89,
        11.737093925476074
      ],
      "size": "large"
    },
    {
      "rotation": 234.3507167725747,
      "material": "metal",
      "color": "brown",
      "3d_coords": [
        0.5376256704330444,
        -2.945010185241699,
        0.3499999940395355
      ],
      "shape": "cube",
      "pixel_coords": [
        88,
        151,
        9.03911304473877
      ],
      "size": "small"
    },
    {
      "rotation": 92.93849587427127,
      "material": "metal",
      "color": "purple",
      "3d_coords": [
        2.387890577316284,
        -1.4888348579406738,
        0.3499999940395355
      ],
      "shape": "cylinder",
      "pixel_coords": [
        178,
        161,
        8.651514053344727
      ],
      "size": "small"
    }
  ]
}