{
  "image_index": 173,
  "split": "new",
  "relationships": {
    "left": [
      [
        1,
        2,
        3,
        4,
        6,
        7
      ],
      [
        3,
        4,
        6
      ],
      [
        1,
        3,
        4,
        6
      ],
      [
        4,
        6
      ],
      [
        6
      ],
      [
        0,
        1,
        2,
        3,
        4,
        6,
        7
      ],
      [],
      [
        1,
        2,
        3,
        4,
        6
      ]
    ],
    "front": [
      [
        1,
        2,
        4
      ],
      [],
      [
        1,
        4
      ],
      [
        0,
        1,
        2,
        4
      ],
      [
        1
      ],
      [
        0,
        1,
        2,
        3,
        4,
        6
      ],
      [
        0,
        1,
        2,
        3,
        4
      ],
      [
        0,
        1,
        2,
        3,
        4,
        5,
        6
      ]
    ],
    "behind": [
      [
        3,
        5,
        6,
        7
      ],
      [
        0,
        2,
        3,
        4,
        5,
        6,
        7
      ],
      [
        0,
        3,
        5,
        6,
        7
      ],
      [
        5,
        6,
        7
      ],
      [
        0,
        2,
        3,
        5,
        6,
        7
      ],
      [
        7
      ],
      [
        5,
        7
      ],
      []
    ],
    "right": [
      [
        5
      ],
      [
        0,
        2,
        5,
        7
      ],
      [
        0,
        5,
        7
      ],
      [
        0,
        1,
        2,
        5,
        7
      ],
      [
        0,
        1,
        2,
        3,
        5,
        7
      ],
      [],
      [
        0,
        1,
        2,
        3,
        4,
        5,
        7
      ],
      [
        0,
        5
      ]
    ]
  },
  "directions": {
    "left": [
      -0.6563112735748291,
      -0.7544902563095093,
      0.0
    ],
    "behind": [
      -0.754490315914154,
      0.6563112735748291,
      0.0
    ],
    "below": [
      -0.0,
      -0.0,
      -1.0
    ],
    "front": [
      0.754490315914154,
      -0.6563112735748291,
      -0.0
    ],
    "above": [
      0.0,
      0.0,
      1.0
    ],
    "right": [
      0.6563112735748291,
      0.7544902563095093,
      -0.0
    ]
  },
  "image_filename": "CLEVR_new_000173",
  "objects": [
    {
      "rotation": 184.11171669787413,
      "material": "metal",
      "color": "green",
      "3d_coords": [
        1.0155463218688965,
        1.2114324569702148,
        0.3499999940395355
      ],
      "shape": "cylinder",
      "pixel_coords": [
        210,
        110,
        11.12308120727539
      ],
      "size": "small"
    },
    {
      "rotation": 95.6942808353489,
      "material": "metal",
      "color": "brown",
      "3d_coords": [
        1.4165294170379639,
        -2.0011086463928223,
        0.3499999940395355
      ],
      "shape": "cylinder",
      "pixel_coords": [
        137,
        152,
        9.000704765319824
      ],
      "size": "small"
    },
    {
      "rotation": 250.16446881897036,
      "material": "rubber",
      "color": "green",
      "3d_coords": [
        0.4113283157348633,
        -0.5743930339813232,
        0.3499999940395355
      ],
      "shape": "sphere",
      "pixel_coords": [
        155,
        121,
        10.492626190185547
      ],
      "size": "small"
    },
    {
      "rotation": 107.29162326323731,
      "material": "metal",
      "color": "cyan",
      "3d_coords": [
        -1.4590427875518799,
        -0.9495854377746582,
        0.699999988079071
      ],
      "shape": "cylinder",
      "pixel_coords": [
        108,
        94,
        11.35207462310791
      ],
      "size": "large"
    },
    {
      "rotation": 175.37904028474705,
      "material": "metal",
      "color": "brown",
      "3d_coords": [
        -0.24553203582763672,
        -2.6938235759735107,
        0.3499999940395355
      ],
      "shape": "cube",
      "pixel_coords": [
        81,
        136,
        9.70439338684082
      ],
      "size": "small"
    },
    {
      "rotation": 129.37872852531154,
      "material": "metal",
      "color": "brown",
      "3d_coords": [
        0.4655376076698303,
        2.7030649185180664,
        0.699999988079071
      ],
      "shape": "sphere",
      "pixel_coords": [
        227,
        83,
        12.184134483337402
      ],
      "size": "large"
    },
    {
      "rotation": 15.823292746175085,
      "material": "metal",
      "color": "brown",
      "3d_coords": [
        -2.9176578521728516,
        -1.8891866207122803,
        0.3499999940395355
      ],
      "shape": "cylinder",
      "pixel_coords": [
        62,
        98,
        11.944045066833496
      ],
      "size": "small"
    },
    {
      "rotation": 276.28099521780734,
      "material": "rubber",
      "color": "purple",
      "3d_coords": [
        -1.3468774557113647,
        2.2812836170196533,
        0.699999988079071
      ],
      "shape": "cube",
      "pixel_coords": [
        182,
        72,
        13.144218444824219
      ],
      "size": "large"
    }
  ]
}