{
  "image_index": 281,
  "split": "new",
  "relationships": {
    "left": [
      [
        1,
        2,
        3,
        4,
        5
      ],
      [
        3,
        4
      ],
      [
        1,
        3,
        4
      ],
      [],
      [
        3
      ],
      [
        1,
        2,
        3,
        4
      ],
      [
        0,
        1,
        2,
        3,
        4,
        5
      ]
    ],
    "front": [
      [
        1
      ],
      [],
      [
        0,
        1,
        3,
        4,
        5,
        6
      ],
      [
        0,
        1
      ],
      [
        0,
        1,
        3,
        5,
        6
      ],
      [
        0,
        1,
        3,
        6
      ],
      [
        0,
        1,
        3
      ]
    ],
    "behind": [
      [
        2,
        3,
        4,
        5,
        6
      ],
      [
        0,
        2,
        3,
        4,
        5,
        6
      ],
      [],
      [
        2,
        4,
        5,
        6
      ],
      [
        2
      ],
      [
        2,
        4
      ],
      [
        2,
        4,
        5
      ]
    ],
    "right": [
      [
        6
      ],
      [
        0,
        2,
        5,
        6
      ],
      [
        0,
        5,
        6
      ],
      [
        0,
        1,
        2,
        4,
        5,
        6
      ],
      [
        0,
        1,
        2,
        5,
        6
      ],
      [
        0,
        6
      ],
      []
    ]
  },
  "directions": {
    "left": [
      -0.6563112735748291,
      -0.7544902563095093,
      0.0
    ],
    "behind": [
      -0.754490315914154,
      0.6563112735748291,
      0.0
    ],
    "below": [
      -0.0,
      -0.0,
      -1.0
    ],
    "front": [
      0.754490315914154,
      -0.6563112735748291,
      -0.0
    ],
    "above": [
      0.0,
      0.0,
      1.0
    ],
    "right": [
      0.6563112735748291,
      0.7544902563095093,
      -0.0
    ]
  },
  "image_filename": "CLEVR_new_000281",
  "objects": [
    {
      "rotation": 178.98051252830402,
      "material": "metal",
      "color": "gray",
      "3d_coords": [
        1.9925501346588135,
        1.0685009956359863,
        0.3499999940395355
      ],
      "shape": "cube",
      "pixel_coords": [
        231,
        122,
        10.391596794128418
      ],
      "size": "small"
    },
    {
      "rotation": 89.78748608612167,
      "material": "metal",
      "color": "gray",
      "3d_coords": [
        0.7534189224243164,
        -2.477320909500122,
        0.699999988079071
      ],
      "shape": "cylinder",
      "pixel_coords": [
        107,
        137,
        8.999951362609863
      ],
      "size": "large"
    },
    {
      "rotation": 224.2900848594511,
      "material": "rubber",
      "color": "green",
      "3d_coords": [
        -2.1095144748687744,
        2.104337215423584,
        0.699999988079071
      ],
      "shape": "sphere",
      "pixel_coords": [
        165,
        68,
        13.548514366149902
      ],
      "size": "large"
    },
    {
      "rotation": 354.36488774915057,
      "material": "metal",
      "color": "blue",
      "3d_coords": [
        -1.972795844078064,
        -2.4919168949127197,
        0.3499999940395355
      ],
      "shape": "sphere",
      "pixel_coords": [
        59,
        112,
        10.96825885772705
      ],
      "size": "small"
    },
    {
      "rotation": 263.709467618771,
      "material": "metal",
      "color": "yellow",
      "3d_coords": [
        -2.9248528480529785,
        -0.19411443173885345,
        0.3499999940395355
      ],
      "shape": "cube",
      "pixel_coords": [
        104,
        85,
        12.928154945373535
      ],
      "size": "small"
    },
    {
      "rotation": 79.9295419655765,
      "material": "rubber",
      "color": "gray",
      "3d_coords": [
        -0.2689773440361023,
        1.4195873737335205,
        0.3499999940395355
      ],
      "shape": "cube",
      "pixel_coords": [
        186,
        96,
        12.096497535705566
      ],
      "size": "small"
    },
    {
      "rotation": 98.2843158972362,
      "material": "rubber",
      "color": "gray",
      "3d_coords": [
        2.1549034118652344,
        2.9276087284088135,
        0.699999988079071
      ],
      "shape": "cylinder",
      "pixel_coords": [
        273,
        96,
        11.191823959350586
      ],
      "size": "large"
    }
  ]
}