{
  "image_index": 248,
  "split": "new",
  "relationships": {
    "left": [
      [
        1,
        2,
        5,
        6,
        7,
        8
      ],
      [
        8
      ],
      [
        1,
        8
      ],
      [
        0,
        1,
        2,
        4,
        5,
        6,
        7,
        8
      ],
      [
        0,
        1,
        2,
        5,
        6,
        7,
        8
      ],
      [
        1,
        2,
        8
      ],
      [
        1,
        2,
        5,
        7,
        8
      ],
      [
        1,
        2,
        5,
        8
      ],
      []
    ],
    "front": [
      [
        1,
        7
      ],
      [
        7
      ],
      [
        0,
        1,
        6,
        7,
        8
      ],
      [
        0,
        1,
        2,
        6,
        7,
        8
      ],
      [
        0,
        1,
        2,
        3,
        6,
        7,
        8
      ],
      [
        0,
        1,
        2,
        3,
        4,
        6,
        7,
        8
      ],
      [
        0,
        1,
        7
      ],
      [],
      [
        0,
        1,
        6,
        7
      ]
    ],
    "behind": [
      [
        2,
        3,
        4,
        5,
        6,
        8
      ],
      [
        0,
        2,
        3,
        4,
        5,
        6,
        8
      ],
      [
        3,
        4,
        5
      ],
      [
        4,
        5
      ],
      [
        5
      ],
      [],
      [
        2,
        3,
        4,
        5,
        8
      ],
      [
        0,
        1,
        2,
        3,
        4,
        5,
        6,
        8
      ],
      [
        2,
        3,
        4,
        5
      ]
    ],
    "right": [
      [
        3,
        4
      ],
      [
        0,
        2,
        3,
        4,
        5,
        6,
        7
      ],
      [
        0,
        3,
        4,
        5,
        6,
        7
      ],
      [],
      [
        3
      ],
      [
        0,
        3,
        4,
        6,
        7
      ],
      [
        0,
        3,
        4
      ],
      [
        0,
        3,
        4,
        6
      ],
      [
        0,
        1,
        2,
        3,
        4,
        5,
        6,
        7
      ]
    ]
  },
  "directions": {
    "left": [
      -0.6563112735748291,
      -0.7544902563095093,
      0.0
    ],
    "behind": [
      -0.754490315914154,
      0.6563112735748291,
      0.0
    ],
    "below": [
      -0.0,
      -0.0,
      -1.0
    ],
    "front": [
      0.754490315914154,
      -0.6563112735748291,
      -0.0
    ],
    "above": [
      0.0,
      0.0,
      1.0
    ],
    "right": [
      0.6563112735748291,
      0.7544902563095093,
      -0.0
    ]
  },
  "image_filename": "CLEVR_new_000248",
  "objects": [
    {
      "rotation": 289.55964760788913,
      "material": "rubber",
      "color": "gray",
      "3d_coords": [
        1.7598600387573242,
        -0.5550968647003174,
        0.3499999940395355
      ],
      "shape": "sphere",
      "pixel_coords": [
        187,
        138,
        9.608107566833496
      ],
      "size": "small"
    },
    {
      "rotation": 12.394657022773448,
      "material": "metal",
      "color": "brown",
      "3d_coords": [
        0.2934715747833252,
        -2.9307241439819336,
        0.699999988079071
      ],
      "shape": "sphere",
      "pixel_coords": [
        82,
        136,
        9.04348373413086
      ],
      "size": "large"
    },
    {
      "rotation": 290.22245002829067,
      "material": "rubber",
      "color": "purple",
      "3d_coords": [
        -1.0106267929077148,
        -0.8239003419876099,
        0.699999988079071
      ],
      "shape": "cube",
      "pixel_coords": [
        120,
        97,
        11.126860618591309
      ],
      "size": "large"
    },
    {
      "rotation": 7.722304205407613,
      "material": "metal",
      "color": "gray",
      "3d_coords": [
        0.9622771739959717,
        2.8347249031066895,
        0.699999988079071
      ],
      "shape": "cube",
      "pixel_coords": [
        241,
        86,
        11.930277824401855
      ],
      "size": "large"
    },
    {
      "rotation": 272.83896097888413,
      "material": "metal",
      "color": "yellow",
      "3d_coords": [
        -1.0903791189193726,
        2.5474703311920166,
        0.3499999940395355
      ],
      "shape": "sphere",
      "pixel_coords": [
        192,
        81,
        13.293692588806152
      ],
      "size": "small"
    },
    {
      "rotation": 182.38064266552306,
      "material": "metal",
      "color": "green",
      "3d_coords": [
        -2.9321136474609375,
        1.4855246543884277,
        0.3499999940395355
      ],
      "shape": "cylinder",
      "pixel_coords": [
        140,
        74,
        13.903392791748047
      ],
      "size": "small"
    },
    {
      "rotation": 211.32357638851664,
      "material": "rubber",
      "color": "yellow",
      "3d_coords": [
        0.7700076103210449,
        -0.3988446891307831,
        0.3499999940395355
      ],
      "shape": "cylinder",
      "pixel_coords": [
        167,
        123,
        10.355822563171387
      ],
      "size": "small"
    },
    {
      "rotation": 21.268095758147414,
      "material": "metal",
      "color": "brown",
      "3d_coords": [
        2.756007432937622,
        -2.919201374053955,
        0.699999988079071
      ],
      "shape": "cube",
      "pixel_coords": [
        141,
        180,
        7.414576053619385
      ],
      "size": "large"
    },
    {
      "rotation": 33.949585506248866,
      "material": "rubber",
      "color": "yellow",
      "3d_coords": [
        -2.300417184829712,
        -2.9352376461029053,
        0.3499999940395355
      ],
      "shape": "cube",
      "pixel_coords": [
        41,
        113,
        10.929728507995605
      ],
      "size": "small"
    }
  ]
}