{
  "image_index": 198,
  "split": "new",
  "relationships": {
    "left": [
      [
        1,
        2,
        6,
        7,
        8
      ],
      [
        6
      ],
      [
        1,
        6,
        7
      ],
      [
        0,
        1,
        2,
        5,
        6,
        7,
        8
      ],
      [
        0,
        1,
        2,
        3,
        5,
        6,
        7,
        8
      ],
      [
        0,
        1,
        2,
        6,
        7,
        8
      ],
      [],
      [
        1,
        6
      ],
      [
        1,
        2,
        6,
        7
      ]
    ],
    "front": [
      [
        2,
        4,
        5
      ],
      [
        0,
        2,
        3,
        4,
        5,
        6,
        7
      ],
      [],
      [
        0,
        2,
        4,
        5,
        6,
        7
      ],
      [
        2,
        5
      ],
      [
        2
      ],
      [
        0,
        2,
        4,
        5
      ],
      [
        0,
        2,
        4,
        5,
        6
      ],
      [
        0,
        1,
        2,
        3,
        4,
        5,
        6,
        7
      ]
    ],
    "behind": [
      [
        1,
        3,
        6,
        7,
        8
      ],
      [
        8
      ],
      [
        0,
        1,
        3,
        4,
        5,
        6,
        7,
        8
      ],
      [
        1,
        8
      ],
      [
        0,
        1,
        3,
        6,
        7,
        8
      ],
      [
        0,
        1,
        3,
        4,
        6,
        7,
        8
      ],
      [
        1,
        3,
        7,
        8
      ],
      [
        1,
        3,
        8
      ],
      []
    ],
    "right": [
      [
        3,
        4,
        5
      ],
      [
        0,
        2,
        3,
        4,
        5,
        7,
        8
      ],
      [
        0,
        3,
        4,
        5,
        8
      ],
      [
        4
      ],
      [],
      [
        3,
        4
      ],
      [
        0,
        1,
        2,
        3,
        4,
        5,
        7,
        8
      ],
      [
        0,
        2,
        3,
        4,
        5,
        8
      ],
      [
        0,
        3,
        4,
        5
      ]
    ]
  },
  "directions": {
    "left": [
      -0.6563112735748291,
      -0.7544902563095093,
      0.0
    ],
    "behind": [
      -0.754490315914154,
      0.6563112735748291,
      0.0
    ],
    "below": [
      -0.0,
      -0.0,
      -1.0
    ],
    "front": [
      0.754490315914154,
      -0.6563112735748291,
      -0.0
    ],
    "above": [
      0.0,
      0.0,
      1.0
    ],
    "right": [
      0.6563112735748291,
      0.7544902563095093,
      -0.0
    ]
  },
  "image_filename": "CLEVR_new_000198",
  "objects": [
    {
      "rotation": 21.987035294006276,
      "material": "rubber",
      "color": "gray",
      "3d_coords": [
        0.8193569779396057,
        0.7368350028991699,
        0.699999988079071
      ],
      "shape": "cube",
      "pixel_coords": [
        195,
        102,
        10.813141822814941
      ],
      "size": "large"
    },
    {
      "rotation": 163.7907151424605,
      "material": "metal",
      "color": "yellow",
      "3d_coords": [
        -2.914909839630127,
        0.15980589389801025,
        0.3499999940395355
      ],
      "shape": "cylinder",
      "pixel_coords": [
        112,
        83,
        13.126029014587402
      ],
      "size": "small"
    },
    {
      "rotation": 150.4298550746234,
      "material": "rubber",
      "color": "green",
      "3d_coords": [
        2.363696813583374,
        -2.619046688079834,
        0.3499999940395355
      ],
      "shape": "sphere",
      "pixel_coords": [
        141,
        179,
        8.01460075378418
      ],
      "size": "small"
    },
    {
      "rotation": 63.320672144461525,
      "material": "rubber",
      "color": "gray",
      "3d_coords": [
        0.0882592499256134,
        2.82368803024292,
        0.699999988079071
      ],
      "shape": "cylinder",
      "pixel_coords": [
        221,
        79,
        12.504405975341797
      ],
      "size": "large"
    },
    {
      "rotation": 318.6417156377284,
      "material": "metal",
      "color": "red",
      "3d_coords": [
        2.7258248329162598,
        1.5251225233078003,
        0.3499999940395355
      ],
      "shape": "cube",
      "pixel_coords": [
        261,
        127,
        10.168384552001953
      ],
      "size": "small"
    },
    {
      "rotation": 284.4814276935998,
      "material": "rubber",
      "color": "purple",
      "3d_coords": [
        2.3620619773864746,
        -0.05780159682035446,
        0.3499999940395355
      ],
      "shape": "sphere",
      "pixel_coords": [
        216,
        140,
        9.495450973510742
      ],
      "size": "small"
    },
    {
      "rotation": 353.201087433274,
      "material": "rubber",
      "color": "blue",
      "3d_coords": [
        -2.8032727241516113,
        -2.0417819023132324,
        0.699999988079071
      ],
      "shape": "cube",
      "pixel_coords": [
        58,
        90,
        11.613865852355957
      ],
      "size": "large"
    },
    {
      "rotation": 114.55035742659888,
      "material": "metal",
      "color": "green",
      "3d_coords": [
        -1.8796097040176392,
        -0.12315075099468231,
        0.3499999940395355
      ],
      "shape": "cylinder",
      "pixel_coords": [
        122,
        93,
        12.27492618560791
      ],
      "size": "small"
    },
    {
      "rotation": 253.30051501156987,
      "material": "rubber",
      "color": "gray",
      "3d_coords": [
        -2.948535919189453,
        2.9589622020721436,
        0.3499999940395355
      ],
      "shape": "sphere",
      "pixel_coords": [
        167,
        66,
        14.765582084655762
      ],
      "size": "small"
    }
  ]
}