{
  "image_index": 118,
  "split": "new",
  "relationships": {
    "left": [
      [],
      [
        0,
        5
      ],
      [
        0,
        1,
        3,
        5,
        6,
        8
      ],
      [
        0,
        1,
        5
      ],
      [
        0,
        1,
        2,
        3,
        5,
        6,
        8
      ],
      [
        0
      ],
      [
        0,
        1,
        3,
        5
      ],
      [
        0,
        1,
        2,
        3,
        4,
        5,
        6,
        8
      ],
      [
        0,
        1,
        3,
        5,
        6
      ]
    ],
    "front": [
      [
        1,
        4,
        5,
        7,
        8
      ],
      [],
      [
        0,
        1,
        4,
        5,
        7,
        8
      ],
      [
        0,
        1,
        2,
        4,
        5,
        7,
        8
      ],
      [
        1
      ],
      [
        1,
        4
      ],
      [
        0,
        1,
        2,
        3,
        4,
        5,
        7,
        8
      ],
      [
        1,
        4,
        5,
        8
      ],
      [
        1,
        4,
        5
      ]
    ],
    "behind": [
      [
        2,
        3,
        6
      ],
      [
        0,
        2,
        3,
        4,
        5,
        6,
        7,
        8
      ],
      [
        3,
        6
      ],
      [
        6
      ],
      [
        0,
        2,
        3,
        5,
        6,
        7,
        8
      ],
      [
        0,
        2,
        3,
        6,
        7,
        8
      ],
      [],
      [
        0,
        2,
        3,
        6
      ],
      [
        0,
        2,
        3,
        6,
        7
      ]
    ],
    "right": [
      [
        1,
        2,
        3,
        4,
        5,
        6,
        7,
        8
      ],
      [
        2,
        3,
        4,
        6,
        7,
        8
      ],
      [
        4,
        7
      ],
      [
        2,
        4,
        6,
        7,
        8
      ],
      [
        7
      ],
      [
        1,
        2,
        3,
        4,
        6,
        7,
        8
      ],
      [
        2,
        4,
        7,
        8
      ],
      [],
      [
        2,
        4,
        7
      ]
    ]
  },
  "directions": {
    "left": [
      -0.6563112735748291,
      -0.7544902563095093,
      0.0
    ],
    "behind": [
      -0.754490315914154,
      0.6563112735748291,
      0.0
    ],
    "below": [
      -0.0,
      -0.0,
      -1.0
    ],
    "front": [
      0.754490315914154,
      -0.6563112735748291,
      -0.0
    ],
    "above": [
      0.0,
      0.0,
      1.0
    ],
    "right": [
      0.6563112735748291,
      0.7544902563095093,
      -0.0
    ]
  },
  "image_filename": "CLEVR_new_000118",
  "objects": [
    {
      "rotation": 211.31501171446402,
      "material": "rubber",
      "color": "red",
      "3d_coords": [
        -2.6123993396759033,
        -1.565933108329773,
        0.699999988079071
      ],
      "shape": "cube",
      "pixel_coords": [
        74,
        88,
        11.762014389038086
      ],
      "size": "large"
    },
    {
      "rotation": 46.80616209131537,
      "material": "rubber",
      "color": "cyan",
      "3d_coords": [
        1.0470383167266846,
        -2.073470115661621,
        0.699999988079071
      ],
      "shape": "cylinder",
      "pixel_coords": [
        126,
        136,
        9.038260459899902
      ],
      "size": "large"
    },
    {
      "rotation": 347.7277400160415,
      "material": "metal",
      "color": "purple",
      "3d_coords": [
        -0.13245978951454163,
        2.4499692916870117,
        0.3499999940395355
      ],
      "shape": "sphere",
      "pixel_coords": [
        209,
        89,
        12.601130485534668
      ],
      "size": "small"
    },
    {
      "rotation": 196.48090420360126,
      "material": "rubber",
      "color": "yellow",
      "3d_coords": [
        -2.0337581634521484,
        1.8956165313720703,
        0.3499999940395355
      ],
      "shape": "cube",
      "pixel_coords": [
        162,
        78,
        13.543655395507812
      ],
      "size": "small"
    },
    {
      "rotation": 95.40266810015589,
      "material": "rubber",
      "color": "blue",
      "3d_coords": [
        2.8950181007385254,
        0.850893497467041,
        0.699999988079071
      ],
      "shape": "sphere",
      "pixel_coords": [
        254,
        126,
        9.500428199768066
      ],
      "size": "large"
    },
    {
      "rotation": 155.99246687650813,
      "material": "metal",
      "color": "gray",
      "3d_coords": [
        -0.9380634427070618,
        -1.7859941720962524,
        0.3499999940395355
      ],
      "shape": "sphere",
      "pixel_coords": [
        96,
        117,
        10.688858985900879
      ],
      "size": "small"
    },
    {
      "rotation": 38.5558795737451,
      "material": "metal",
      "color": "brown",
      "3d_coords": [
        -2.4148519039154053,
        2.9159786701202393,
        0.3499999940395355
      ],
      "shape": "cube",
      "pixel_coords": [
        175,
        69,
        14.386285781860352
      ],
      "size": "small"
    },
    {
      "rotation": 9.121614287974609,
      "material": "metal",
      "color": "red",
      "3d_coords": [
        1.5607596635818481,
        2.6125705242156982,
        0.699999988079071
      ],
      "shape": "cylinder",
      "pixel_coords": [
        252,
        93,
        11.404427528381348
      ],
      "size": "large"
    },
    {
      "rotation": 67.01504526588558,
      "material": "metal",
      "color": "brown",
      "3d_coords": [
        0.7468807697296143,
        1.0305551290512085,
        0.3499999940395355
      ],
      "shape": "cylinder",
      "pixel_coords": [
        200,
        109,
        11.197021484375
      ],
      "size": "small"
    }
  ]
}