{
  "image_index": 44,
  "split": "new",
  "relationships": {
    "left": [
      [
        2,
        5
      ],
      [
        0,
        2,
        3,
        5
      ],
      [],
      [
        0,
        2,
        5
      ],
      [
        0,
        1,
        2,
        3,
        5,
        6
      ],
      [
        2
      ],
      [
        0,
        1,
        2,
        3,
        5
      ],
      [
        0,
        1,
        2,
        3,
        4,
        5,
        6,
        8
      ],
      [
        0,
        1,
        2,
        3,
        4,
        5,
        6
      ]
    ],
    "front": [
      [
        5,
        8
      ],
      [
        0,
        5,
        8
      ],
      [
        0,
        1,
        4,
        5,
        7,
        8
      ],
      [
        0,
        1,
        2,
        4,
        5,
        6,
        7,
        8
      ],
      [
        0,
        1,
        5,
        8
      ],
      [],
      [
        0,
        1,
        2,
        4,
        5,
        7,
        8
      ],
      [
        0,
        1,
        4,
        5,
        8
      ],
      [
        5
      ]
    ],
    "behind": [
      [
        1,
        2,
        3,
        4,
        6,
        7
      ],
      [
        2,
        3,
        4,
        6,
        7
      ],
      [
        3,
        6
      ],
      [],
      [
        2,
        3,
        6,
        7
      ],
      [
        0,
        1,
        2,
        3,
        4,
        6,
        7,
        8
      ],
      [
        3
      ],
      [
        2,
        3,
        6
      ],
      [
        0,
        1,
        2,
        3,
        4,
        6,
        7
      ]
    ],
    "right": [
      [
        1,
        3,
        4,
        6,
        7,
        8
      ],
      [
        4,
        6,
        7,
        8
      ],
      [
        0,
        1,
        3,
        4,
        5,
        6,
        7,
        8
      ],
      [
        1,
        4,
        6,
        7,
        8
      ],
      [
        7,
        8
      ],
      [
        0,
        1,
        3,
        4,
        6,
        7,
        8
      ],
      [
        4,
        7,
        8
      ],
      [],
      [
        7
      ]
    ]
  },
  "directions": {
    "left": [
      -0.6563112735748291,
      -0.7544902563095093,
      0.0
    ],
    "behind": [
      -0.754490315914154,
      0.6563112735748291,
      0.0
    ],
    "below": [
      -0.0,
      -0.0,
      -1.0
    ],
    "front": [
      0.754490315914154,
      -0.6563112735748291,
      -0.0
    ],
    "above": [
      0.0,
      0.0,
      1.0
    ],
    "right": [
      0.6563112735748291,
      0.7544902563095093,
      -0.0
    ]
  },
  "image_filename": "CLEVR_new_000044",
  "objects": [
    {
      "rotation": 293.25332109893867,
      "material": "rubber",
      "color": "cyan",
      "3d_coords": [
        0.20119646191596985,
        -1.5296379327774048,
        0.699999988079071
      ],
      "shape": "cube",
      "pixel_coords": [
        124,
        118,
        9.914251327514648
      ],
      "size": "large"
    },
    {
      "rotation": 228.58108443796345,
      "material": "metal",
      "color": "red",
      "3d_coords": [
        0.6614891290664673,
        0.09687889367341995,
        0.699999988079071
      ],
      "shape": "sphere",
      "pixel_coords": [
        177,
        106,
        10.548258781433105
      ],
      "size": "large"
    },
    {
      "rotation": 100.4701192053994,
      "material": "metal",
      "color": "purple",
      "3d_coords": [
        -2.3953850269317627,
        -0.7946972846984863,
        0.699999988079071
      ],
      "shape": "cube",
      "pixel_coords": [
        97,
        84,
        12.063460350036621
      ],
      "size": "large"
    },
    {
      "rotation": 341.30350980491346,
      "material": "metal",
      "color": "cyan",
      "3d_coords": [
        -2.696815013885498,
        2.1045167446136475,
        0.699999988079071
      ],
      "shape": "sphere",
      "pixel_coords": [
        155,
        64,
        13.938691139221191
      ],
      "size": "large"
    },
    {
      "rotation": 13.341862374109672,
      "material": "metal",
      "color": "brown",
      "3d_coords": [
        1.0726622343063354,
        1.5145710706710815,
        0.3499999940395355
      ],
      "shape": "cube",
      "pixel_coords": [
        217,
        108,
        11.260285377502441
      ],
      "size": "small"
    },
    {
      "rotation": 130.66086941371344,
      "material": "metal",
      "color": "yellow",
      "3d_coords": [
        0.7009710669517517,
        -2.8471295833587646,
        0.3499999940395355
      ],
      "shape": "cube",
      "pixel_coords": [
        94,
        152,
        8.987173080444336
      ],
      "size": "small"
    },
    {
      "rotation": 297.4718194919107,
      "material": "metal",
      "color": "yellow",
      "3d_coords": [
        -1.0229358673095703,
        2.185516595840454,
        0.3499999940395355
      ],
      "shape": "cylinder",
      "pixel_coords": [
        186,
        84,
        13.039777755737305
      ],
      "size": "small"
    },
    {
      "rotation": 234.22126710633705,
      "material": "rubber",
      "color": "brown",
      "3d_coords": [
        1.714575171470642,
        2.9200937747955322,
        0.699999988079071
      ],
      "shape": "cube",
      "pixel_coords": [
        261,
        92,
        11.479938507080078
      ],
      "size": "large"
    },
    {
      "rotation": 175.16819486349976,
      "material": "rubber",
      "color": "gray",
      "3d_coords": [
        2.787248373031616,
        0.5781471133232117,
        0.699999988079071
      ],
      "shape": "cylinder",
      "pixel_coords": [
        244,
        127,
        9.414426803588867
      ],
      "size": "large"
    }
  ]
}