{
  "image_index": 85,
  "split": "new",
  "relationships": {
    "left": [
      [
        1,
        5,
        7
      ],
      [
        5,
        7
      ],
      [
        0,
        1,
        3,
        4,
        5,
        6,
        7,
        8
      ],
      [
        0,
        1,
        5,
        7,
        8
      ],
      [
        0,
        1,
        3,
        5,
        6,
        7,
        8
      ],
      [
        7
      ],
      [
        0,
        1,
        3,
        5,
        7,
        8
      ],
      [],
      [
        0,
        1,
        5,
        7
      ]
    ],
    "front": [
      [
        6
      ],
      [
        0,
        2,
        3,
        4,
        5,
        6,
        7
      ],
      [
        0,
        3,
        4,
        5,
        6,
        7
      ],
      [
        0,
        4,
        5,
        6,
        7
      ],
      [
        0,
        6
      ],
      [
        0,
        4,
        6,
        7
      ],
      [],
      [
        0,
        4,
        6
      ],
      [
        0,
        1,
        2,
        3,
        4,
        5,
        6,
        7
      ]
    ],
    "behind": [
      [
        1,
        2,
        3,
        4,
        5,
        7,
        8
      ],
      [
        8
      ],
      [
        1,
        8
      ],
      [
        1,
        2,
        8
      ],
      [
        1,
        2,
        3,
        5,
        7,
        8
      ],
      [
        1,
        2,
        3,
        8
      ],
      [
        0,
        1,
        2,
        3,
        4,
        5,
        7,
        8
      ],
      [
        1,
        2,
        3,
        5,
        8
      ],
      []
    ],
    "right": [
      [
        2,
        3,
        4,
        6,
        8
      ],
      [
        0,
        2,
        3,
        4,
        6,
        8
      ],
      [],
      [
        2,
        4,
        6
      ],
      [
        2
      ],
      [
        0,
        1,
        2,
        3,
        4,
        6,
        8
      ],
      [
        2,
        4
      ],
      [
        0,
        1,
        2,
        3,
        4,
        5,
        6,
        8
      ],
      [
        2,
        3,
        4,
        6
      ]
    ]
  },
  "directions": {
    "left": [
      -0.6563112735748291,
      -0.7544902563095093,
      0.0
    ],
    "behind": [
      -0.754490315914154,
      0.6563112735748291,
      0.0
    ],
    "below": [
      -0.0,
      -0.0,
      -1.0
    ],
    "front": [
      0.754490315914154,
      -0.6563112735748291,
      -0.0
    ],
    "above": [
      0.0,
      0.0,
      1.0
    ],
    "right": [
      0.6563112735748291,
      0.7544902563095093,
      -0.0
    ]
  },
  "image_filename": "CLEVR_new_000085",
  "objects": [
    {
      "rotation": 9.839119398596118,
      "material": "rubber",
      "color": "blue",
      "3d_coords": [
        1.455898642539978,
        -1.6536409854888916,
        0.699999988079071
      ],
      "shape": "sphere",
      "pixel_coords": [
        149,
        136,
        9.009261131286621
      ],
      "size": "large"
    },
    {
      "rotation": 197.33449581757165,
      "material": "rubber",
      "color": "cyan",
      "3d_coords": [
        -2.447249174118042,
        -0.26010143756866455,
        0.3499999940395355
      ],
      "shape": "cylinder",
      "pixel_coords": [
        110,
        89,
        12.572816848754883
      ],
      "size": "small"
    },
    {
      "rotation": 8.730321870507126,
      "material": "rubber",
      "color": "yellow",
      "3d_coords": [
        1.1225509643554688,
        2.959026575088501,
        0.699999988079071
      ],
      "shape": "sphere",
      "pixel_coords": [
        247,
        87,
        11.895642280578613
      ],
      "size": "large"
    },
    {
      "rotation": 144.16264327788926,
      "material": "metal",
      "color": "red",
      "3d_coords": [
        0.01025434210896492,
        0.8906927704811096,
        0.699999988079071
      ],
      "shape": "sphere",
      "pixel_coords": [
        181,
        93,
        11.439422607421875
      ],
      "size": "large"
    },
    {
      "rotation": 310.55314541463036,
      "material": "rubber",
      "color": "blue",
      "3d_coords": [
        2.298769474029541,
        0.4502567946910858,
        0.699999988079071
      ],
      "shape": "cylinder",
      "pixel_coords": [
        227,
        122,
        9.6649751663208
      ],
      "size": "large"
    },
    {
      "rotation": 128.71632722527423,
      "material": "metal",
      "color": "blue",
      "3d_coords": [
        -1.504391074180603,
        -1.6418282985687256,
        0.3499999940395355
      ],
      "shape": "sphere",
      "pixel_coords": [
        90,
        109,
        11.148294448852539
      ],
      "size": "small"
    },
    {
      "rotation": 166.95535171513833,
      "material": "rubber",
      "color": "gray",
      "3d_coords": [
        2.991088628768921,
        -1.1115766763687134,
        0.3499999940395355
      ],
      "shape": "cube",
      "pixel_coords": [
        206,
        166,
        8.468843460083008
      ],
      "size": "small"
    },
    {
      "rotation": 244.16501178964592,
      "material": "metal",
      "color": "cyan",
      "3d_coords": [
        -1.4670186042785645,
        -2.984905242919922,
        0.3499999940395355
      ],
      "shape": "cube",
      "pixel_coords": [
        51,
        123,
        10.347506523132324
      ],
      "size": "small"
    },
    {
      "rotation": 15.998043509620196,
      "material": "rubber",
      "color": "yellow",
      "3d_coords": [
        -1.5685700178146362,
        1.5719913244247437,
        0.699999988079071
      ],
      "shape": "sphere",
      "pixel_coords": [
        164,
        75,
        12.881667137145996
      ],
      "size": "large"
    }
  ]
}