{
  "image_index": 21,
  "split": "new",
  "relationships": {
    "left": [
      [
        4,
        5
      ],
      [
        0,
        2,
        3,
        4,
        5,
        6
      ],
      [
        0,
        4,
        5
      ],
      [
        0,
        2,
        4,
        5,
        6
      ],
      [],
      [
        4
      ],
      [
        0,
        2,
        4,
        5
      ],
      [
        0,
        1,
        2,
        3,
        4,
        5,
        6,
        8
      ],
      [
        0,
        1,
        2,
        3,
        4,
        5,
        6
      ]
    ],
    "front": [
      [
        1,
        2,
        4,
        5,
        6,
        7
      ],
      [
        6
      ],
      [
        1,
        5,
        6,
        7
      ],
      [
        0,
        1,
        2,
        4,
        5,
        6,
        7,
        8
      ],
      [
        1,
        2,
        5,
        6,
        7
      ],
      [
        1,
        6,
        7
      ],
      [],
      [
        1,
        6
      ],
      [
        0,
        1,
        2,
        4,
        5,
        6,
        7
      ]
    ],
    "behind": [
      [
        3,
        8
      ],
      [
        0,
        2,
        3,
        4,
        5,
        7,
        8
      ],
      [
        0,
        3,
        4,
        8
      ],
      [],
      [
        0,
        3,
        8
      ],
      [
        0,
        2,
        3,
        4,
        8
      ],
      [
        0,
        1,
        2,
        3,
        4,
        5,
        7,
        8
      ],
      [
        0,
        2,
        3,
        4,
        5,
        8
      ],
      [
        3
      ]
    ],
    "right": [
      [
        1,
        2,
        3,
        6,
        7,
        8
      ],
      [
        7,
        8
      ],
      [
        1,
        3,
        6,
        7,
        8
      ],
      [
        1,
        7,
        8
      ],
      [
        0,
        1,
        2,
        3,
        5,
        6,
        7,
        8
      ],
      [
        0,
        1,
        2,
        3,
        6,
        7,
        8
      ],
      [
        1,
        3,
        7,
        8
      ],
      [],
      [
        7
      ]
    ]
  },
  "directions": {
    "left": [
      -0.6563112735748291,
      -0.7544902563095093,
      0.0
    ],
    "behind": [
      -0.754490315914154,
      0.6563112735748291,
      0.0
    ],
    "below": [
      -0.0,
      -0.0,
      -1.0
    ],
    "front": [
      0.754490315914154,
      -0.6563112735748291,
      -0.0
    ],
    "above": [
      0.0,
      0.0,
      1.0
    ],
    "right": [
      0.6563112735748291,
      0.7544902563095093,
      -0.0
    ]
  },
  "image_filename": "CLEVR_new_000021",
  "objects": [
    {
      "rotation": 183.82347705198262,
      "material": "metal",
      "color": "cyan",
      "3d_coords": [
        -2.1233203411102295,
        -0.7488418221473694,
        0.3499999940395355
      ],
      "shape": "cube",
      "pixel_coords": [
        103,
        96,
        12.075299263000488
      ],
      "size": "small"
    },
    {
      "rotation": 150.56637300735235,
      "material": "metal",
      "color": "yellow",
      "3d_coords": [
        2.7976279258728027,
        -0.7892329692840576,
        0.3499999940395355
      ],
      "shape": "sphere",
      "pixel_coords": [
        209,
        157,
        8.783571243286133
      ],
      "size": "small"
    },
    {
      "rotation": 219.615132034735,
      "material": "rubber",
      "color": "green",
      "3d_coords": [
        -0.6346496939659119,
        -1.4154086112976074,
        0.3499999940395355
      ],
      "shape": "cylinder",
      "pixel_coords": [
        111,
        117,
        10.701444625854492
      ],
      "size": "small"
    },
    {
      "rotation": 256.5803461285573,
      "material": "metal",
      "color": "yellow",
      "3d_coords": [
        -2.0312161445617676,
        1.932223916053772,
        0.3499999940395355
      ],
      "shape": "sphere",
      "pixel_coords": [
        163,
        78,
        13.563117027282715
      ],
      "size": "small"
    },
    {
      "rotation": 115.00394396347004,
      "material": "rubber",
      "color": "cyan",
      "3d_coords": [
        -2.6345415115356445,
        -2.429426908493042,
        0.3499999940395355
      ],
      "shape": "cylinder",
      "pixel_coords": [
        51,
        105,
        11.443880081176758
      ],
      "size": "small"
    },
    {
      "rotation": 54.3099991737437,
      "material": "metal",
      "color": "gray",
      "3d_coords": [
        -0.6075278520584106,
        -2.727987766265869,
        0.3499999940395355
      ],
      "shape": "sphere",
      "pixel_coords": [
        73,
        131,
        9.925085067749023
      ],
      "size": "small"
    },
    {
      "rotation": 13.940490122562252,
      "material": "metal",
      "color": "purple",
      "3d_coords": [
        1.7507883310317993,
        -2.6263880729675293,
        0.699999988079071
      ],
      "shape": "cylinder",
      "pixel_coords": [
        125,
        155,
        8.251395225524902
      ],
      "size": "large"
    },
    {
      "rotation": 162.2011729706763,
      "material": "rubber",
      "color": "cyan",
      "3d_coords": [
        2.856109857559204,
        0.5812426209449768,
        0.3499999940395355
      ],
      "shape": "cylinder",
      "pixel_coords": [
        245,
        140,
        9.536523818969727
      ],
      "size": "small"
    },
    {
      "rotation": 45.06070431377178,
      "material": "metal",
      "color": "blue",
      "3d_coords": [
        -0.6472511291503906,
        2.7381441593170166,
        0.699999988079071
      ],
      "shape": "cube",
      "pixel_coords": [
        204,
        74,
        12.943492889404297
      ],
      "size": "large"
    }
  ]
}