{
  "image_index": 90,
  "split": "new",
  "relationships": {
    "left": [
      [
        1,
        2,
        4,
        5,
        7
      ],
      [
        2,
        4,
        5,
        7
      ],
      [
        4,
        5
      ],
      [
        0,
        1,
        2,
        4,
        5,
        7
      ],
      [
        5
      ],
      [],
      [
        0,
        1,
        2,
        3,
        4,
        5,
        7
      ],
      [
        2,
        4,
        5
      ]
    ],
    "front": [
      [
        1,
        3,
        4,
        5
      ],
      [],
      [
        0,
        1,
        3,
        4,
        5,
        6
      ],
      [
        1,
        4,
        5
      ],
      [
        1
      ],
      [
        1,
        4
      ],
      [
        0,
        1,
        3,
        4,
        5
      ],
      [
        0,
        1,
        2,
        3,
        4,
        5,
        6
      ]
    ],
    "behind": [
      [
        2,
        6,
        7
      ],
      [
        0,
        2,
        3,
        4,
        5,
        6,
        7
      ],
      [
        7
      ],
      [
        0,
        2,
        6,
        7
      ],
      [
        0,
        2,
        3,
        5,
        6,
        7
      ],
      [
        0,
        2,
        3,
        6,
        7
      ],
      [
        2,
        7
      ],
      []
    ],
    "right": [
      [
        3,
        6
      ],
      [
        0,
        3,
        6
      ],
      [
        0,
        1,
        3,
        6,
        7
      ],
      [
        6
      ],
      [
        0,
        1,
        2,
        3,
        6,
        7
      ],
      [
        0,
        1,
        2,
        3,
        4,
        6,
        7
      ],
      [],
      [
        0,
        1,
        3,
        6
      ]
    ]
  },
  "directions": {
    "left": [
      -0.6563112735748291,
      -0.7544902563095093,
      0.0
    ],
    "behind": [
      -0.754490315914154,
      0.6563112735748291,
      0.0
    ],
    "below": [
      -0.0,
      -0.0,
      -1.0
    ],
    "front": [
      0.754490315914154,
      -0.6563112735748291,
      -0.0
    ],
    "above": [
      0.0,
      0.0,
      1.0
    ],
    "right": [
      0.6563112735748291,
      0.7544902563095093,
      -0.0
    ]
  },
  "image_filename": "CLEVR_new_000090",
  "objects": [
    {
      "rotation": 60.476996549700786,
      "material": "metal",
      "color": "yellow",
      "3d_coords": [
        0.7360194325447083,
        0.8724863529205322,
        0.3499999940395355
      ],
      "shape": "cube",
      "pixel_coords": [
        196,
        110,
        11.112910270690918
      ],
      "size": "small"
    },
    {
      "rotation": 112.24834491681062,
      "material": "metal",
      "color": "red",
      "3d_coords": [
        2.7883896827697754,
        -1.5262343883514404,
        0.3499999940395355
      ],
      "shape": "cube",
      "pixel_coords": [
        188,
        169,
        8.363903045654297
      ],
      "size": "small"
    },
    {
      "rotation": 45.19101821974968,
      "material": "metal",
      "color": "red",
      "3d_coords": [
        -1.1625479459762573,
        0.6278814077377319,
        0.699999988079071
      ],
      "shape": "cylinder",
      "pixel_coords": [
        152,
        84,
        12.066534042358398
      ],
      "size": "large"
    },
    {
      "rotation": 103.60696163256651,
      "material": "metal",
      "color": "green",
      "3d_coords": [
        1.9578540325164795,
        1.6162052154541016,
        0.3499999940395355
      ],
      "shape": "sphere",
      "pixel_coords": [
        242,
        116,
        10.731078147888184
      ],
      "size": "small"
    },
    {
      "rotation": 167.33177859643985,
      "material": "metal",
      "color": "gray",
      "3d_coords": [
        1.491458773612976,
        -2.4041857719421387,
        0.699999988079071
      ],
      "shape": "cube",
      "pixel_coords": [
        126,
        147,
        8.552014350891113
      ],
      "size": "large"
    },
    {
      "rotation": 198.23265296907738,
      "material": "rubber",
      "color": "cyan",
      "3d_coords": [
        -0.265340656042099,
        -2.797957181930542,
        0.699999988079071
      ],
      "shape": "cube",
      "pixel_coords": [
        76,
        126,
        9.491341590881348
      ],
      "size": "large"
    },
    {
      "rotation": 172.68608124971803,
      "material": "rubber",
      "color": "blue",
      "3d_coords": [
        1.596582293510437,
        2.9910531044006348,
        0.3499999940395355
      ],
      "shape": "cylinder",
      "pixel_coords": [
        258,
        100,
        11.765349388122559
      ],
      "size": "small"
    },
    {
      "rotation": 27.098457418290913,
      "material": "rubber",
      "color": "blue",
      "3d_coords": [
        -2.4246597290039062,
        2.4715492725372314,
        0.699999988079071
      ],
      "shape": "sphere",
      "pixel_coords": [
        167,
        64,
        13.969985008239746
      ],
      "size": "large"
    }
  ]
}