{
  "image_index": 35,
  "split": "new",
  "relationships": {
    "left": [
      [
        5
      ],
      [
        0,
        2,
        3,
        4,
        5,
        6
      ],
      [
        0,
        5
      ],
      [
        0,
        2,
        4,
        5,
        6
      ],
      [
        0,
        2,
        5
      ],
      [],
      [
        0,
        2,
        4,
        5
      ]
    ],
    "front": [
      [
        1,
        2,
        3,
        5
      ],
      [
        2,
        3,
        5
      ],
      [],
      [
        2
      ],
      [
        0,
        1,
        2,
        3,
        5,
        6
      ],
      [
        2,
        3
      ],
      [
        0,
        1,
        2,
        3,
        5
      ]
    ],
    "behind": [
      [
        4,
        6
      ],
      [
        0,
        4,
        6
      ],
      [
        0,
        1,
        3,
        4,
        5,
        6
      ],
      [
        0,
        1,
        4,
        5,
        6
      ],
      [],
      [
        0,
        1,
        4,
        6
      ],
      [
        4
      ]
    ],
    "right": [
      [
        1,
        2,
        3,
        4,
        6
      ],
      [],
      [
        1,
        3,
        4,
        6
      ],
      [
        1
      ],
      [
        1,
        3,
        6
      ],
      [
        0,
        1,
        2,
        3,
        4,
        6
      ],
      [
        1,
        3
      ]
    ]
  },
  "directions": {
    "left": [
      -0.6563112735748291,
      -0.7544902563095093,
      0.0
    ],
    "behind": [
      -0.754490315914154,
      0.6563112735748291,
      0.0
    ],
    "below": [
      -0.0,
      -0.0,
      -1.0
    ],
    "front": [
      0.754490315914154,
      -0.6563112735748291,
      -0.0
    ],
    "above": [
      0.0,
      0.0,
      1.0
    ],
    "right": [
      0.6563112735748291,
      0.7544902563095093,
      -0.0
    ]
  },
  "image_filename": "CLEVR_new_000035",
  "objects": [
    {
      "rotation": 178.63573086473238,
      "material": "metal",
      "color": "purple",
      "3d_coords": [
        -1.4262655973434448,
        0.014967644587159157,
        0.3499999940395355
      ],
      "shape": "cube",
      "pixel_coords": [
        133,
        96,
        12.053622245788574
      ],
      "size": "small"
    },
    {
      "rotation": 288.1749948587674,
      "material": "metal",
      "color": "brown",
      "3d_coords": [
        1.4103389978408813,
        2.2469449043273926,
        0.699999988079071
      ],
      "shape": "sphere",
      "pixel_coords": [
        241,
        95,
        11.293092727661133
      ],
      "size": "large"
    },
    {
      "rotation": 280.58075137521325,
      "material": "rubber",
      "color": "purple",
      "3d_coords": [
        2.587817907333374,
        -2.5505049228668213,
        0.3499999940395355
      ],
      "shape": "sphere",
      "pixel_coords": [
        150,
        183,
        7.905344009399414
      ],
      "size": "small"
    },
    {
      "rotation": 207.8537952684311,
      "material": "metal",
      "color": "yellow",
      "3d_coords": [
        2.7715935707092285,
        0.07551342248916626,
        0.699999988079071
      ],
      "shape": "cylinder",
      "pixel_coords": [
        232,
        134,
        9.134427070617676
      ],
      "size": "large"
    },
    {
      "rotation": 89.41391012855735,
      "material": "metal",
      "color": "gray",
      "3d_coords": [
        -2.2724616527557373,
        2.2487850189208984,
        0.3499999940395355
      ],
      "shape": "cylinder",
      "pixel_coords": [
        165,
        74,
        13.906240463256836
      ],
      "size": "small"
    },
    {
      "rotation": 128.20819489100435,
      "material": "metal",
      "color": "gray",
      "3d_coords": [
        -1.2861144542694092,
        -1.5919849872589111,
        0.699999988079071
      ],
      "shape": "sphere",
      "pixel_coords": [
        94,
        101,
        10.866071701049805
      ],
      "size": "large"
    },
    {
      "rotation": 103.93605983006076,
      "material": "rubber",
      "color": "yellow",
      "3d_coords": [
        -0.5088881254196167,
        2.1984448432922363,
        0.699999988079071
      ],
      "shape": "cube",
      "pixel_coords": [
        197,
        79,
        12.539782524108887
      ],
      "size": "large"
    }
  ]
}