{
  "image_index": 18,
  "split": "new",
  "relationships": {
    "left": [
      [
        1,
        2,
        3,
        4,
        5,
        6
      ],
      [
        2,
        3,
        4,
        5,
        6
      ],
      [],
      [
        2,
        4,
        6
      ],
      [
        2
      ],
      [
        2,
        3,
        4,
        6
      ],
      [
        2,
        4
      ],
      [
        0,
        1,
        2,
        3,
        4,
        5,
        6
      ]
    ],
    "front": [
      [
        1,
        2,
        4,
        5,
        6,
        7
      ],
      [
        6
      ],
      [
        1,
        4,
        5,
        6,
        7
      ],
      [
        0,
        1,
        2,
        4,
        5,
        6,
        7
      ],
      [
        1,
        6
      ],
      [
        1,
        4,
        6
      ],
      [],
      [
        1,
        4,
        5,
        6
      ]
    ],
    "behind": [
      [
        3
      ],
      [
        0,
        2,
        3,
        4,
        5,
        7
      ],
      [
        0,
        3
      ],
      [],
      [
        0,
        2,
        3,
        5,
        7
      ],
      [
        0,
        2,
        3,
        7
      ],
      [
        0,
        1,
        2,
        3,
        4,
        5,
        7
      ],
      [
        0,
        2,
        3
      ]
    ],
    "right": [
      [
        7
      ],
      [
        0,
        7
      ],
      [
        0,
        1,
        3,
        4,
        5,
        6,
        7
      ],
      [
        0,
        1,
        5,
        7
      ],
      [
        0,
        1,
        3,
        5,
        6,
        7
      ],
      [
        0,
        1,
        7
      ],
      [
        0,
        1,
        3,
        5,
        7
      ],
      []
    ]
  },
  "directions": {
    "left": [
      -0.6563112735748291,
      -0.7544902563095093,
      0.0
    ],
    "behind": [
      -0.754490315914154,
      0.6563112735748291,
      0.0
    ],
    "below": [
      -0.0,
      -0.0,
      -1.0
    ],
    "front": [
      0.754490315914154,
      -0.6563112735748291,
      -0.0
    ],
    "above": [
      0.0,
      0.0,
      1.0
    ],
    "right": [
      0.6563112735748291,
      0.7544902563095093,
      -0.0
    ]
  },
  "image_filename": "CLEVR_new_000018",
  "objects": [
    {
      "rotation": 285.1070050951706,
      "material": "metal",
      "color": "brown",
      "3d_coords": [
        -0.25117331743240356,
        2.520308494567871,
        0.699999988079071
      ],
      "shape": "sphere",
      "pixel_coords": [
        208,
        78,
        12.554571151733398
      ],
      "size": "large"
    },
    {
      "rotation": 37.728446035492226,
      "material": "rubber",
      "color": "yellow",
      "3d_coords": [
        2.3284950256347656,
        -0.27625715732574463,
        0.699999988079071
      ],
      "shape": "cube",
      "pixel_coords": [
        210,
        132,
        9.22548770904541
      ],
      "size": "large"
    },
    {
      "rotation": 112.12279382870078,
      "material": "metal",
      "color": "brown",
      "3d_coords": [
        -2.3813188076019287,
        -1.492427945137024,
        0.699999988079071
      ],
      "shape": "cylinder",
      "pixel_coords": [
        79,
        90,
        11.651002883911133
      ],
      "size": "large"
    },
    {
      "rotation": 37.780775803523845,
      "material": "rubber",
      "color": "brown",
      "3d_coords": [
        -2.1975529193878174,
        1.9633411169052124,
        0.3499999940395355
      ],
      "shape": "cube",
      "pixel_coords": [
        161,
        76,
        13.691572189331055
      ],
      "size": "small"
    },
    {
      "rotation": 47.769366212905034,
      "material": "metal",
      "color": "yellow",
      "3d_coords": [
        -0.7788296937942505,
        -2.3034770488739014,
        0.699999988079071
      ],
      "shape": "cube",
      "pixel_coords": [
        82,
        114,
        10.118077278137207
      ],
      "size": "large"
    },
    {
      "rotation": 290.7865523551019,
      "material": "rubber",
      "color": "red",
      "3d_coords": [
        0.5908910036087036,
        0.4662472605705261,
        0.699999988079071
      ],
      "shape": "sphere",
      "pixel_coords": [
        184,
        102,
        10.808551788330078
      ],
      "size": "large"
    },
    {
      "rotation": 98.2101672354054,
      "material": "rubber",
      "color": "green",
      "3d_coords": [
        1.119271993637085,
        -2.4038240909576416,
        0.3499999940395355
      ],
      "shape": "sphere",
      "pixel_coords": [
        118,
        153,
        8.965466499328613
      ],
      "size": "small"
    },
    {
      "rotation": 350.6474730317071,
      "material": "rubber",
      "color": "red",
      "3d_coords": [
        1.96906316280365,
        2.7936317920684814,
        0.699999988079071
      ],
      "shape": "sphere",
      "pixel_coords": [
        266,
        96,
        11.237849235534668
      ],
      "size": "large"
    }
  ]
}