{
  "image_index": 91,
  "split": "new",
  "relationships": {
    "left": [
      [
        5
      ],
      [
        0,
        2,
        3,
        5,
        6,
        8
      ],
      [
        0,
        5
      ],
      [
        0,
        2,
        5
      ],
      [
        0,
        1,
        2,
        3,
        5,
        6,
        7,
        8
      ],
      [],
      [
        0,
        2,
        3,
        5
      ],
      [
        0,
        1,
        2,
        3,
        5,
        6,
        8
      ],
      [
        0,
        2,
        3,
        5,
        6
      ]
    ],
    "front": [
      [
        1,
        3,
        4,
        5,
        6,
        7
      ],
      [
        3
      ],
      [
        0,
        1,
        3,
        4,
        5,
        6,
        7
      ],
      [],
      [
        1,
        3,
        5
      ],
      [
        1,
        3
      ],
      [
        1,
        3,
        4,
        5
      ],
      [
        1,
        3,
        4,
        5,
        6
      ],
      [
        0,
        1,
        2,
        3,
        4,
        5,
        6,
        7
      ]
    ],
    "behind": [
      [
        2,
        8
      ],
      [
        0,
        2,
        4,
        5,
        6,
        7,
        8
      ],
      [
        8
      ],
      [
        0,
        1,
        2,
        4,
        5,
        6,
        7,
        8
      ],
      [
        0,
        2,
        6,
        7,
        8
      ],
      [
        0,
        2,
        4,
        6,
        7,
        8
      ],
      [
        0,
        2,
        7,
        8
      ],
      [
        0,
        2,
        8
      ],
      []
    ],
    "right": [
      [
        1,
        2,
        3,
        4,
        6,
        7,
        8
      ],
      [
        4,
        7
      ],
      [
        1,
        3,
        4,
        6,
        7,
        8
      ],
      [
        1,
        4,
        6,
        7,
        8
      ],
      [],
      [
        0,
        1,
        2,
        3,
        4,
        6,
        7,
        8
      ],
      [
        1,
        4,
        7,
        8
      ],
      [
        4
      ],
      [
        1,
        4,
        7
      ]
    ]
  },
  "directions": {
    "left": [
      -0.6563112735748291,
      -0.7544902563095093,
      0.0
    ],
    "behind": [
      -0.754490315914154,
      0.6563112735748291,
      0.0
    ],
    "below": [
      -0.0,
      -0.0,
      -1.0
    ],
    "front": [
      0.754490315914154,
      -0.6563112735748291,
      -0.0
    ],
    "above": [
      0.0,
      0.0,
      1.0
    ],
    "right": [
      0.6563112735748291,
      0.7544902563095093,
      -0.0
    ]
  },
  "image_filename": "CLEVR_new_000091",
  "objects": [
    {
      "rotation": 321.4041003570159,
      "material": "rubber",
      "color": "brown",
      "3d_coords": [
        -2.8046464920043945,
        -0.2895722985267639,
        0.699999988079071
      ],
      "shape": "sphere",
      "pixel_coords": [
        103,
        78,
        12.627120971679688
      ],
      "size": "large"
    },
    {
      "rotation": 322.23053101433663,
      "material": "metal",
      "color": "cyan",
      "3d_coords": [
        2.5039079189300537,
        -0.5785745978355408,
        0.699999988079071
      ],
      "shape": "sphere",
      "pixel_coords": [
        207,
        138,
        8.934317588806152
      ],
      "size": "large"
    },
    {
      "rotation": 19.938217893662873,
      "material": "rubber",
      "color": "brown",
      "3d_coords": [
        -2.949526786804199,
        1.1227747201919556,
        0.3499999940395355
      ],
      "shape": "cube",
      "pixel_coords": [
        132,
        76,
        13.705378532409668
      ],
      "size": "small"
    },
    {
      "rotation": 141.421106548446,
      "material": "metal",
      "color": "gray",
      "3d_coords": [
        1.9844553470611572,
        -2.1879444122314453,
        0.699999988079071
      ],
      "shape": "cylinder",
      "pixel_coords": [
        145,
        153,
        8.349510192871094
      ],
      "size": "large"
    },
    {
      "rotation": 191.66259479798697,
      "material": "rubber",
      "color": "brown",
      "3d_coords": [
        2.2277424335479736,
        2.408207893371582,
        0.699999988079071
      ],
      "shape": "cube",
      "pixel_coords": [
        266,
        102,
        10.843360900878906
      ],
      "size": "large"
    },
    {
      "rotation": 357.361007935238,
      "material": "metal",
      "color": "red",
      "3d_coords": [
        -1.065873146057129,
        -2.6757006645202637,
        0.699999988079071
      ],
      "shape": "cylinder",
      "pixel_coords": [
        66,
        114,
        10.093672752380371
      ],
      "size": "large"
    },
    {
      "rotation": 93.48851044969298,
      "material": "rubber",
      "color": "blue",
      "3d_coords": [
        -0.3199218511581421,
        0.4724152982234955,
        0.699999988079071
      ],
      "shape": "cube",
      "pixel_coords": [
        164,
        93,
        11.417057991027832
      ],
      "size": "large"
    },
    {
      "rotation": 304.5098769409191,
      "material": "metal",
      "color": "brown",
      "3d_coords": [
        0.524651825428009,
        2.780306816101074,
        0.699999988079071
      ],
      "shape": "sphere",
      "pixel_coords": [
        230,
        83,
        12.189498901367188
      ],
      "size": "large"
    },
    {
      "rotation": 186.05820431110115,
      "material": "metal",
      "color": "yellow",
      "3d_coords": [
        -2.529118299484253,
        2.9531469345092773,
        0.699999988079071
      ],
      "shape": "cylinder",
      "pixel_coords": [
        174,
        60,
        14.317608833312988
      ],
      "size": "large"
    }
  ]
}