{
  "image_index": 79,
  "split": "new",
  "relationships": {
    "left": [
      [
        3
      ],
      [
        0,
        2,
        3,
        4,
        6
      ],
      [
        0,
        3,
        6
      ],
      [],
      [
        0,
        2,
        3,
        6
      ],
      [
        0,
        1,
        2,
        3,
        4,
        6
      ],
      [
        0,
        3
      ],
      [
        0,
        1,
        2,
        3,
        4,
        5,
        6
      ]
    ],
    "front": [
      [],
      [
        0,
        2,
        3,
        4,
        5,
        7
      ],
      [
        0,
        3,
        4,
        5,
        7
      ],
      [
        0,
        4,
        5,
        7
      ],
      [
        0,
        5
      ],
      [
        0
      ],
      [
        0,
        1,
        2,
        3,
        4,
        5,
        7
      ],
      [
        0,
        4,
        5
      ]
    ],
    "behind": [
      [
        1,
        2,
        3,
        4,
        5,
        6,
        7
      ],
      [
        6
      ],
      [
        1,
        6
      ],
      [
        1,
        2,
        6
      ],
      [
        1,
        2,
        3,
        6,
        7
      ],
      [
        1,
        2,
        3,
        4,
        6,
        7
      ],
      [],
      [
        1,
        2,
        3,
        6
      ]
    ],
    "right": [
      [
        1,
        2,
        4,
        5,
        6,
        7
      ],
      [
        5,
        7
      ],
      [
        1,
        4,
        5,
        7
      ],
      [
        0,
        1,
        2,
        4,
        5,
        6,
        7
      ],
      [
        1,
        5,
        7
      ],
      [
        7
      ],
      [
        1,
        2,
        4,
        5,
        7
      ],
      []
    ]
  },
  "directions": {
    "left": [
      -0.6563112735748291,
      -0.7544902563095093,
      0.0
    ],
    "behind": [
      -0.754490315914154,
      0.6563112735748291,
      0.0
    ],
    "below": [
      -0.0,
      -0.0,
      -1.0
    ],
    "front": [
      0.754490315914154,
      -0.6563112735748291,
      -0.0
    ],
    "above": [
      0.0,
      0.0,
      1.0
    ],
    "right": [
      0.6563112735748291,
      0.7544902563095093,
      -0.0
    ]
  },
  "image_filename": "CLEVR_new_000079",
  "objects": [
    {
      "rotation": 168.35718529996882,
      "material": "metal",
      "color": "yellow",
      "3d_coords": [
        0.3086385130882263,
        -2.9216275215148926,
        0.3499999940395355
      ],
      "shape": "cube",
      "pixel_coords": [
        84,
        147,
        9.204710960388184
      ],
      "size": "small"
    },
    {
      "rotation": 8.930067690827133,
      "material": "metal",
      "color": "gray",
      "3d_coords": [
        -0.4699212312698364,
        2.691025733947754,
        0.699999988079071
      ],
      "shape": "cube",
      "pixel_coords": [
        207,
        76,
        12.798491477966309
      ],
      "size": "large"
    },
    {
      "rotation": 291.1312921648533,
      "material": "rubber",
      "color": "purple",
      "3d_coords": [
        -0.5585463643074036,
        1.2779550552368164,
        0.3499999940395355
      ],
      "shape": "cube",
      "pixel_coords": [
        177,
        94,
        12.206995010375977
      ],
      "size": "small"
    },
    {
      "rotation": 181.20657496860497,
      "material": "metal",
      "color": "cyan",
      "3d_coords": [
        -2.4137775897979736,
        -2.0565543174743652,
        0.3499999940395355
      ],
      "shape": "sphere",
      "pixel_coords": [
        65,
        104,
        11.512681007385254
      ],
      "size": "small"
    },
    {
      "rotation": 339.74525551662475,
      "material": "rubber",
      "color": "cyan",
      "3d_coords": [
        1.4235678911209106,
        0.17534776031970978,
        0.699999988079071
      ],
      "shape": "sphere",
      "pixel_coords": [
        197,
        114,
        10.08743667602539
      ],
      "size": "large"
    },
    {
      "rotation": 21.960029841921795,
      "material": "metal",
      "color": "cyan",
      "3d_coords": [
        2.6674234867095947,
        0.8056318163871765,
        0.3499999940395355
      ],
      "shape": "cube",
      "pixel_coords": [
        244,
        134,
        9.791486740112305
      ],
      "size": "small"
    },
    {
      "rotation": 352.73166149286664,
      "material": "rubber",
      "color": "brown",
      "3d_coords": [
        -2.5272738933563232,
        1.7546117305755615,
        0.699999988079071
      ],
      "shape": "cylinder",
      "pixel_coords": [
        151,
        67,
        13.623927116394043
      ],
      "size": "large"
    },
    {
      "rotation": 188.4998849719007,
      "material": "rubber",
      "color": "blue",
      "3d_coords": [
        2.0349514484405518,
        2.0685431957244873,
        0.699999988079071
      ],
      "shape": "cylinder",
      "pixel_coords": [
        254,
        103,
        10.775166511535645
      ],
      "size": "large"
    }
  ]
}