{
  "image_index": 104,
  "split": "new",
  "relationships": {
    "left": [
      [
        1,
        2,
        3,
        5
      ],
      [
        3,
        5
      ],
      [
        1,
        3,
        5
      ],
      [],
      [
        0,
        1,
        2,
        3,
        5
      ],
      [
        3
      ],
      [
        0,
        1,
        2,
        3,
        4,
        5
      ]
    ],
    "front": [
      [
        1,
        3,
        5,
        6
      ],
      [
        5
      ],
      [
        0,
        1,
        3,
        4,
        5,
        6
      ],
      [
        1,
        5,
        6
      ],
      [
        0,
        1,
        3,
        5,
        6
      ],
      [],
      [
        1,
        5
      ]
    ],
    "behind": [
      [
        2,
        4
      ],
      [
        0,
        2,
        3,
        4,
        6
      ],
      [],
      [
        0,
        2,
        4
      ],
      [
        2
      ],
      [
        0,
        1,
        2,
        3,
        4,
        6
      ],
      [
        0,
        2,
        3,
        4
      ]
    ],
    "right": [
      [
        4,
        6
      ],
      [
        0,
        2,
        4,
        6
      ],
      [
        0,
        4,
        6
      ],
      [
        0,
        1,
        2,
        4,
        5,
        6
      ],
      [
        6
      ],
      [
        0,
        1,
        2,
        4,
        6
      ],
      []
    ]
  },
  "directions": {
    "left": [
      -0.6563112735748291,
      -0.7544902563095093,
      0.0
    ],
    "behind": [
      -0.754490315914154,
      0.6563112735748291,
      0.0
    ],
    "below": [
      -0.0,
      -0.0,
      -1.0
    ],
    "front": [
      0.754490315914154,
      -0.6563112735748291,
      -0.0
    ],
    "above": [
      0.0,
      0.0,
      1.0
    ],
    "right": [
      0.6563112735748291,
      0.7544902563095093,
      -0.0
    ]
  },
  "image_filename": "CLEVR_new_000104",
  "objects": [
    {
      "rotation": 313.2718628650366,
      "material": "metal",
      "color": "blue",
      "3d_coords": [
        -0.5134766101837158,
        1.5295456647872925,
        0.3499999940395355
      ],
      "shape": "sphere",
      "pixel_coords": [
        183,
        93,
        12.322417259216309
      ],
      "size": "small"
    },
    {
      "rotation": 274.2666595485606,
      "material": "rubber",
      "color": "purple",
      "3d_coords": [
        -0.41548848152160645,
        -1.482824683189392,
        0.699999988079071
      ],
      "shape": "cylinder",
      "pixel_coords": [
        113,
        110,
        10.350887298583984
      ],
      "size": "large"
    },
    {
      "rotation": 195.8927327590827,
      "material": "rubber",
      "color": "purple",
      "3d_coords": [
        -2.6466164588928223,
        2.065208911895752,
        0.3499999940395355
      ],
      "shape": "sphere",
      "pixel_coords": [
        156,
        73,
        14.048685073852539
      ],
      "size": "small"
    },
    {
      "rotation": 359.8135035702242,
      "material": "rubber",
      "color": "yellow",
      "3d_coords": [
        -2.5006096363067627,
        -1.6895127296447754,
        0.699999988079071
      ],
      "shape": "cylinder",
      "pixel_coords": [
        72,
        90,
        11.61636734008789
      ],
      "size": "large"
    },
    {
      "rotation": 185.45939763916152,
      "material": "rubber",
      "color": "yellow",
      "3d_coords": [
        -1.348001480102539,
        2.8519861698150635,
        0.699999988079071
      ],
      "shape": "sphere",
      "pixel_coords": [
        193,
        68,
        13.474689483642578
      ],
      "size": "large"
    },
    {
      "rotation": 356.08779475338565,
      "material": "metal",
      "color": "yellow",
      "3d_coords": [
        0.546499490737915,
        -2.889901638031006,
        0.699999988079071
      ],
      "shape": "cube",
      "pixel_coords": [
        88,
        139,
        8.89901351928711
      ],
      "size": "large"
    },
    {
      "rotation": 57.578420624251535,
      "material": "metal",
      "color": "red",
      "3d_coords": [
        1.894697904586792,
        2.416414976119995,
        0.3499999940395355
      ],
      "shape": "cylinder",
      "pixel_coords": [
        256,
        108,
        11.23534870147705
      ],
      "size": "small"
    }
  ]
}