{
  "image_index": 304,
  "split": "new",
  "relationships": {
    "left": [
      [
        3
      ],
      [
        0,
        3,
        4,
        5
      ],
      [
        0,
        1,
        3,
        4,
        5,
        6,
        7
      ],
      [],
      [
        0,
        3,
        5
      ],
      [
        0,
        3
      ],
      [
        0,
        1,
        3,
        4,
        5,
        7
      ],
      [
        0,
        1,
        3,
        4,
        5
      ]
    ],
    "front": [
      [
        4,
        6
      ],
      [
        0,
        2,
        3,
        4,
        5,
        6,
        7
      ],
      [
        0,
        4,
        6
      ],
      [
        0,
        2,
        4,
        6,
        7
      ],
      [],
      [
        0,
        2,
        3,
        4,
        6,
        7
      ],
      [
        4
      ],
      [
        0,
        2,
        4,
        6
      ]
    ],
    "behind": [
      [
        1,
        2,
        3,
        5,
        7
      ],
      [],
      [
        1,
        3,
        5,
        7
      ],
      [
        1,
        5
      ],
      [
        0,
        1,
        2,
        3,
        5,
        6,
        7
      ],
      [
        1
      ],
      [
        0,
        1,
        2,
        3,
        5,
        7
      ],
      [
        1,
        3,
        5
      ]
    ],
    "right": [
      [
        1,
        2,
        4,
        5,
        6,
        7
      ],
      [
        2,
        6,
        7
      ],
      [],
      [
        0,
        1,
        2,
        4,
        5,
        6,
        7
      ],
      [
        1,
        2,
        6,
        7
      ],
      [
        1,
        2,
        4,
        6,
        7
      ],
      [
        2
      ],
      [
        2,
        6
      ]
    ]
  },
  "directions": {
    "left": [
      -0.6563112735748291,
      -0.7544902563095093,
      0.0
    ],
    "behind": [
      -0.754490315914154,
      0.6563112735748291,
      0.0
    ],
    "below": [
      -0.0,
      -0.0,
      -1.0
    ],
    "front": [
      0.754490315914154,
      -0.6563112735748291,
      -0.0
    ],
    "above": [
      0.0,
      0.0,
      1.0
    ],
    "right": [
      0.6563112735748291,
      0.7544902563095093,
      -0.0
    ]
  },
  "image_filename": "CLEVR_new_000304",
  "objects": [
    {
      "rotation": 275.78388689847384,
      "material": "rubber",
      "color": "brown",
      "3d_coords": [
        -0.23021306097507477,
        -1.0112214088439941,
        0.3499999940395355
      ],
      "shape": "sphere",
      "pixel_coords": [
        130,
        118,
        10.666345596313477
      ],
      "size": "small"
    },
    {
      "rotation": 103.49423202736108,
      "material": "rubber",
      "color": "purple",
      "3d_coords": [
        -1.1674119234085083,
        2.5323610305786133,
        0.3499999940395355
      ],
      "shape": "cube",
      "pixel_coords": [
        190,
        80,
        13.336126327514648
      ],
      "size": "small"
    },
    {
      "rotation": 269.3510861770777,
      "material": "rubber",
      "color": "purple",
      "3d_coords": [
        2.235877752304077,
        2.5663013458251953,
        0.699999988079071
      ],
      "shape": "sphere",
      "pixel_coords": [
        269,
        100,
        10.929296493530273
      ],
      "size": "large"
    },
    {
      "rotation": 227.09549337165538,
      "material": "rubber",
      "color": "gray",
      "3d_coords": [
        -2.334036350250244,
        -0.8429089784622192,
        0.699999988079071
      ],
      "shape": "sphere",
      "pixel_coords": [
        97,
        85,
        11.99485969543457
      ],
      "size": "large"
    },
    {
      "rotation": 330.19381097361065,
      "material": "rubber",
      "color": "purple",
      "3d_coords": [
        2.6587014198303223,
        -1.707844853401184,
        0.3499999940395355
      ],
      "shape": "sphere",
      "pixel_coords": [
        179,
        169,
        8.345112800598145
      ],
      "size": "small"
    },
    {
      "rotation": 20.95426720494032,
      "material": "metal",
      "color": "red",
      "3d_coords": [
        -1.4503370523452759,
        0.7921021580696106,
        0.699999988079071
      ],
      "shape": "cylinder",
      "pixel_coords": [
        150,
        81,
        12.352556228637695
      ],
      "size": "large"
    },
    {
      "rotation": 10.469197757364963,
      "material": "rubber",
      "color": "brown",
      "3d_coords": [
        2.8133296966552734,
        1.084903359413147,
        0.3499999940395355
      ],
      "shape": "sphere",
      "pixel_coords": [
        255,
        133,
        9.855928421020508
      ],
      "size": "small"
    },
    {
      "rotation": 266.33560908630875,
      "material": "metal",
      "color": "green",
      "3d_coords": [
        0.9058665037155151,
        2.003108263015747,
        0.3499999940395355
      ],
      "shape": "cube",
      "pixel_coords": [
        223,
        102,
        11.653321266174316
      ],
      "size": "small"
    }
  ]
}