{
  "image_index": 243,
  "split": "new",
  "relationships": {
    "left": [
      [
        1,
        2,
        5,
        6,
        7
      ],
      [
        5,
        6,
        7
      ],
      [
        1,
        5,
        6,
        7
      ],
      [
        0,
        1,
        2,
        4,
        5,
        6,
        7,
        8
      ],
      [
        0,
        1,
        2,
        5,
        6,
        7,
        8
      ],
      [
        6,
        7
      ],
      [],
      [
        6
      ],
      [
        0,
        1,
        2,
        5,
        6,
        7
      ]
    ],
    "front": [
      [
        2,
        3,
        5,
        6,
        7,
        8
      ],
      [
        0,
        2,
        3,
        4,
        5,
        6,
        7,
        8
      ],
      [],
      [
        2,
        5,
        7,
        8
      ],
      [
        0,
        2,
        3,
        5,
        6,
        7,
        8
      ],
      [
        2,
        8
      ],
      [
        2,
        3,
        5,
        7,
        8
      ],
      [
        2,
        5,
        8
      ],
      [
        2
      ]
    ],
    "behind": [
      [
        1,
        4
      ],
      [],
      [
        0,
        1,
        3,
        4,
        5,
        6,
        7,
        8
      ],
      [
        0,
        1,
        4,
        6
      ],
      [
        1
      ],
      [
        0,
        1,
        3,
        4,
        6,
        7
      ],
      [
        0,
        1,
        4
      ],
      [
        0,
        1,
        3,
        4,
        6
      ],
      [
        0,
        1,
        3,
        4,
        5,
        6,
        7
      ]
    ],
    "right": [
      [
        3,
        4,
        8
      ],
      [
        0,
        2,
        3,
        4,
        8
      ],
      [
        0,
        3,
        4,
        8
      ],
      [],
      [
        3
      ],
      [
        0,
        1,
        2,
        3,
        4,
        8
      ],
      [
        0,
        1,
        2,
        3,
        4,
        5,
        7,
        8
      ],
      [
        0,
        1,
        2,
        3,
        4,
        5,
        8
      ],
      [
        3,
        4
      ]
    ]
  },
  "directions": {
    "left": [
      -0.6563112735748291,
      -0.7544902563095093,
      0.0
    ],
    "behind": [
      -0.754490315914154,
      0.6563112735748291,
      0.0
    ],
    "below": [
      -0.0,
      -0.0,
      -1.0
    ],
    "front": [
      0.754490315914154,
      -0.6563112735748291,
      -0.0
    ],
    "above": [
      0.0,
      0.0,
      1.0
    ],
    "right": [
      0.6563112735748291,
      0.7544902563095093,
      -0.0
    ]
  },
  "image_filename": "CLEVR_new_000243",
  "objects": [
    {
      "rotation": 330.89357462721466,
      "material": "rubber",
      "color": "blue",
      "3d_coords": [
        -0.18076463043689728,
        1.1020681858062744,
        0.3499999940395355
      ],
      "shape": "cylinder",
      "pixel_coords": [
        181,
        99,
        11.854460716247559
      ],
      "size": "small"
    },
    {
      "rotation": 11.231158609559362,
      "material": "rubber",
      "color": "purple",
      "3d_coords": [
        -2.3734874725341797,
        1.1546502113342285,
        0.699999988079071
      ],
      "shape": "cube",
      "pixel_coords": [
        142,
        72,
        13.175156593322754
      ],
      "size": "large"
    },
    {
      "rotation": 74.00658400745397,
      "material": "rubber",
      "color": "red",
      "3d_coords": [
        2.565805196762085,
        -2.3355369567871094,
        0.3499999940395355
      ],
      "shape": "sphere",
      "pixel_coords": [
        157,
        178,
        8.04416275024414
      ],
      "size": "small"
    },
    {
      "rotation": 197.80689575663922,
      "material": "rubber",
      "color": "yellow",
      "3d_coords": [
        1.818734049797058,
        1.8563435077667236,
        0.3499999940395355
      ],
      "shape": "sphere",
      "pixel_coords": [
        243,
        112,
        10.96221923828125
      ],
      "size": "small"
    },
    {
      "rotation": 94.22582999949108,
      "material": "rubber",
      "color": "red",
      "3d_coords": [
        0.11318303644657135,
        2.3803462982177734,
        0.699999988079071
      ],
      "shape": "cube",
      "pixel_coords": [
        214,
        82,
        12.231710433959961
      ],
      "size": "large"
    },
    {
      "rotation": 305.6383152244526,
      "material": "rubber",
      "color": "red",
      "3d_coords": [
        0.5408210158348083,
        -2.0188021659851074,
        0.3499999940395355
      ],
      "shape": "sphere",
      "pixel_coords": [
        117,
        139,
        9.57210922241211
      ],
      "size": "small"
    },
    {
      "rotation": 188.33173301344144,
      "material": "metal",
      "color": "blue",
      "3d_coords": [
        -2.926028251647949,
        -2.8172481060028076,
        0.3499999940395355
      ],
      "shape": "sphere",
      "pixel_coords": [
        36,
        105,
        11.41341495513916
      ],
      "size": "small"
    },
    {
      "rotation": 158.53251510145535,
      "material": "metal",
      "color": "gray",
      "3d_coords": [
        -0.8115408420562744,
        -1.9571269750595093,
        0.3499999940395355
      ],
      "shape": "cube",
      "pixel_coords": [
        93,
        120,
        10.505952835083008
      ],
      "size": "small"
    },
    {
      "rotation": 21.050287801973788,
      "material": "metal",
      "color": "gray",
      "3d_coords": [
        2.627446174621582,
        -0.7799569964408875,
        0.699999988079071
      ],
      "shape": "cylinder",
      "pixel_coords": [
        206,
        143,
        8.735917091369629
      ],
      "size": "large"
    }
  ]
}