{
  "image_index": 231,
  "split": "new",
  "relationships": {
    "left": [
      [
        1,
        2,
        3,
        4,
        5,
        6,
        7
      ],
      [
        7
      ],
      [
        1,
        3,
        4,
        6,
        7
      ],
      [
        1,
        4,
        7
      ],
      [
        1,
        7
      ],
      [
        1,
        2,
        3,
        4,
        6,
        7
      ],
      [
        1,
        3,
        4,
        7
      ],
      []
    ],
    "front": [
      [
        3
      ],
      [
        0,
        2,
        3,
        7
      ],
      [
        0,
        3,
        7
      ],
      [],
      [
        0,
        1,
        2,
        3,
        5,
        7
      ],
      [
        0,
        1,
        2,
        3,
        7
      ],
      [
        0,
        1,
        2,
        3,
        4,
        5,
        7
      ],
      [
        0,
        3
      ]
    ],
    "behind": [
      [
        1,
        2,
        4,
        5,
        6,
        7
      ],
      [
        4,
        5,
        6
      ],
      [
        1,
        4,
        5,
        6
      ],
      [
        0,
        1,
        2,
        4,
        5,
        6,
        7
      ],
      [
        6
      ],
      [
        4,
        6
      ],
      [],
      [
        1,
        2,
        4,
        5,
        6
      ]
    ],
    "right": [
      [],
      [
        0,
        2,
        3,
        4,
        5,
        6
      ],
      [
        0,
        5
      ],
      [
        0,
        2,
        5,
        6
      ],
      [
        0,
        2,
        3,
        5,
        6
      ],
      [
        0
      ],
      [
        0,
        2,
        5
      ],
      [
        0,
        1,
        2,
        3,
        4,
        5,
        6
      ]
    ]
  },
  "directions": {
    "left": [
      -0.6563112735748291,
      -0.7544902563095093,
      0.0
    ],
    "behind": [
      -0.754490315914154,
      0.6563112735748291,
      0.0
    ],
    "below": [
      -0.0,
      -0.0,
      -1.0
    ],
    "front": [
      0.754490315914154,
      -0.6563112735748291,
      -0.0
    ],
    "above": [
      0.0,
      0.0,
      1.0
    ],
    "right": [
      0.6563112735748291,
      0.7544902563095093,
      -0.0
    ]
  },
  "image_filename": "CLEVR_new_000231",
  "objects": [
    {
      "rotation": 176.35181620679424,
      "material": "metal",
      "color": "purple",
      "3d_coords": [
        2.7533915042877197,
        0.7766339778900146,
        0.3499999940395355
      ],
      "shape": "cube",
      "pixel_coords": [
        246,
        136,
        9.717635154724121
      ],
      "size": "small"
    },
    {
      "rotation": 182.78253154454455,
      "material": "metal",
      "color": "green",
      "3d_coords": [
        -1.962465524673462,
        -1.6545122861862183,
        0.3499999940395355
      ],
      "shape": "cube",
      "pixel_coords": [
        82,
        105,
        11.445209503173828
      ],
      "size": "small"
    },
    {
      "rotation": 201.81306822411892,
      "material": "rubber",
      "color": "brown",
      "3d_coords": [
        0.5013239979743958,
        0.356492280960083,
        0.699999988079071
      ],
      "shape": "cube",
      "pixel_coords": [
        179,
        102,
        10.8046293258667
      ],
      "size": "large"
    },
    {
      "rotation": 272.75384413327595,
      "material": "rubber",
      "color": "green",
      "3d_coords": [
        1.6910459995269775,
        -2.887037992477417,
        0.3499999940395355
      ],
      "shape": "cylinder",
      "pixel_coords": [
        115,
        170,
        8.306528091430664
      ],
      "size": "small"
    },
    {
      "rotation": 223.8123992903409,
      "material": "metal",
      "color": "cyan",
      "3d_coords": [
        -2.956951141357422,
        -0.13362345099449158,
        0.699999988079071
      ],
      "shape": "sphere",
      "pixel_coords": [
        104,
        75,
        12.818378448486328
      ],
      "size": "large"
    },
    {
      "rotation": 326.52068251114514,
      "material": "metal",
      "color": "gray",
      "3d_coords": [
        -0.41245558857917786,
        1.7793364524841309,
        0.699999988079071
      ],
      "shape": "sphere",
      "pixel_coords": [
        191,
        82,
        12.233593940734863
      ],
      "size": "large"
    },
    {
      "rotation": 195.3344896500434,
      "material": "metal",
      "color": "green",
      "3d_coords": [
        -2.2628750801086426,
        2.2202184200286865,
        0.699999988079071
      ],
      "shape": "cylinder",
      "pixel_coords": [
        165,
        66,
        13.717324256896973
      ],
      "size": "large"
    },
    {
      "rotation": 145.0909247560578,
      "material": "metal",
      "color": "gray",
      "3d_coords": [
        -1.3531678915023804,
        -2.7924509048461914,
        0.3499999940395355
      ],
      "shape": "cylinder",
      "pixel_coords": [
        59,
        123,
        10.38308048248291
      ],
      "size": "small"
    }
  ]
}