{
  "image_index": 298,
  "split": "new",
  "relationships": {
    "left": [
      [
        1,
        6,
        7
      ],
      [],
      [
        0,
        1,
        3,
        4,
        5,
        6,
        7,
        8
      ],
      [
        0,
        1,
        5,
        6,
        7
      ],
      [
        0,
        1,
        3,
        5,
        6,
        7,
        8
      ],
      [
        0,
        1,
        6,
        7
      ],
      [
        1
      ],
      [
        1,
        6
      ],
      [
        0,
        1,
        3,
        5,
        6,
        7
      ]
    ],
    "front": [
      [
        1,
        2,
        3,
        4,
        5,
        6,
        7
      ],
      [
        2,
        3,
        5,
        6,
        7
      ],
      [
        3,
        5,
        6,
        7
      ],
      [
        5,
        6
      ],
      [
        1,
        2,
        3,
        5,
        6,
        7
      ],
      [],
      [
        5
      ],
      [
        3,
        5,
        6
      ],
      [
        0,
        1,
        2,
        3,
        4,
        5,
        6,
        7
      ]
    ],
    "behind": [
      [
        8
      ],
      [
        0,
        4,
        8
      ],
      [
        0,
        1,
        4,
        8
      ],
      [
        0,
        1,
        2,
        4,
        7,
        8
      ],
      [
        0,
        8
      ],
      [
        0,
        1,
        2,
        3,
        4,
        6,
        7,
        8
      ],
      [
        0,
        1,
        2,
        3,
        4,
        7,
        8
      ],
      [
        0,
        1,
        2,
        4,
        8
      ],
      []
    ],
    "right": [
      [
        2,
        3,
        4,
        5,
        8
      ],
      [
        0,
        2,
        3,
        4,
        5,
        6,
        7,
        8
      ],
      [],
      [
        2,
        4,
        8
      ],
      [
        2
      ],
      [
        2,
        3,
        4,
        8
      ],
      [
        0,
        2,
        3,
        4,
        5,
        7,
        8
      ],
      [
        0,
        2,
        3,
        4,
        5,
        8
      ],
      [
        2,
        4
      ]
    ]
  },
  "directions": {
    "left": [
      -0.6563112735748291,
      -0.7544902563095093,
      0.0
    ],
    "behind": [
      -0.754490315914154,
      0.6563112735748291,
      0.0
    ],
    "below": [
      -0.0,
      -0.0,
      -1.0
    ],
    "front": [
      0.754490315914154,
      -0.6563112735748291,
      -0.0
    ],
    "above": [
      0.0,
      0.0,
      1.0
    ],
    "right": [
      0.6563112735748291,
      0.7544902563095093,
      -0.0
    ]
  },
  "image_filename": "CLEVR_new_000298",
  "objects": [
    {
      "rotation": 30.761623589413148,
      "material": "metal",
      "color": "blue",
      "3d_coords": [
        -2.2288150787353516,
        0.5117663145065308,
        0.3499999940395355
      ],
      "shape": "sphere",
      "pixel_coords": [
        131,
        86,
        12.873685836791992
      ],
      "size": "small"
    },
    {
      "rotation": 245.57269543636897,
      "material": "rubber",
      "color": "gray",
      "3d_coords": [
        -2.68812894821167,
        -1.4005930423736572,
        0.3499999940395355
      ],
      "shape": "cube",
      "pixel_coords": [
        78,
        96,
        12.073882102966309
      ],
      "size": "small"
    },
    {
      "rotation": 88.30747378736224,
      "material": "rubber",
      "color": "brown",
      "3d_coords": [
        2.1008694171905518,
        2.6931586265563965,
        0.3499999940395355
      ],
      "shape": "sphere",
      "pixel_coords": [
        266,
        108,
        11.258302688598633
      ],
      "size": "small"
    },
    {
      "rotation": 232.6649527800925,
      "material": "metal",
      "color": "cyan",
      "3d_coords": [
        1.1524338722229004,
        0.03304808586835861,
        0.699999988079071
      ],
      "shape": "sphere",
      "pixel_coords": [
        187,
        113,
        10.185304641723633
      ],
      "size": "large"
    },
    {
      "rotation": 251.51550670723134,
      "material": "rubber",
      "color": "brown",
      "3d_coords": [
        0.17967872321605682,
        2.626584768295288,
        0.3499999940395355
      ],
      "shape": "cylinder",
      "pixel_coords": [
        219,
        90,
        12.495854377746582
      ],
      "size": "small"
    },
    {
      "rotation": 12.910541282218531,
      "material": "metal",
      "color": "green",
      "3d_coords": [
        2.0125389099121094,
        -1.6386010646820068,
        0.3499999940395355
      ],
      "shape": "sphere",
      "pixel_coords": [
        163,
        157,
        8.814287185668945
      ],
      "size": "small"
    },
    {
      "rotation": 329.44131421941444,
      "material": "metal",
      "color": "green",
      "3d_coords": [
        -0.23670287430286407,
        -2.7276623249053955,
        0.699999988079071
      ],
      "shape": "cylinder",
      "pixel_coords": [
        79,
        125,
        9.512934684753418
      ],
      "size": "large"
    },
    {
      "rotation": 222.66519111230184,
      "material": "metal",
      "color": "blue",
      "3d_coords": [
        -0.7565290331840515,
        -1.4875565767288208,
        0.3499999940395355
      ],
      "shape": "sphere",
      "pixel_coords": [
        107,
        116,
        10.740710258483887
      ],
      "size": "small"
    },
    {
      "rotation": 65.00747328844453,
      "material": "rubber",
      "color": "purple",
      "3d_coords": [
        -1.5471693277359009,
        2.99719500541687,
        0.3499999940395355
      ],
      "shape": "sphere",
      "pixel_coords": [
        191,
        75,
        13.856911659240723
      ],
      "size": "small"
    }
  ]
}