{
  "image_index": 154,
  "split": "new",
  "relationships": {
    "left": [
      [
        1,
        2,
        4,
        6
      ],
      [],
      [
        1,
        4,
        6
      ],
      [
        0,
        1,
        2,
        4,
        6
      ],
      [
        1,
        6
      ],
      [
        0,
        1,
        2,
        3,
        4,
        6
      ],
      [
        1
      ],
      [
        0,
        1,
        2,
        3,
        4,
        5,
        6
      ]
    ],
    "front": [
      [
        4,
        5
      ],
      [
        0,
        4,
        5
      ],
      [
        0,
        1,
        3,
        4,
        5,
        6,
        7
      ],
      [
        0,
        1,
        4,
        5,
        6,
        7
      ],
      [],
      [
        4
      ],
      [
        0,
        1,
        4,
        5,
        7
      ],
      [
        0,
        1,
        4,
        5
      ]
    ],
    "behind": [
      [
        1,
        2,
        3,
        6,
        7
      ],
      [
        2,
        3,
        6,
        7
      ],
      [],
      [
        2
      ],
      [
        0,
        1,
        2,
        3,
        5,
        6,
        7
      ],
      [
        0,
        1,
        2,
        3,
        6,
        7
      ],
      [
        2,
        3
      ],
      [
        2,
        3,
        6
      ]
    ],
    "right": [
      [
        3,
        5,
        7
      ],
      [
        0,
        2,
        3,
        4,
        5,
        6,
        7
      ],
      [
        0,
        3,
        5,
        7
      ],
      [
        5,
        7
      ],
      [
        0,
        2,
        3,
        5,
        7
      ],
      [
        7
      ],
      [
        0,
        2,
        3,
        4,
        5,
        7
      ],
      []
    ]
  },
  "directions": {
    "left": [
      -0.6563112735748291,
      -0.7544902563095093,
      0.0
    ],
    "behind": [
      -0.754490315914154,
      0.6563112735748291,
      0.0
    ],
    "below": [
      -0.0,
      -0.0,
      -1.0
    ],
    "front": [
      0.754490315914154,
      -0.6563112735748291,
      -0.0
    ],
    "above": [
      0.0,
      0.0,
      1.0
    ],
    "right": [
      0.6563112735748291,
      0.7544902563095093,
      -0.0
    ]
  },
  "image_filename": "CLEVR_new_000154",
  "objects": [
    {
      "rotation": 84.77796727245608,
      "material": "metal",
      "color": "purple",
      "3d_coords": [
        0.8665243983268738,
        -0.5709056854248047,
        0.699999988079071
      ],
      "shape": "cylinder",
      "pixel_coords": [
        165,
        116,
        10.026264190673828
      ],
      "size": "large"
    },
    {
      "rotation": 113.77779684133469,
      "material": "metal",
      "color": "yellow",
      "3d_coords": [
        -2.3851535320281982,
        -2.9062016010284424,
        0.699999988079071
      ],
      "shape": "sphere",
      "pixel_coords": [
        39,
        102,
        10.836739540100098
      ],
      "size": "large"
    },
    {
      "rotation": 54.18974272824088,
      "material": "metal",
      "color": "green",
      "3d_coords": [
        -2.568528652191162,
        1.6479462385177612,
        0.3499999940395355
      ],
      "shape": "sphere",
      "pixel_coords": [
        149,
        76,
        13.755746841430664
      ],
      "size": "small"
    },
    {
      "rotation": 256.53606701071715,
      "material": "rubber",
      "color": "green",
      "3d_coords": [
        -0.6189522743225098,
        2.176107883453369,
        0.699999988079071
      ],
      "shape": "cylinder",
      "pixel_coords": [
        194,
        78,
        12.599980354309082
      ],
      "size": "large"
    },
    {
      "rotation": 15.773165151931146,
      "material": "rubber",
      "color": "green",
      "3d_coords": [
        0.9436002373695374,
        -2.2050552368164062,
        0.3499999940395355
      ],
      "shape": "cylinder",
      "pixel_coords": [
        120,
        147,
        9.196983337402344
      ],
      "size": "small"
    },
    {
      "rotation": 89.15036630930335,
      "material": "metal",
      "color": "gray",
      "3d_coords": [
        2.3313450813293457,
        0.21148447692394257,
        0.699999988079071
      ],
      "shape": "cylinder",
      "pixel_coords": [
        222,
        126,
        9.505388259887695
      ],
      "size": "large"
    },
    {
      "rotation": 131.00171436322444,
      "material": "rubber",
      "color": "cyan",
      "3d_coords": [
        -2.4753711223602295,
        -0.8675962686538696,
        0.3499999940395355
      ],
      "shape": "cylinder",
      "pixel_coords": [
        95,
        94,
        12.24051284790039
      ],
      "size": "small"
    },
    {
      "rotation": 172.61902091959283,
      "material": "rubber",
      "color": "brown",
      "3d_coords": [
        1.3591039180755615,
        2.776374340057373,
        0.3499999940395355
      ],
      "shape": "sphere",
      "pixel_coords": [
        249,
        100,
        11.799046516418457
      ],
      "size": "small"
    }
  ]
}