{
  "image_index": 300,
  "split": "new",
  "relationships": {
    "left": [
      [
        1,
        2,
        4,
        5,
        6
      ],
      [
        2,
        5,
        6
      ],
      [],
      [
        0,
        1,
        2,
        4,
        5,
        6
      ],
      [
        1,
        2,
        5,
        6
      ],
      [
        2,
        6
      ],
      [
        2
      ]
    ],
    "front": [
      [
        1,
        2,
        3,
        5
      ],
      [],
      [
        1,
        3
      ],
      [
        1
      ],
      [
        0,
        1,
        2,
        3,
        5,
        6
      ],
      [
        1,
        2,
        3
      ],
      [
        0,
        1,
        2,
        3,
        5
      ]
    ],
    "behind": [
      [
        4,
        6
      ],
      [
        0,
        2,
        3,
        4,
        5,
        6
      ],
      [
        0,
        4,
        5,
        6
      ],
      [
        0,
        2,
        4,
        5,
        6
      ],
      [],
      [
        0,
        4,
        6
      ],
      [
        4
      ]
    ],
    "right": [
      [
        3
      ],
      [
        0,
        3,
        4
      ],
      [
        0,
        1,
        3,
        4,
        5,
        6
      ],
      [],
      [
        0,
        3
      ],
      [
        0,
        1,
        3,
        4
      ],
      [
        0,
        1,
        3,
        4,
        5
      ]
    ]
  },
  "directions": {
    "left": [
      -0.6563112735748291,
      -0.7544902563095093,
      0.0
    ],
    "behind": [
      -0.754490315914154,
      0.6563112735748291,
      0.0
    ],
    "below": [
      -0.0,
      -0.0,
      -1.0
    ],
    "front": [
      0.754490315914154,
      -0.6563112735748291,
      -0.0
    ],
    "above": [
      0.0,
      0.0,
      1.0
    ],
    "right": [
      0.6563112735748291,
      0.7544902563095093,
      -0.0
    ]
  },
  "image_filename": "CLEVR_new_000300",
  "objects": [
    {
      "rotation": 203.1336797489257,
      "material": "rubber",
      "color": "gray",
      "3d_coords": [
        0.45027026534080505,
        1.6661351919174194,
        0.3499999940395355
      ],
      "shape": "sphere",
      "pixel_coords": [
        206,
        100,
        11.761231422424316
      ],
      "size": "small"
    },
    {
      "rotation": 99.59326352332006,
      "material": "rubber",
      "color": "gray",
      "3d_coords": [
        1.837321162223816,
        -1.60617196559906,
        0.699999988079071
      ],
      "shape": "cylinder",
      "pixel_coords": [
        160,
        142,
        8.783353805541992
      ],
      "size": "large"
    },
    {
      "rotation": 6.811625135618287,
      "material": "metal",
      "color": "brown",
      "3d_coords": [
        -0.960904598236084,
        -2.477360725402832,
        0.699999988079071
      ],
      "shape": "cube",
      "pixel_coords": [
        74,
        113,
        10.138545989990234
      ],
      "size": "large"
    },
    {
      "rotation": 163.45782049657606,
      "material": "rubber",
      "color": "blue",
      "3d_coords": [
        2.8983635902404785,
        0.4035337567329407,
        0.699999988079071
      ],
      "shape": "cylinder",
      "pixel_coords": [
        244,
        131,
        9.23974323272705
      ],
      "size": "large"
    },
    {
      "rotation": 319.4762649410126,
      "material": "metal",
      "color": "green",
      "3d_coords": [
        -1.6286052465438843,
        2.2994096279144287,
        0.3499999940395355
      ],
      "shape": "sphere",
      "pixel_coords": [
        177,
        78,
        13.507853507995605
      ],
      "size": "small"
    },
    {
      "rotation": 157.19684557730906,
      "material": "rubber",
      "color": "cyan",
      "3d_coords": [
        -0.4789373278617859,
        -0.474020779132843,
        0.3499999940395355
      ],
      "shape": "cylinder",
      "pixel_coords": [
        139,
        110,
        11.141912460327148
      ],
      "size": "small"
    },
    {
      "rotation": 75.7316453176255,
      "material": "rubber",
      "color": "red",
      "3d_coords": [
        -2.4732930660247803,
        -0.5493757128715515,
        0.3499999940395355
      ],
      "shape": "cube",
      "pixel_coords": [
        103,
        91,
        12.422986030578613
      ],
      "size": "small"
    }
  ]
}