{
  "image_index": 120,
  "split": "new",
  "relationships": {
    "left": [
      [
        2,
        3,
        5,
        6
      ],
      [
        0,
        2,
        3,
        5,
        6
      ],
      [
        3
      ],
      [],
      [
        0,
        1,
        2,
        3,
        5,
        6
      ],
      [
        2,
        3
      ],
      [
        2,
        3,
        5
      ]
    ],
    "front": [
      [
        1,
        2,
        3,
        4,
        5
      ],
      [
        4,
        5
      ],
      [
        1,
        3,
        4,
        5
      ],
      [
        1,
        4,
        5
      ],
      [
        5
      ],
      [],
      [
        0,
        1,
        2,
        3,
        4,
        5
      ]
    ],
    "behind": [
      [
        6
      ],
      [
        0,
        2,
        3,
        6
      ],
      [
        0,
        6
      ],
      [
        0,
        2,
        6
      ],
      [
        0,
        1,
        2,
        3,
        6
      ],
      [
        0,
        1,
        2,
        3,
        4,
        6
      ],
      []
    ],
    "right": [
      [
        1,
        4
      ],
      [
        4
      ],
      [
        0,
        1,
        4,
        5,
        6
      ],
      [
        0,
        1,
        2,
        4,
        5,
        6
      ],
      [],
      [
        0,
        1,
        4,
        6
      ],
      [
        0,
        1,
        4
      ]
    ]
  },
  "directions": {
    "left": [
      -0.6563112735748291,
      -0.7544902563095093,
      0.0
    ],
    "behind": [
      -0.754490315914154,
      0.6563112735748291,
      0.0
    ],
    "below": [
      -0.0,
      -0.0,
      -1.0
    ],
    "front": [
      0.754490315914154,
      -0.6563112735748291,
      -0.0
    ],
    "above": [
      0.0,
      0.0,
      1.0
    ],
    "right": [
      0.6563112735748291,
      0.7544902563095093,
      -0.0
    ]
  },
  "image_filename": "CLEVR_new_000120",
  "objects": [
    {
      "rotation": 237.8348524095288,
      "material": "metal",
      "color": "yellow",
      "3d_coords": [
        -0.6891373991966248,
        1.5521795749664307,
        0.699999988079071
      ],
      "shape": "sphere",
      "pixel_coords": [
        180,
        82,
        12.28611946105957
      ],
      "size": "large"
    },
    {
      "rotation": 79.48759203102604,
      "material": "metal",
      "color": "red",
      "3d_coords": [
        1.0702601671218872,
        0.6601769328117371,
        0.3499999940395355
      ],
      "shape": "cube",
      "pixel_coords": [
        199,
        116,
        10.7682523727417
      ],
      "size": "small"
    },
    {
      "rotation": 253.93662103337152,
      "material": "metal",
      "color": "gray",
      "3d_coords": [
        -1.2504528760910034,
        0.11910685151815414,
        0.3499999940395355
      ],
      "shape": "cylinder",
      "pixel_coords": [
        139,
        97,
        11.997017860412598
      ],
      "size": "small"
    },
    {
      "rotation": 217.2104455639676,
      "material": "rubber",
      "color": "yellow",
      "3d_coords": [
        -2.845001697540283,
        -2.531675100326538,
        0.699999988079071
      ],
      "shape": "cube",
      "pixel_coords": [
        44,
        94,
        11.35854434967041
      ],
      "size": "large"
    },
    {
      "rotation": 324.1855499966945,
      "material": "rubber",
      "color": "green",
      "3d_coords": [
        2.5231423377990723,
        0.7493573427200317,
        0.699999988079071
      ],
      "shape": "sphere",
      "pixel_coords": [
        240,
        122,
        9.68875789642334
      ],
      "size": "large"
    },
    {
      "rotation": 72.84119179626445,
      "material": "metal",
      "color": "yellow",
      "3d_coords": [
        1.2947955131530762,
        -1.310571312904358,
        0.3499999940395355
      ],
      "shape": "cube",
      "pixel_coords": [
        155,
        141,
        9.48051643371582
      ],
      "size": "small"
    },
    {
      "rotation": 22.916700716920776,
      "material": "metal",
      "color": "green",
      "3d_coords": [
        -2.7487385272979736,
        2.8066506385803223,
        0.699999988079071
      ],
      "shape": "cube",
      "pixel_coords": [
        168,
        60,
        14.378837585449219
      ],
      "size": "large"
    }
  ]
}