{
  "image_index": 295,
  "split": "new",
  "relationships": {
    "left": [
      [
        1,
        2,
        3,
        4,
        6,
        8
      ],
      [],
      [
        1,
        6,
        8
      ],
      [
        1,
        2,
        6,
        8
      ],
      [
        1,
        2,
        3,
        6,
        8
      ],
      [
        0,
        1,
        2,
        3,
        4,
        6,
        8
      ],
      [
        1
      ],
      [
        0,
        1,
        2,
        3,
        4,
        5,
        6,
        8
      ],
      [
        1,
        6
      ]
    ],
    "front": [
      [
        1,
        2,
        3,
        4,
        5,
        6,
        7
      ],
      [
        2,
        3,
        4,
        5,
        6,
        7
      ],
      [
        4,
        6
      ],
      [
        2,
        4,
        5,
        6
      ],
      [
        6
      ],
      [
        2,
        4,
        6
      ],
      [],
      [
        2,
        3,
        4,
        5,
        6
      ],
      [
        0,
        1,
        2,
        3,
        4,
        5,
        6,
        7
      ]
    ],
    "behind": [
      [
        8
      ],
      [
        0,
        8
      ],
      [
        0,
        1,
        3,
        5,
        7,
        8
      ],
      [
        0,
        1,
        7,
        8
      ],
      [
        0,
        1,
        2,
        3,
        5,
        7,
        8
      ],
      [
        0,
        1,
        3,
        7,
        8
      ],
      [
        0,
        1,
        2,
        3,
        4,
        5,
        7,
        8
      ],
      [
        0,
        1,
        8
      ],
      []
    ],
    "right": [
      [
        5,
        7
      ],
      [
        0,
        2,
        3,
        4,
        5,
        6,
        7,
        8
      ],
      [
        0,
        3,
        4,
        5,
        7
      ],
      [
        0,
        4,
        5,
        7
      ],
      [
        0,
        5,
        7
      ],
      [
        7
      ],
      [
        0,
        2,
        3,
        4,
        5,
        7,
        8
      ],
      [],
      [
        0,
        2,
        3,
        4,
        5,
        7
      ]
    ]
  },
  "directions": {
    "left": [
      -0.6563112735748291,
      -0.7544902563095093,
      0.0
    ],
    "behind": [
      -0.754490315914154,
      0.6563112735748291,
      0.0
    ],
    "below": [
      -0.0,
      -0.0,
      -1.0
    ],
    "front": [
      0.754490315914154,
      -0.6563112735748291,
      -0.0
    ],
    "above": [
      0.0,
      0.0,
      1.0
    ],
    "right": [
      0.6563112735748291,
      0.7544902563095093,
      -0.0
    ]
  },
  "image_filename": "CLEVR_new_000295",
  "objects": [
    {
      "rotation": 297.3655225216186,
      "material": "rubber",
      "color": "yellow",
      "3d_coords": [
        -0.3586200475692749,
        2.748236894607544,
        0.3499999940395355
      ],
      "shape": "sphere",
      "pixel_coords": [
        210,
        85,
        12.923666000366211
      ],
      "size": "small"
    },
    {
      "rotation": 296.25235892167416,
      "material": "rubber",
      "color": "red",
      "3d_coords": [
        -2.7996106147766113,
        -1.0267852544784546,
        0.699999988079071
      ],
      "shape": "sphere",
      "pixel_coords": [
        85,
        83,
        12.197850227355957
      ],
      "size": "large"
    },
    {
      "rotation": 101.15996135636911,
      "material": "metal",
      "color": "blue",
      "3d_coords": [
        1.1517986059188843,
        -1.2132151126861572,
        0.699999988079071
      ],
      "shape": "sphere",
      "pixel_coords": [
        154,
        126,
        9.46569538116455
      ],
      "size": "large"
    },
    {
      "rotation": 320.6465389260998,
      "material": "metal",
      "color": "red",
      "3d_coords": [
        0.48836296796798706,
        0.2019868940114975,
        0.3499999940395355
      ],
      "shape": "cube",
      "pixel_coords": [
        175,
        114,
        10.890016555786133
      ],
      "size": "small"
    },
    {
      "rotation": 144.02778321797217,
      "material": "rubber",
      "color": "yellow",
      "3d_coords": [
        2.5866153240203857,
        -0.6499584317207336,
        0.3499999940395355
      ],
      "shape": "cube",
      "pixel_coords": [
        207,
        152,
        9.00418758392334
      ],
      "size": "small"
    },
    {
      "rotation": 32.13815120983369,
      "material": "metal",
      "color": "blue",
      "3d_coords": [
        2.0398213863372803,
        1.294891119003296,
        0.3499999940395355
      ],
      "shape": "sphere",
      "pixel_coords": [
        237,
        121,
        10.490997314453125
      ],
      "size": "small"
    },
    {
      "rotation": 50.571410927361626,
      "material": "metal",
      "color": "cyan",
      "3d_coords": [
        1.6173182725906372,
        -2.8710551261901855,
        0.699999988079071
      ],
      "shape": "cylinder",
      "pixel_coords": [
        113,
        157,
        8.198686599731445
      ],
      "size": "large"
    },
    {
      "rotation": 86.51654610787875,
      "material": "rubber",
      "color": "yellow",
      "3d_coords": [
        1.7280309200286865,
        2.9689886569976807,
        0.3499999940395355
      ],
      "shape": "sphere",
      "pixel_coords": [
        261,
        102,
        11.665295600891113
      ],
      "size": "small"
    },
    {
      "rotation": 108.51050601172277,
      "material": "metal",
      "color": "yellow",
      "3d_coords": [
        -2.8629491329193115,
        1.636075735092163,
        0.3499999940395355
      ],
      "shape": "cube",
      "pixel_coords": [
        144,
        74,
        13.944436073303223
      ],
      "size": "small"
    }
  ]
}