{
  "image_index": 6,
  "split": "new",
  "relationships": {
    "left": [
      [
        1,
        2,
        3,
        4,
        5,
        6,
        7
      ],
      [
        6
      ],
      [
        1,
        3,
        4,
        5,
        6
      ],
      [
        1,
        5,
        6
      ],
      [
        1,
        3,
        5,
        6
      ],
      [
        1,
        6
      ],
      [],
      [
        1,
        2,
        3,
        4,
        5,
        6
      ]
    ],
    "front": [
      [
        2,
        3,
        5,
        6,
        7
      ],
      [
        0,
        2,
        3,
        5,
        6,
        7
      ],
      [],
      [
        2
      ],
      [
        0,
        1,
        2,
        3,
        5,
        6,
        7
      ],
      [
        2,
        3,
        7
      ],
      [
        2,
        3,
        5,
        7
      ],
      [
        2,
        3
      ]
    ],
    "behind": [
      [
        1,
        4
      ],
      [
        4
      ],
      [
        0,
        1,
        3,
        4,
        5,
        6,
        7
      ],
      [
        0,
        1,
        4,
        5,
        6,
        7
      ],
      [],
      [
        0,
        1,
        4,
        6
      ],
      [
        0,
        1,
        4
      ],
      [
        0,
        1,
        4,
        5,
        6
      ]
    ],
    "right": [
      [],
      [
        0,
        2,
        3,
        4,
        5,
        7
      ],
      [
        0,
        7
      ],
      [
        0,
        2,
        4,
        7
      ],
      [
        0,
        2,
        7
      ],
      [
        0,
        2,
        3,
        4,
        7
      ],
      [
        0,
        1,
        2,
        3,
        4,
        5,
        7
      ],
      [
        0
      ]
    ]
  },
  "directions": {
    "left": [
      -0.6563112735748291,
      -0.7544902563095093,
      0.0
    ],
    "behind": [
      -0.754490315914154,
      0.6563112735748291,
      0.0
    ],
    "below": [
      -0.0,
      -0.0,
      -1.0
    ],
    "front": [
      0.754490315914154,
      -0.6563112735748291,
      -0.0
    ],
    "above": [
      0.0,
      0.0,
      1.0
    ],
    "right": [
      0.6563112735748291,
      0.7544902563095093,
      -0.0
    ]
  },
  "image_filename": "CLEVR_new_000006",
  "objects": [
    {
      "rotation": 85.42513461852961,
      "material": "rubber",
      "color": "gray",
      "3d_coords": [
        0.8588002324104309,
        2.102745532989502,
        0.699999988079071
      ],
      "shape": "cylinder",
      "pixel_coords": [
        225,
        91,
        11.576102256774902
      ],
      "size": "large"
    },
    {
      "rotation": 15.8160609036517,
      "material": "rubber",
      "color": "brown",
      "3d_coords": [
        -2.822169780731201,
        -0.8190990090370178,
        0.699999988079071
      ],
      "shape": "sphere",
      "pixel_coords": [
        90,
        81,
        12.33282470703125
      ],
      "size": "large"
    },
    {
      "rotation": 285.5886688277172,
      "material": "rubber",
      "color": "purple",
      "3d_coords": [
        2.8403825759887695,
        -1.4031230211257935,
        0.3499999940395355
      ],
      "shape": "sphere",
      "pixel_coords": [
        194,
        168,
        8.400498390197754
      ],
      "size": "small"
    },
    {
      "rotation": 3.9996222511415924,
      "material": "rubber",
      "color": "brown",
      "3d_coords": [
        1.6375232934951782,
        -2.108304977416992,
        0.3499999940395355
      ],
      "shape": "sphere",
      "pixel_coords": [
        139,
        157,
        8.7919921875
      ],
      "size": "small"
    },
    {
      "rotation": 245.6438390704799,
      "material": "metal",
      "color": "green",
      "3d_coords": [
        -2.825615167617798,
        2.3731157779693604,
        0.699999988079071
      ],
      "shape": "sphere",
      "pixel_coords": [
        158,
        62,
        14.179421424865723
      ],
      "size": "large"
    },
    {
      "rotation": 328.60605754422727,
      "material": "rubber",
      "color": "brown",
      "3d_coords": [
        -0.17710135877132416,
        -1.1210681200027466,
        0.3499999940395355
      ],
      "shape": "cube",
      "pixel_coords": [
        128,
        119,
        10.567605972290039
      ],
      "size": "small"
    },
    {
      "rotation": 328.6984497817474,
      "material": "rubber",
      "color": "cyan",
      "3d_coords": [
        -2.336930990219116,
        -2.541691303253174,
        0.699999988079071
      ],
      "shape": "sphere",
      "pixel_coords": [
        50,
        99,
        11.015307426452637
      ],
      "size": "large"
    },
    {
      "rotation": 247.3433805976043,
      "material": "metal",
      "color": "yellow",
      "3d_coords": [
        1.917378306388855,
        0.6472139358520508,
        0.699999988079071
      ],
      "shape": "cube",
      "pixel_coords": [
        221,
        115,
        10.032079696655273
      ],
      "size": "large"
    }
  ]
}