{
  "image_index": 139,
  "split": "new",
  "relationships": {
    "left": [
      [
        1,
        3,
        4,
        5,
        7
      ],
      [
        4,
        5
      ],
      [
        0,
        1,
        3,
        4,
        5,
        6,
        7
      ],
      [
        1,
        4,
        5,
        7
      ],
      [
        5
      ],
      [],
      [
        0,
        1,
        3,
        4,
        5,
        7
      ],
      [
        1,
        4,
        5
      ]
    ],
    "front": [
      [
        1,
        2,
        3,
        4,
        5,
        6,
        7
      ],
      [
        2,
        3,
        4,
        5,
        6,
        7
      ],
      [
        3,
        5,
        7
      ],
      [
        7
      ],
      [
        2,
        3,
        5,
        7
      ],
      [
        3,
        7
      ],
      [
        2,
        3,
        4,
        5,
        7
      ],
      []
    ],
    "behind": [
      [],
      [
        0
      ],
      [
        0,
        1,
        4,
        6
      ],
      [
        0,
        1,
        2,
        4,
        5,
        6
      ],
      [
        0,
        1,
        6
      ],
      [
        0,
        1,
        2,
        4,
        6
      ],
      [
        0,
        1
      ],
      [
        0,
        1,
        2,
        3,
        4,
        5,
        6
      ]
    ],
    "right": [
      [
        2,
        6
      ],
      [
        0,
        2,
        3,
        6,
        7
      ],
      [],
      [
        0,
        2,
        6
      ],
      [
        0,
        1,
        2,
        3,
        6,
        7
      ],
      [
        0,
        1,
        2,
        3,
        4,
        6,
        7
      ],
      [
        2
      ],
      [
        0,
        2,
        3,
        6
      ]
    ]
  },
  "directions": {
    "left": [
      -0.6563112735748291,
      -0.7544902563095093,
      0.0
    ],
    "behind": [
      -0.754490315914154,
      0.6563112735748291,
      0.0
    ],
    "below": [
      -0.0,
      -0.0,
      -1.0
    ],
    "front": [
      0.754490315914154,
      -0.6563112735748291,
      -0.0
    ],
    "above": [
      0.0,
      0.0,
      1.0
    ],
    "right": [
      0.6563112735748291,
      0.7544902563095093,
      -0.0
    ]
  },
  "image_filename": "CLEVR_new_000139",
  "objects": [
    {
      "rotation": 292.9798905949926,
      "material": "rubber",
      "color": "yellow",
      "3d_coords": [
        -1.8011540174484253,
        2.272916793823242,
        0.3499999940395355
      ],
      "shape": "cube",
      "pixel_coords": [
        174,
        77,
        13.607150077819824
      ],
      "size": "small"
    },
    {
      "rotation": 345.7404745031793,
      "material": "rubber",
      "color": "gray",
      "3d_coords": [
        -2.0953218936920166,
        0.36931341886520386,
        0.3499999940395355
      ],
      "shape": "sphere",
      "pixel_coords": [
        130,
        88,
        12.702719688415527
      ],
      "size": "small"
    },
    {
      "rotation": 127.22505888532056,
      "material": "metal",
      "color": "yellow",
      "3d_coords": [
        1.3896220922470093,
        1.4747177362442017,
        0.3499999940395355
      ],
      "shape": "cube",
      "pixel_coords": [
        224,
        111,
        11.026741981506348
      ],
      "size": "small"
    },
    {
      "rotation": 110.93267393804852,
      "material": "metal",
      "color": "red",
      "3d_coords": [
        1.2260994911193848,
        -0.9212689399719238,
        0.699999988079071
      ],
      "shape": "cylinder",
      "pixel_coords": [
        164,
        124,
        9.5850191116333
      ],
      "size": "large"
    },
    {
      "rotation": 291.22196049546756,
      "material": "metal",
      "color": "yellow",
      "3d_coords": [
        -2.0744287967681885,
        -1.5702391862869263,
        0.3499999940395355
      ],
      "shape": "sphere",
      "pixel_coords": [
        83,
        103,
        11.568262100219727
      ],
      "size": "small"
    },
    {
      "rotation": 292.705734215007,
      "material": "metal",
      "color": "yellow",
      "3d_coords": [
        -1.3176324367523193,
        -2.951474905014038,
        0.699999988079071
      ],
      "shape": "sphere",
      "pixel_coords": [
        53,
        114,
        10.101556777954102
      ],
      "size": "large"
    },
    {
      "rotation": 170.8664890335148,
      "material": "rubber",
      "color": "green",
      "3d_coords": [
        0.09686978161334991,
        1.8772915601730347,
        0.3499999940395355
      ],
      "shape": "cylinder",
      "pixel_coords": [
        203,
        95,
        12.117948532104492
      ],
      "size": "small"
    },
    {
      "rotation": 274.5718354799047,
      "material": "metal",
      "color": "blue",
      "3d_coords": [
        2.730977773666382,
        -2.8463056087493896,
        0.699999988079071
      ],
      "shape": "cylinder",
      "pixel_coords": [
        143,
        178,
        7.473315715789795
      ],
      "size": "large"
    }
  ]
}