{
  "image_index": 315,
  "split": "new",
  "relationships": {
    "left": [
      [
        2,
        3,
        4,
        5,
        6
      ],
      [
        0,
        2,
        3,
        4,
        5,
        6
      ],
      [
        3,
        4,
        5,
        6
      ],
      [
        4,
        5,
        6
      ],
      [],
      [
        4,
        6
      ],
      [
        4
      ],
      [
        0,
        1,
        2,
        3,
        4,
        5,
        6
      ],
      [
        0,
        1,
        2,
        3,
        4,
        5,
        6,
        7
      ]
    ],
    "front": [
      [
        1,
        5,
        6,
        8
      ],
      [
        6
      ],
      [
        0,
        1,
        4,
        5,
        6,
        7,
        8
      ],
      [
        0,
        1,
        2,
        4,
        5,
        6,
        7,
        8
      ],
      [
        0,
        1,
        5,
        6,
        8
      ],
      [
        1,
        6
      ],
      [],
      [
        0,
        1,
        4,
        5,
        6,
        8
      ],
      [
        1,
        5,
        6
      ]
    ],
    "behind": [
      [
        2,
        3,
        4,
        7
      ],
      [
        0,
        2,
        3,
        4,
        5,
        7,
        8
      ],
      [
        3
      ],
      [],
      [
        2,
        3,
        7
      ],
      [
        0,
        2,
        3,
        4,
        7,
        8
      ],
      [
        0,
        1,
        2,
        3,
        4,
        5,
        7,
        8
      ],
      [
        2,
        3
      ],
      [
        0,
        2,
        3,
        4,
        7
      ]
    ],
    "right": [
      [
        1,
        7,
        8
      ],
      [
        7,
        8
      ],
      [
        0,
        1,
        7,
        8
      ],
      [
        0,
        1,
        2,
        7,
        8
      ],
      [
        0,
        1,
        2,
        3,
        5,
        6,
        7,
        8
      ],
      [
        0,
        1,
        2,
        3,
        7,
        8
      ],
      [
        0,
        1,
        2,
        3,
        5,
        7,
        8
      ],
      [
        8
      ],
      []
    ]
  },
  "directions": {
    "left": [
      -0.6563112735748291,
      -0.7544902563095093,
      0.0
    ],
    "behind": [
      -0.754490315914154,
      0.6563112735748291,
      0.0
    ],
    "below": [
      -0.0,
      -0.0,
      -1.0
    ],
    "front": [
      0.754490315914154,
      -0.6563112735748291,
      -0.0
    ],
    "above": [
      0.0,
      0.0,
      1.0
    ],
    "right": [
      0.6563112735748291,
      0.7544902563095093,
      -0.0
    ]
  },
  "image_filename": "CLEVR_new_000315",
  "objects": [
    {
      "rotation": 18.896359140050947,
      "material": "rubber",
      "color": "blue",
      "3d_coords": [
        0.49838897585868835,
        0.6528593301773071,
        0.3499999940395355
      ],
      "shape": "cube",
      "pixel_coords": [
        186,
        110,
        11.14384937286377
      ],
      "size": "small"
    },
    {
      "rotation": 278.62975435486555,
      "material": "metal",
      "color": "gray",
      "3d_coords": [
        2.7279796600341797,
        0.5453536510467529,
        0.699999988079071
      ],
      "shape": "cube",
      "pixel_coords": [
        242,
        127,
        9.434845924377441
      ],
      "size": "large"
    },
    {
      "rotation": 77.10140868970267,
      "material": "rubber",
      "color": "red",
      "3d_coords": [
        -1.2588807344436646,
        1.3216649293899536,
        0.3499999940395355
      ],
      "shape": "cube",
      "pixel_coords": [
        165,
        88,
        12.697395324707031
      ],
      "size": "small"
    },
    {
      "rotation": 354.09726215860405,
      "material": "rubber",
      "color": "purple",
      "3d_coords": [
        -2.672780990600586,
        1.6870447397232056,
        0.3499999940395355
      ],
      "shape": "cube",
      "pixel_coords": [
        148,
        75,
        13.847578048706055
      ],
      "size": "small"
    },
    {
      "rotation": 154.62158933155882,
      "material": "metal",
      "color": "blue",
      "3d_coords": [
        -2.762026309967041,
        -2.114990234375,
        0.699999988079071
      ],
      "shape": "sphere",
      "pixel_coords": [
        57,
        91,
        11.544174194335938
      ],
      "size": "large"
    },
    {
      "rotation": 192.67542223304582,
      "material": "rubber",
      "color": "cyan",
      "3d_coords": [
        0.13552497327327728,
        -1.3396490812301636,
        0.699999988079071
      ],
      "shape": "cylinder",
      "pixel_coords": [
        128,
        115,
        10.067635536193848
      ],
      "size": "large"
    },
    {
      "rotation": 171.13817841750895,
      "material": "rubber",
      "color": "yellow",
      "3d_coords": [
        0.9099107384681702,
        -2.6995131969451904,
        0.3499999940395355
      ],
      "shape": "cylinder",
      "pixel_coords": [
        104,
        154,
        8.933685302734375
      ],
      "size": "small"
    },
    {
      "rotation": 336.8274118041793,
      "material": "metal",
      "color": "purple",
      "3d_coords": [
        0.8858544230461121,
        2.8450233936309814,
        0.3499999940395355
      ],
      "shape": "cylinder",
      "pixel_coords": [
        239,
        95,
        12.153030395507812
      ],
      "size": "small"
    },
    {
      "rotation": 219.19991318816233,
      "material": "metal",
      "color": "green",
      "3d_coords": [
        2.5196359157562256,
        2.2417209148406982,
        0.699999988079071
      ],
      "shape": "sphere",
      "pixel_coords": [
        271,
        106,
        10.553302764892578
      ],
      "size": "large"
    }
  ]
}