{
  "image_index": 170,
  "split": "new",
  "relationships": {
    "left": [
      [
        1,
        2,
        4,
        5,
        6,
        7
      ],
      [
        4,
        5,
        7
      ],
      [
        1,
        4,
        5,
        6,
        7
      ],
      [
        0,
        1,
        2,
        4,
        5,
        6,
        7,
        8
      ],
      [
        5,
        7
      ],
      [],
      [
        1,
        4,
        5,
        7
      ],
      [
        5
      ],
      [
        0,
        1,
        2,
        4,
        5,
        6,
        7
      ]
    ],
    "front": [
      [
        4
      ],
      [
        0,
        2,
        3,
        4,
        5,
        6,
        7,
        8
      ],
      [
        0,
        3,
        4,
        7
      ],
      [
        0,
        4,
        7
      ],
      [],
      [
        0,
        2,
        3,
        4,
        7,
        8
      ],
      [
        0,
        2,
        3,
        4,
        5,
        7,
        8
      ],
      [
        0,
        4
      ],
      [
        0,
        2,
        3,
        4,
        7
      ]
    ],
    "behind": [
      [
        1,
        2,
        3,
        5,
        6,
        7,
        8
      ],
      [],
      [
        1,
        5,
        6,
        8
      ],
      [
        1,
        2,
        5,
        6,
        8
      ],
      [
        0,
        1,
        2,
        3,
        5,
        6,
        7,
        8
      ],
      [
        1,
        6
      ],
      [
        1
      ],
      [
        1,
        2,
        3,
        5,
        6,
        8
      ],
      [
        1,
        5,
        6
      ]
    ],
    "right": [
      [
        3,
        8
      ],
      [
        0,
        2,
        3,
        6,
        8
      ],
      [
        0,
        3,
        8
      ],
      [],
      [
        0,
        1,
        2,
        3,
        6,
        8
      ],
      [
        0,
        1,
        2,
        3,
        4,
        6,
        7,
        8
      ],
      [
        0,
        2,
        3,
        8
      ],
      [
        0,
        1,
        2,
        3,
        4,
        6,
        8
      ],
      [
        3
      ]
    ]
  },
  "directions": {
    "left": [
      -0.6563112735748291,
      -0.7544902563095093,
      0.0
    ],
    "behind": [
      -0.754490315914154,
      0.6563112735748291,
      0.0
    ],
    "below": [
      -0.0,
      -0.0,
      -1.0
    ],
    "front": [
      0.754490315914154,
      -0.6563112735748291,
      -0.0
    ],
    "above": [
      0.0,
      0.0,
      1.0
    ],
    "right": [
      0.6563112735748291,
      0.7544902563095093,
      -0.0
    ]
  },
  "image_filename": "CLEVR_new_000170",
  "objects": [
    {
      "rotation": 165.56923322363554,
      "material": "rubber",
      "color": "purple",
      "3d_coords": [
        2.6313295364379883,
        -0.2648782432079315,
        0.3499999940395355
      ],
      "shape": "sphere",
      "pixel_coords": [
        218,
        147,
        9.196969985961914
      ],
      "size": "small"
    },
    {
      "rotation": 277.7329457808465,
      "material": "metal",
      "color": "green",
      "3d_coords": [
        -2.3630688190460205,
        1.7063140869140625,
        0.3499999940395355
      ],
      "shape": "cube",
      "pixel_coords": [
        153,
        77,
        13.653006553649902
      ],
      "size": "small"
    },
    {
      "rotation": 224.41816721406119,
      "material": "rubber",
      "color": "green",
      "3d_coords": [
        0.9558904767036438,
        0.4541162848472595,
        0.3499999940395355
      ],
      "shape": "cylinder",
      "pixel_coords": [
        192,
        116,
        10.725162506103516
      ],
      "size": "small"
    },
    {
      "rotation": 352.11108527570815,
      "material": "metal",
      "color": "gray",
      "3d_coords": [
        2.9418301582336426,
        1.6479462385177612,
        0.3499999940395355
      ],
      "shape": "cylinder",
      "pixel_coords": [
        270,
        128,
        10.095880508422852
      ],
      "size": "small"
    },
    {
      "rotation": 166.8500442344082,
      "material": "rubber",
      "color": "brown",
      "3d_coords": [
        1.4283007383346558,
        -2.5154225826263428,
        0.699999988079071
      ],
      "shape": "cube",
      "pixel_coords": [
        121,
        148,
        8.529695510864258
      ],
      "size": "large"
    },
    {
      "rotation": 184.5811438771673,
      "material": "rubber",
      "color": "blue",
      "3d_coords": [
        -2.775956153869629,
        -1.2061721086502075,
        0.699999988079071
      ],
      "shape": "cube",
      "pixel_coords": [
        81,
        84,
        12.078497886657715
      ],
      "size": "large"
    },
    {
      "rotation": 279.6677120444349,
      "material": "rubber",
      "color": "green",
      "3d_coords": [
        -1.1284019947052002,
        1.4488511085510254,
        0.3499999940395355
      ],
      "shape": "sphere",
      "pixel_coords": [
        170,
        88,
        12.684216499328613
      ],
      "size": "small"
    },
    {
      "rotation": 18.11274344621318,
      "material": "metal",
      "color": "green",
      "3d_coords": [
        -0.2575501799583435,
        -2.7761881351470947,
        0.699999988079071
      ],
      "shape": "sphere",
      "pixel_coords": [
        77,
        126,
        9.49874496459961
      ],
      "size": "large"
    },
    {
      "rotation": 204.82881085446692,
      "material": "metal",
      "color": "purple",
      "3d_coords": [
        1.6588666439056396,
        1.9269342422485352,
        0.699999988079071
      ],
      "shape": "sphere",
      "pixel_coords": [
        241,
        100,
        10.94313907623291
      ],
      "size": "large"
    }
  ]
}