{
  "image_index": 76,
  "split": "new",
  "relationships": {
    "left": [
      [
        2,
        4,
        6,
        8
      ],
      [
        0,
        2,
        3,
        4,
        6,
        8
      ],
      [
        6
      ],
      [
        0,
        2,
        4,
        6,
        8
      ],
      [
        2,
        6
      ],
      [
        0,
        1,
        2,
        3,
        4,
        6,
        7,
        8
      ],
      [],
      [
        0,
        1,
        2,
        3,
        4,
        6,
        8
      ],
      [
        2,
        4,
        6
      ]
    ],
    "front": [
      [
        1,
        2,
        3,
        4,
        5,
        6,
        7,
        8
      ],
      [
        4,
        8
      ],
      [
        1,
        4,
        8
      ],
      [
        1,
        2,
        4,
        5,
        6,
        8
      ],
      [],
      [
        1,
        2,
        4,
        6,
        8
      ],
      [
        1,
        2,
        4,
        8
      ],
      [
        1,
        2,
        3,
        4,
        5,
        6,
        8
      ],
      [
        4
      ]
    ],
    "behind": [
      [],
      [
        0,
        2,
        3,
        5,
        6,
        7
      ],
      [
        0,
        3,
        5,
        6,
        7
      ],
      [
        0,
        7
      ],
      [
        0,
        1,
        2,
        3,
        5,
        6,
        7,
        8
      ],
      [
        0,
        3,
        7
      ],
      [
        0,
        3,
        5,
        7
      ],
      [
        0
      ],
      [
        0,
        1,
        2,
        3,
        5,
        6,
        7
      ]
    ],
    "right": [
      [
        1,
        3,
        5,
        7
      ],
      [
        5,
        7
      ],
      [
        0,
        1,
        3,
        4,
        5,
        7,
        8
      ],
      [
        1,
        5,
        7
      ],
      [
        0,
        1,
        3,
        5,
        7,
        8
      ],
      [],
      [
        0,
        1,
        2,
        3,
        4,
        5,
        7,
        8
      ],
      [
        5
      ],
      [
        0,
        1,
        3,
        5,
        7
      ]
    ]
  },
  "directions": {
    "left": [
      -0.6563112735748291,
      -0.7544902563095093,
      0.0
    ],
    "behind": [
      -0.754490315914154,
      0.6563112735748291,
      0.0
    ],
    "below": [
      -0.0,
      -0.0,
      -1.0
    ],
    "front": [
      0.754490315914154,
      -0.6563112735748291,
      -0.0
    ],
    "above": [
      0.0,
      0.0,
      1.0
    ],
    "right": [
      0.6563112735748291,
      0.7544902563095093,
      -0.0
    ]
  },
  "image_filename": "CLEVR_new_000076",
  "objects": [
    {
      "rotation": 67.3475434209426,
      "material": "rubber",
      "color": "brown",
      "3d_coords": [
        -1.3982152938842773,
        2.1486306190490723,
        0.699999988079071
      ],
      "shape": "cube",
      "pixel_coords": [
        179,
        72,
        13.101675033569336
      ],
      "size": "large"
    },
    {
      "rotation": 31.452768361755396,
      "material": "metal",
      "color": "green",
      "3d_coords": [
        2.667510747909546,
        0.21011117100715637,
        0.3499999940395355
      ],
      "shape": "cylinder",
      "pixel_coords": [
        231,
        142,
        9.447365760803223
      ],
      "size": "small"
    },
    {
      "rotation": 112.08911841807105,
      "material": "rubber",
      "color": "gray",
      "3d_coords": [
        -0.16030557453632355,
        -1.6328802108764648,
        0.3499999940395355
      ],
      "shape": "cube",
      "pixel_coords": [
        114,
        125,
        10.260749816894531
      ],
      "size": "small"
    },
    {
      "rotation": 44.453487915966406,
      "material": "metal",
      "color": "yellow",
      "3d_coords": [
        0.22615975141525269,
        1.3465948104858398,
        0.699999988079071
      ],
      "shape": "cylinder",
      "pixel_coords": [
        195,
        91,
        11.55942153930664
      ],
      "size": "large"
    },
    {
      "rotation": 285.1397589798755,
      "material": "metal",
      "color": "red",
      "3d_coords": [
        2.8429338932037354,
        -2.797477960586548,
        0.3499999940395355
      ],
      "shape": "cube",
      "pixel_coords": [
        149,
        193,
        7.593212127685547
      ],
      "size": "small"
    },
    {
      "rotation": 88.45325180607652,
      "material": "rubber",
      "color": "blue",
      "3d_coords": [
        2.0117335319519043,
        2.285975456237793,
        0.699999988079071
      ],
      "shape": "cylinder",
      "pixel_coords": [
        258,
        101,
        10.91620922088623
      ],
      "size": "large"
    },
    {
      "rotation": 213.65220766978806,
      "material": "metal",
      "color": "cyan",
      "3d_coords": [
        -1.607071876525879,
        -2.5765738487243652,
        0.3499999940395355
      ],
      "shape": "cylinder",
      "pixel_coords": [
        62,
        117,
        10.676441192626953
      ],
      "size": "small"
    },
    {
      "rotation": 233.90029194765617,
      "material": "rubber",
      "color": "blue",
      "3d_coords": [
        0.5340490937232971,
        2.9016575813293457,
        0.3499999940395355
      ],
      "shape": "sphere",
      "pixel_coords": [
        232,
        91,
        12.419412612915039
      ],
      "size": "small"
    },
    {
      "rotation": 305.8618937954212,
      "material": "metal",
      "color": "brown",
      "3d_coords": [
        1.989174246788025,
        -1.329026699066162,
        0.3499999940395355
      ],
      "shape": "cylinder",
      "pixel_coords": [
        172,
        152,
        9.008662223815918
      ],
      "size": "small"
    }
  ]
}