{
  "image_index": 241,
  "split": "new",
  "relationships": {
    "left": [
      [
        3,
        5,
        6,
        7
      ],
      [
        0,
        2,
        3,
        4,
        5,
        6,
        7
      ],
      [
        0,
        3,
        4,
        5,
        6,
        7
      ],
      [
        6
      ],
      [
        0,
        3,
        5,
        6,
        7
      ],
      [
        3,
        6,
        7
      ],
      [],
      [
        3,
        6
      ]
    ],
    "front": [
      [
        1,
        2,
        3,
        4,
        5,
        6,
        7
      ],
      [
        2,
        4,
        5,
        7
      ],
      [
        5,
        7
      ],
      [
        1,
        2,
        4,
        5,
        6,
        7
      ],
      [
        2,
        5,
        7
      ],
      [],
      [
        1,
        2,
        4,
        5,
        7
      ],
      [
        5
      ]
    ],
    "behind": [
      [],
      [
        0,
        3,
        6
      ],
      [
        0,
        1,
        3,
        4,
        6
      ],
      [
        0
      ],
      [
        0,
        1,
        3,
        6
      ],
      [
        0,
        1,
        2,
        3,
        4,
        6,
        7
      ],
      [
        0,
        3
      ],
      [
        0,
        1,
        2,
        3,
        4,
        6
      ]
    ],
    "right": [
      [
        1,
        2,
        4
      ],
      [],
      [
        1
      ],
      [
        0,
        1,
        2,
        4,
        5,
        7
      ],
      [
        1,
        2
      ],
      [
        0,
        1,
        2,
        4
      ],
      [
        0,
        1,
        2,
        3,
        4,
        5,
        7
      ],
      [
        0,
        1,
        2,
        4,
        5
      ]
    ]
  },
  "directions": {
    "left": [
      -0.6563112735748291,
      -0.7544902563095093,
      0.0
    ],
    "behind": [
      -0.754490315914154,
      0.6563112735748291,
      0.0
    ],
    "below": [
      -0.0,
      -0.0,
      -1.0
    ],
    "front": [
      0.754490315914154,
      -0.6563112735748291,
      -0.0
    ],
    "above": [
      0.0,
      0.0,
      1.0
    ],
    "right": [
      0.6563112735748291,
      0.7544902563095093,
      -0.0
    ]
  },
  "image_filename": "CLEVR_new_000241",
  "objects": [
    {
      "rotation": 115.4668167271366,
      "material": "rubber",
      "color": "blue",
      "3d_coords": [
        -1.8515464067459106,
        1.8070170879364014,
        0.699999988079071
      ],
      "shape": "cylinder",
      "pixel_coords": [
        164,
        71,
        13.205400466918945
      ],
      "size": "large"
    },
    {
      "rotation": 281.3748809763853,
      "material": "rubber",
      "color": "blue",
      "3d_coords": [
        1.502181887626648,
        2.3963096141815186,
        0.699999988079071
      ],
      "shape": "cube",
      "pixel_coords": [
        246,
        94,
        11.318388938903809
      ],
      "size": "large"
    },
    {
      "rotation": 5.0465116891941,
      "material": "rubber",
      "color": "purple",
      "3d_coords": [
        2.2772200107574463,
        0.7240278720855713,
        0.699999988079071
      ],
      "shape": "sphere",
      "pixel_coords": [
        233,
        119,
        9.8374605178833
      ],
      "size": "large"
    },
    {
      "rotation": 95.0450413317798,
      "material": "metal",
      "color": "purple",
      "3d_coords": [
        -2.547097682952881,
        0.05923178419470787,
        0.3499999940395355
      ],
      "shape": "cylinder",
      "pixel_coords": [
        116,
        86,
        12.823629379272461
      ],
      "size": "small"
    },
    {
      "rotation": 56.256929404183936,
      "material": "metal",
      "color": "purple",
      "3d_coords": [
        0.7844105958938599,
        0.24532948434352875,
        0.3499999940395355
      ],
      "shape": "cylinder",
      "pixel_coords": [
        183,
        117,
        10.718428611755371
      ],
      "size": "small"
    },
    {
      "rotation": 70.60919203729372,
      "material": "metal",
      "color": "red",
      "3d_coords": [
        2.5934665203094482,
        -2.690042734146118,
        0.3499999940395355
      ],
      "shape": "cylinder",
      "pixel_coords": [
        145,
        185,
        7.820973873138428
      ],
      "size": "small"
    },
    {
      "rotation": 340.0204770980504,
      "material": "rubber",
      "color": "gray",
      "3d_coords": [
        -2.6719439029693604,
        -1.4271186590194702,
        0.3499999940395355
      ],
      "shape": "sphere",
      "pixel_coords": [
        78,
        96,
        12.047807693481445
      ],
      "size": "small"
    },
    {
      "rotation": 41.60390353082553,
      "material": "rubber",
      "color": "yellow",
      "3d_coords": [
        0.9378640651702881,
        -2.331639528274536,
        0.699999988079071
      ],
      "shape": "cube",
      "pixel_coords": [
        115,
        137,
        8.961614608764648
      ],
      "size": "large"
    }
  ]
}