{
  "image_index": 261,
  "split": "new",
  "relationships": {
    "left": [
      [
        1,
        2,
        3,
        5,
        6,
        7,
        8
      ],
      [
        2,
        6
      ],
      [],
      [
        1,
        2,
        6
      ],
      [
        0,
        1,
        2,
        3,
        5,
        6,
        7,
        8
      ],
      [
        1,
        2,
        3,
        6,
        8
      ],
      [
        2
      ],
      [
        1,
        2,
        3,
        5,
        6,
        8
      ],
      [
        1,
        2,
        3,
        6
      ]
    ],
    "front": [
      [
        1,
        2,
        4,
        7,
        8
      ],
      [
        8
      ],
      [
        1,
        4,
        7,
        8
      ],
      [
        0,
        1,
        2,
        4,
        5,
        6,
        7,
        8
      ],
      [
        1,
        8
      ],
      [
        0,
        1,
        2,
        4,
        6,
        7,
        8
      ],
      [
        0,
        1,
        2,
        4,
        7,
        8
      ],
      [
        1,
        4,
        8
      ],
      []
    ],
    "behind": [
      [
        3,
        5,
        6
      ],
      [
        0,
        2,
        3,
        4,
        5,
        6,
        7
      ],
      [
        0,
        3,
        5,
        6
      ],
      [],
      [
        0,
        2,
        3,
        5,
        6,
        7
      ],
      [
        3
      ],
      [
        3,
        5
      ],
      [
        0,
        2,
        3,
        5,
        6
      ],
      [
        0,
        1,
        2,
        3,
        4,
        5,
        6,
        7
      ]
    ],
    "right": [
      [
        4
      ],
      [
        0,
        3,
        4,
        5,
        7,
        8
      ],
      [
        0,
        1,
        3,
        4,
        5,
        6,
        7,
        8
      ],
      [
        0,
        4,
        5,
        7,
        8
      ],
      [],
      [
        0,
        4,
        7
      ],
      [
        0,
        1,
        3,
        4,
        5,
        7,
        8
      ],
      [
        0,
        4
      ],
      [
        0,
        4,
        5,
        7
      ]
    ]
  },
  "directions": {
    "left": [
      -0.6563112735748291,
      -0.7544902563095093,
      0.0
    ],
    "behind": [
      -0.754490315914154,
      0.6563112735748291,
      0.0
    ],
    "below": [
      -0.0,
      -0.0,
      -1.0
    ],
    "front": [
      0.754490315914154,
      -0.6563112735748291,
      -0.0
    ],
    "above": [
      0.0,
      0.0,
      1.0
    ],
    "right": [
      0.6563112735748291,
      0.7544902563095093,
      -0.0
    ]
  },
  "image_filename": "CLEVR_new_000261",
  "objects": [
    {
      "rotation": 28.402524192614532,
      "material": "metal",
      "color": "gray",
      "3d_coords": [
        0.3194361627101898,
        2.6705775260925293,
        0.699999988079071
      ],
      "shape": "cube",
      "pixel_coords": [
        223,
        82,
        12.262402534484863
      ],
      "size": "large"
    },
    {
      "rotation": 44.573478639729494,
      "material": "rubber",
      "color": "green",
      "3d_coords": [
        0.7072235345840454,
        -2.940641164779663,
        0.699999988079071
      ],
      "shape": "cylinder",
      "pixel_coords": [
        90,
        142,
        8.762948989868164
      ],
      "size": "large"
    },
    {
      "rotation": 95.78000683869018,
      "material": "rubber",
      "color": "red",
      "3d_coords": [
        -1.874158263206482,
        -2.436183214187622,
        0.699999988079071
      ],
      "shape": "cube",
      "pixel_coords": [
        60,
        103,
        10.768900871276855
      ],
      "size": "large"
    },
    {
      "rotation": 302.07734329849416,
      "material": "rubber",
      "color": "red",
      "3d_coords": [
        -2.9917266368865967,
        1.0971336364746094,
        0.3499999940395355
      ],
      "shape": "cylinder",
      "pixel_coords": [
        131,
        76,
        13.718592643737793
      ],
      "size": "small"
    },
    {
      "rotation": 117.94437985814044,
      "material": "rubber",
      "color": "blue",
      "3d_coords": [
        2.8676674365997314,
        1.1683248281478882,
        0.3499999940395355
      ],
      "shape": "sphere",
      "pixel_coords": [
        258,
        133,
        9.868035316467285
      ],
      "size": "small"
    },
    {
      "rotation": 306.4418690465426,
      "material": "rubber",
      "color": "gray",
      "3d_coords": [
        -1.7777745723724365,
        1.587019920349121,
        0.3499999940395355
      ],
      "shape": "cube",
      "pixel_coords": [
        161,
        82,
        13.195343971252441
      ],
      "size": "small"
    },
    {
      "rotation": 233.43769551132797,
      "material": "rubber",
      "color": "red",
      "3d_coords": [
        -2.974977493286133,
        -0.48199281096458435,
        0.699999988079071
      ],
      "shape": "cube",
      "pixel_coords": [
        96,
        78,
        12.629079818725586
      ],
      "size": "large"
    },
    {
      "rotation": 110.6854895626026,
      "material": "metal",
      "color": "yellow",
      "3d_coords": [
        1.0136874914169312,
        0.12079039961099625,
        0.699999988079071
      ],
      "shape": "sphere",
      "pixel_coords": [
        186,
        110,
        10.328150749206543
      ],
      "size": "large"
    },
    {
      "rotation": 19.29073746793963,
      "material": "metal",
      "color": "gray",
      "3d_coords": [
        2.6389245986938477,
        -2.808804750442505,
        0.699999988079071
      ],
      "shape": "sphere",
      "pixel_coords": [
        142,
        176,
        7.556121826171875
      ],
      "size": "large"
    }
  ]
}