{
  "image_index": 256,
  "split": "new",
  "relationships": {
    "left": [
      [
        1,
        2,
        3,
        4,
        6,
        7
      ],
      [
        2,
        3,
        4,
        6,
        7
      ],
      [
        6,
        7
      ],
      [
        2,
        6,
        7
      ],
      [
        2,
        3,
        6,
        7
      ],
      [
        0,
        1,
        2,
        3,
        4,
        6,
        7
      ],
      [
        7
      ],
      []
    ],
    "front": [
      [
        1,
        2,
        3,
        5,
        6,
        7
      ],
      [
        3,
        6
      ],
      [
        1,
        3,
        5,
        6,
        7
      ],
      [],
      [
        0,
        1,
        2,
        3,
        5,
        6,
        7
      ],
      [
        1,
        3,
        6
      ],
      [
        3
      ],
      [
        1,
        3,
        5,
        6
      ]
    ],
    "behind": [
      [
        4
      ],
      [
        0,
        2,
        4,
        5,
        7
      ],
      [
        0,
        4
      ],
      [
        0,
        1,
        2,
        4,
        5,
        6,
        7
      ],
      [],
      [
        0,
        2,
        4,
        7
      ],
      [
        0,
        1,
        2,
        4,
        5,
        7
      ],
      [
        0,
        2,
        4
      ]
    ],
    "right": [
      [
        5
      ],
      [
        0,
        5
      ],
      [
        0,
        1,
        3,
        4,
        5
      ],
      [
        0,
        1,
        4,
        5
      ],
      [
        0,
        1,
        5
      ],
      [],
      [
        0,
        1,
        2,
        3,
        4,
        5
      ],
      [
        0,
        1,
        2,
        3,
        4,
        5,
        6
      ]
    ]
  },
  "directions": {
    "left": [
      -0.6563112735748291,
      -0.7544902563095093,
      0.0
    ],
    "behind": [
      -0.754490315914154,
      0.6563112735748291,
      0.0
    ],
    "below": [
      -0.0,
      -0.0,
      -1.0
    ],
    "front": [
      0.754490315914154,
      -0.6563112735748291,
      -0.0
    ],
    "above": [
      0.0,
      0.0,
      1.0
    ],
    "right": [
      0.6563112735748291,
      0.7544902563095093,
      -0.0
    ]
  },
  "image_filename": "CLEVR_new_000256",
  "objects": [
    {
      "rotation": 329.60134207218914,
      "material": "metal",
      "color": "blue",
      "3d_coords": [
        -1.0359421968460083,
        2.4580307006835938,
        0.3499999940395355
      ],
      "shape": "cylinder",
      "pixel_coords": [
        191,
        82,
        13.205862045288086
      ],
      "size": "small"
    },
    {
      "rotation": 6.288108993166919,
      "material": "metal",
      "color": "purple",
      "3d_coords": [
        0.648398220539093,
        -0.2235868275165558,
        0.699999988079071
      ],
      "shape": "cylinder",
      "pixel_coords": [
        169,
        109,
        10.371803283691406
      ],
      "size": "large"
    },
    {
      "rotation": 276.3170964900608,
      "material": "metal",
      "color": "brown",
      "3d_coords": [
        -1.8177138566970825,
        -0.30307573080062866,
        0.3499999940395355
      ],
      "shape": "cylinder",
      "pixel_coords": [
        119,
        95,
        12.129863739013672
      ],
      "size": "small"
    },
    {
      "rotation": 217.06922061273835,
      "material": "metal",
      "color": "purple",
      "3d_coords": [
        1.4048100709915161,
        -2.3602397441864014,
        0.3499999940395355
      ],
      "shape": "cylinder",
      "pixel_coords": [
        126,
        157,
        8.800999641418457
      ],
      "size": "small"
    },
    {
      "rotation": 50.292817041508826,
      "material": "metal",
      "color": "yellow",
      "3d_coords": [
        -2.8384134769439697,
        2.2070162296295166,
        0.3499999940395355
      ],
      "shape": "cylinder",
      "pixel_coords": [
        155,
        71,
        14.258002281188965
      ],
      "size": "small"
    },
    {
      "rotation": 167.80260804731216,
      "material": "metal",
      "color": "brown",
      "3d_coords": [
        2.2173590660095215,
        2.4740006923675537,
        0.3499999940395355
      ],
      "shape": "sphere",
      "pixel_coords": [
        265,
        111,
        11.054313659667969
      ],
      "size": "small"
    },
    {
      "rotation": 77.52905315415956,
      "material": "rubber",
      "color": "yellow",
      "3d_coords": [
        0.03299209102988243,
        -2.543570041656494,
        0.3499999940395355
      ],
      "shape": "sphere",
      "pixel_coords": [
        91,
        138,
        9.606212615966797
      ],
      "size": "small"
    },
    {
      "rotation": 288.6786697853579,
      "material": "metal",
      "color": "gray",
      "3d_coords": [
        -2.827444553375244,
        -2.3047103881835938,
        0.3499999940395355
      ],
      "shape": "cube",
      "pixel_coords": [
        52,
        102,
        11.644057273864746
      ],
      "size": "small"
    }
  ]
}