{
  "image_index": 125,
  "split": "new",
  "relationships": {
    "left": [
      [],
      [
        0,
        2,
        3,
        4,
        5,
        6,
        7
      ],
      [
        0,
        3,
        4,
        5,
        6,
        7
      ],
      [
        0,
        5,
        6
      ],
      [
        0,
        3,
        5,
        6,
        7
      ],
      [
        0
      ],
      [
        0,
        5
      ],
      [
        0,
        3,
        5,
        6
      ]
    ],
    "front": [
      [
        2,
        6,
        7
      ],
      [
        0,
        2,
        5,
        6,
        7
      ],
      [
        6,
        7
      ],
      [
        0,
        1,
        2,
        4,
        5,
        6,
        7
      ],
      [
        0,
        1,
        2,
        5,
        6,
        7
      ],
      [
        0,
        2,
        6,
        7
      ],
      [],
      [
        6
      ]
    ],
    "behind": [
      [
        1,
        3,
        4,
        5
      ],
      [
        3,
        4
      ],
      [
        0,
        1,
        3,
        4,
        5
      ],
      [],
      [
        3
      ],
      [
        1,
        3,
        4
      ],
      [
        0,
        1,
        2,
        3,
        4,
        5,
        7
      ],
      [
        0,
        1,
        2,
        3,
        4,
        5
      ]
    ],
    "right": [
      [
        1,
        2,
        3,
        4,
        5,
        6,
        7
      ],
      [],
      [
        1
      ],
      [
        1,
        2,
        4,
        7
      ],
      [
        1,
        2
      ],
      [
        1,
        2,
        3,
        4,
        6,
        7
      ],
      [
        1,
        2,
        3,
        4,
        7
      ],
      [
        1,
        2,
        4
      ]
    ]
  },
  "directions": {
    "left": [
      -0.6563112735748291,
      -0.7544902563095093,
      0.0
    ],
    "behind": [
      -0.754490315914154,
      0.6563112735748291,
      0.0
    ],
    "below": [
      -0.0,
      -0.0,
      -1.0
    ],
    "front": [
      0.754490315914154,
      -0.6563112735748291,
      -0.0
    ],
    "above": [
      0.0,
      0.0,
      1.0
    ],
    "right": [
      0.6563112735748291,
      0.7544902563095093,
      -0.0
    ]
  },
  "image_filename": "CLEVR_new_000125",
  "objects": [
    {
      "rotation": 340.3383214279003,
      "material": "rubber",
      "color": "red",
      "3d_coords": [
        -1.8529353141784668,
        -2.355008840560913,
        0.699999988079071
      ],
      "shape": "cylinder",
      "pixel_coords": [
        63,
        102,
        10.801703453063965
      ],
      "size": "large"
    },
    {
      "rotation": 100.88985955811312,
      "material": "rubber",
      "color": "blue",
      "3d_coords": [
        0.5522388219833374,
        2.98783278465271,
        0.3499999940395355
      ],
      "shape": "cylinder",
      "pixel_coords": [
        234,
        91,
        12.457119941711426
      ],
      "size": "small"
    },
    {
      "rotation": 284.39246468853645,
      "material": "rubber",
      "color": "red",
      "3d_coords": [
        1.8971211910247803,
        0.7139989137649536,
        0.3499999940395355
      ],
      "shape": "cube",
      "pixel_coords": [
        221,
        125,
        10.250164031982422
      ],
      "size": "small"
    },
    {
      "rotation": 249.28827153209258,
      "material": "metal",
      "color": "green",
      "3d_coords": [
        -2.934105634689331,
        2.5339832305908203,
        0.699999988079071
      ],
      "shape": "sphere",
      "pixel_coords": [
        160,
        60,
        14.344420433044434
      ],
      "size": "large"
    },
    {
      "rotation": 12.029334567635264,
      "material": "rubber",
      "color": "purple",
      "3d_coords": [
        -1.280401587486267,
        2.8889613151550293,
        0.699999988079071
      ],
      "shape": "sphere",
      "pixel_coords": [
        195,
        69,
        13.451153755187988
      ],
      "size": "large"
    },
    {
      "rotation": 122.98358109629466,
      "material": "rubber",
      "color": "blue",
      "3d_coords": [
        -1.7113149166107178,
        -0.7157071828842163,
        0.3499999940395355
      ],
      "shape": "cylinder",
      "pixel_coords": [
        111,
        99,
        11.820796966552734
      ],
      "size": "small"
    },
    {
      "rotation": 232.23617938005447,
      "material": "metal",
      "color": "blue",
      "3d_coords": [
        1.9069517850875854,
        -2.343306303024292,
        0.3499999940395355
      ],
      "shape": "sphere",
      "pixel_coords": [
        139,
        166,
        8.47727108001709
      ],
      "size": "small"
    },
    {
      "rotation": 135.08694254917188,
      "material": "rubber",
      "color": "purple",
      "3d_coords": [
        1.7286858558654785,
        -0.708253026008606,
        0.3499999940395355
      ],
      "shape": "cylinder",
      "pixel_coords": [
        182,
        139,
        9.540326118469238
      ],
      "size": "small"
    }
  ]
}