{
  "image_index": 156,
  "split": "new",
  "relationships": {
    "left": [
      [
        1,
        2,
        3,
        4,
        5,
        6,
        7
      ],
      [
        2,
        4,
        5,
        6
      ],
      [
        4,
        5
      ],
      [
        1,
        2,
        4,
        5,
        6
      ],
      [],
      [
        4
      ],
      [
        2,
        4,
        5
      ],
      [
        1,
        2,
        3,
        4,
        5,
        6
      ]
    ],
    "front": [
      [
        5,
        6,
        7
      ],
      [
        0,
        2,
        3,
        4,
        5,
        6,
        7
      ],
      [
        0,
        3,
        4,
        5,
        6,
        7
      ],
      [
        0,
        5,
        6,
        7
      ],
      [
        0,
        3,
        5,
        6,
        7
      ],
      [
        6
      ],
      [],
      [
        5,
        6
      ]
    ],
    "behind": [
      [
        1,
        2,
        3,
        4
      ],
      [],
      [
        1
      ],
      [
        1,
        2,
        4
      ],
      [
        1,
        2
      ],
      [
        0,
        1,
        2,
        3,
        4,
        7
      ],
      [
        0,
        1,
        2,
        3,
        4,
        5,
        7
      ],
      [
        0,
        1,
        2,
        3,
        4
      ]
    ],
    "right": [
      [],
      [
        0,
        3,
        7
      ],
      [
        0,
        1,
        3,
        6,
        7
      ],
      [
        0,
        7
      ],
      [
        0,
        1,
        2,
        3,
        5,
        6,
        7
      ],
      [
        0,
        1,
        2,
        3,
        6,
        7
      ],
      [
        0,
        1,
        3,
        7
      ],
      [
        0
      ]
    ]
  },
  "directions": {
    "left": [
      -0.6563112735748291,
      -0.7544902563095093,
      0.0
    ],
    "behind": [
      -0.754490315914154,
      0.6563112735748291,
      0.0
    ],
    "below": [
      -0.0,
      -0.0,
      -1.0
    ],
    "front": [
      0.754490315914154,
      -0.6563112735748291,
      -0.0
    ],
    "above": [
      0.0,
      0.0,
      1.0
    ],
    "right": [
      0.6563112735748291,
      0.7544902563095093,
      -0.0
    ]
  },
  "image_filename": "CLEVR_new_000156",
  "objects": [
    {
      "rotation": 178.72119154197006,
      "material": "metal",
      "color": "purple",
      "3d_coords": [
        2.3722898960113525,
        2.143695592880249,
        0.699999988079071
      ],
      "shape": "cylinder",
      "pixel_coords": [
        265,
        106,
        10.59453296661377
      ],
      "size": "large"
    },
    {
      "rotation": 336.7332537977767,
      "material": "rubber",
      "color": "purple",
      "3d_coords": [
        -1.7734711170196533,
        1.7418910264968872,
        0.699999988079071
      ],
      "shape": "cylinder",
      "pixel_coords": [
        164,
        72,
        13.115918159484863
      ],
      "size": "large"
    },
    {
      "rotation": 326.51533402807735,
      "material": "metal",
      "color": "blue",
      "3d_coords": [
        -2.1242499351501465,
        0.3832154870033264,
        0.3499999940395355
      ],
      "shape": "cylinder",
      "pixel_coords": [
        130,
        87,
        12.729965209960938
      ],
      "size": "small"
    },
    {
      "rotation": 193.23159912663277,
      "material": "rubber",
      "color": "red",
      "3d_coords": [
        0.3491526246070862,
        1.0970118045806885,
        0.699999988079071
      ],
      "shape": "sphere",
      "pixel_coords": [
        193,
        94,
        11.333535194396973
      ],
      "size": "large"
    },
    {
      "rotation": 23.174344640938646,
      "material": "metal",
      "color": "brown",
      "3d_coords": [
        -2.446605920791626,
        -1.4566864967346191,
        0.699999988079071
      ],
      "shape": "cube",
      "pixel_coords": [
        79,
        89,
        11.715015411376953
      ],
      "size": "large"
    },
    {
      "rotation": 43.881621965066515,
      "material": "rubber",
      "color": "blue",
      "3d_coords": [
        0.16526974737644196,
        -2.143449306488037,
        0.699999988079071
      ],
      "shape": "sphere",
      "pixel_coords": [
        105,
        124,
        9.58348274230957
      ],
      "size": "large"
    },
    {
      "rotation": 17.376949082672777,
      "material": "metal",
      "color": "blue",
      "3d_coords": [
        2.051630735397339,
        -2.5599582195281982,
        0.699999988079071
      ],
      "shape": "cube",
      "pixel_coords": [
        135,
        160,
        8.089962005615234
      ],
      "size": "large"
    },
    {
      "rotation": 228.05068169600108,
      "material": "rubber",
      "color": "purple",
      "3d_coords": [
        1.7708094120025635,
        0.6288822293281555,
        0.3499999940395355
      ],
      "shape": "cylinder",
      "pixel_coords": [
        216,
        124,
        10.284881591796875
      ],
      "size": "small"
    }
  ]
}