{
  "image_index": 111,
  "split": "new",
  "relationships": {
    "left": [
      [
        3
      ],
      [
        0,
        2,
        3,
        4,
        6
      ],
      [
        0,
        3,
        4
      ],
      [],
      [
        0,
        3
      ],
      [
        0,
        1,
        2,
        3,
        4,
        6,
        7
      ],
      [
        0,
        2,
        3,
        4
      ],
      [
        0,
        1,
        2,
        3,
        4,
        6
      ]
    ],
    "front": [
      [],
      [
        0,
        2,
        3,
        5,
        7
      ],
      [
        0,
        3,
        5,
        7
      ],
      [
        0,
        5,
        7
      ],
      [
        0,
        1,
        2,
        3,
        5,
        7
      ],
      [
        0,
        7
      ],
      [
        0,
        1,
        2,
        3,
        4,
        5,
        7
      ],
      [
        0
      ]
    ],
    "behind": [
      [
        1,
        2,
        3,
        4,
        5,
        6,
        7
      ],
      [
        4,
        6
      ],
      [
        1,
        4,
        6
      ],
      [
        1,
        2,
        4,
        6
      ],
      [
        6
      ],
      [
        1,
        2,
        3,
        4,
        6
      ],
      [],
      [
        1,
        2,
        3,
        4,
        5,
        6
      ]
    ],
    "right": [
      [
        1,
        2,
        4,
        5,
        6,
        7
      ],
      [
        5,
        7
      ],
      [
        1,
        5,
        6,
        7
      ],
      [
        0,
        1,
        2,
        4,
        5,
        6,
        7
      ],
      [
        1,
        2,
        5,
        6,
        7
      ],
      [],
      [
        1,
        5,
        7
      ],
      [
        5
      ]
    ]
  },
  "directions": {
    "left": [
      -0.6563112735748291,
      -0.7544902563095093,
      0.0
    ],
    "behind": [
      -0.754490315914154,
      0.6563112735748291,
      0.0
    ],
    "below": [
      -0.0,
      -0.0,
      -1.0
    ],
    "front": [
      0.754490315914154,
      -0.6563112735748291,
      -0.0
    ],
    "above": [
      0.0,
      0.0,
      1.0
    ],
    "right": [
      0.6563112735748291,
      0.7544902563095093,
      -0.0
    ]
  },
  "image_filename": "CLEVR_new_000111",
  "objects": [
    {
      "rotation": 346.510090622846,
      "material": "metal",
      "color": "cyan",
      "3d_coords": [
        0.2861584722995758,
        -2.783106803894043,
        0.699999988079071
      ],
      "shape": "cylinder",
      "pixel_coords": [
        87,
        134,
        9.133627891540527
      ],
      "size": "large"
    },
    {
      "rotation": 202.86169178616936,
      "material": "rubber",
      "color": "brown",
      "3d_coords": [
        -0.8526309132575989,
        1.959984540939331,
        0.3499999940395355
      ],
      "shape": "sphere",
      "pixel_coords": [
        185,
        87,
        12.796363830566406
      ],
      "size": "small"
    },
    {
      "rotation": 329.9872623355885,
      "material": "rubber",
      "color": "blue",
      "3d_coords": [
        -0.7192042469978333,
        0.0993807315826416,
        0.699999988079071
      ],
      "shape": "cube",
      "pixel_coords": [
        148,
        92,
        11.466732025146484
      ],
      "size": "large"
    },
    {
      "rotation": 339.46865152028005,
      "material": "rubber",
      "color": "gray",
      "3d_coords": [
        -2.5145113468170166,
        -2.9200658798217773,
        0.3499999940395355
      ],
      "shape": "cube",
      "pixel_coords": [
        38,
        111,
        11.080690383911133
      ],
      "size": "small"
    },
    {
      "rotation": 182.40447342775406,
      "material": "metal",
      "color": "yellow",
      "3d_coords": [
        -2.450077533721924,
        0.8448333144187927,
        0.699999988079071
      ],
      "shape": "sphere",
      "pixel_coords": [
        134,
        73,
        13.047028541564941
      ],
      "size": "large"
    },
    {
      "rotation": 163.80818776551973,
      "material": "metal",
      "color": "blue",
      "3d_coords": [
        2.469167470932007,
        1.4928441047668457,
        0.3499999940395355
      ],
      "shape": "cube",
      "pixel_coords": [
        253,
        124,
        10.320202827453613
      ],
      "size": "small"
    },
    {
      "rotation": 8.235792479178311,
      "material": "rubber",
      "color": "purple",
      "3d_coords": [
        -2.5400822162628174,
        2.5000882148742676,
        0.699999988079071
      ],
      "shape": "cube",
      "pixel_coords": [
        165,
        63,
        14.063135147094727
      ],
      "size": "large"
    },
    {
      "rotation": 16.26841378198214,
      "material": "rubber",
      "color": "cyan",
      "3d_coords": [
        2.008795738220215,
        0.2839260697364807,
        0.3499999940395355
      ],
      "shape": "cube",
      "pixel_coords": [
        214,
        131,
        9.92751693725586
      ],
      "size": "small"
    }
  ]
}