{
  "image_index": 2,
  "split": "new",
  "relationships": {
    "left": [
      [],
      [
        0,
        2,
        3,
        5
      ],
      [
        0,
        3
      ],
      [
        0
      ],
      [
        0,
        1,
        2,
        3,
        5,
        6,
        7
      ],
      [
        0,
        2,
        3
      ],
      [
        0,
        1,
        2,
        3,
        5,
        7
      ],
      [
        0,
        1,
        2,
        3,
        5
      ]
    ],
    "front": [
      [
        1,
        3,
        4,
        5
      ],
      [
        5
      ],
      [
        0,
        1,
        3,
        4,
        5,
        6
      ],
      [
        1,
        5
      ],
      [
        1,
        3,
        5
      ],
      [],
      [
        0,
        1,
        3,
        4,
        5
      ],
      [
        0,
        1,
        2,
        3,
        4,
        5,
        6
      ]
    ],
    "behind": [
      [
        2,
        6,
        7
      ],
      [
        0,
        2,
        3,
        4,
        6,
        7
      ],
      [
        7
      ],
      [
        0,
        2,
        4,
        6,
        7
      ],
      [
        0,
        2,
        6,
        7
      ],
      [
        0,
        1,
        2,
        3,
        4,
        6,
        7
      ],
      [
        2,
        7
      ],
      []
    ],
    "right": [
      [
        1,
        2,
        3,
        4,
        5,
        6,
        7
      ],
      [
        4,
        6,
        7
      ],
      [
        1,
        4,
        5,
        6,
        7
      ],
      [
        1,
        2,
        4,
        5,
        6,
        7
      ],
      [],
      [
        1,
        4,
        6,
        7
      ],
      [
        4
      ],
      [
        4,
        6
      ]
    ]
  },
  "directions": {
    "left": [
      -0.6563112735748291,
      -0.7544902563095093,
      0.0
    ],
    "behind": [
      -0.754490315914154,
      0.6563112735748291,
      0.0
    ],
    "below": [
      -0.0,
      -0.0,
      -1.0
    ],
    "front": [
      0.754490315914154,
      -0.6563112735748291,
      -0.0
    ],
    "above": [
      0.0,
      0.0,
      1.0
    ],
    "right": [
      0.6563112735748291,
      0.7544902563095093,
      -0.0
    ]
  },
  "image_filename": "CLEVR_new_000002",
  "objects": [
    {
      "rotation": 54.93209566446299,
      "material": "metal",
      "color": "purple",
      "3d_coords": [
        -2.684473991394043,
        -1.7709429264068604,
        0.699999988079071
      ],
      "shape": "cylinder",
      "pixel_coords": [
        67,
        89,
        11.691439628601074
      ],
      "size": "large"
    },
    {
      "rotation": 272.3932433313697,
      "material": "rubber",
      "color": "brown",
      "3d_coords": [
        1.1662936210632324,
        -0.8441948890686035,
        0.699999988079071
      ],
      "shape": "sphere",
      "pixel_coords": [
        165,
        122,
        9.669270515441895
      ],
      "size": "large"
    },
    {
      "rotation": 234.85475853405666,
      "material": "rubber",
      "color": "yellow",
      "3d_coords": [
        -2.548262119293213,
        1.0449066162109375,
        0.3499999940395355
      ],
      "shape": "cube",
      "pixel_coords": [
        137,
        80,
        13.393877983093262
      ],
      "size": "small"
    },
    {
      "rotation": 210.21317688426177,
      "material": "metal",
      "color": "purple",
      "3d_coords": [
        -1.0277913808822632,
        -1.9275652170181274,
        0.699999988079071
      ],
      "shape": "cube",
      "pixel_coords": [
        89,
        107,
        10.500617027282715
      ],
      "size": "large"
    },
    {
      "rotation": 50.55090774468604,
      "material": "metal",
      "color": "blue",
      "3d_coords": [
        2.1254584789276123,
        2.7393033504486084,
        0.3499999940395355
      ],
      "shape": "cylinder",
      "pixel_coords": [
        268,
        108,
        11.268630981445312
      ],
      "size": "small"
    },
    {
      "rotation": 82.09766712558203,
      "material": "rubber",
      "color": "brown",
      "3d_coords": [
        2.594414710998535,
        -2.7931723594665527,
        0.3499999940395355
      ],
      "shape": "cube",
      "pixel_coords": [
        142,
        187,
        7.76076078414917
      ],
      "size": "small"
    },
    {
      "rotation": 171.62953287709325,
      "material": "rubber",
      "color": "cyan",
      "3d_coords": [
        -0.310779333114624,
        2.76401948928833,
        0.3499999940395355
      ],
      "shape": "sphere",
      "pixel_coords": [
        211,
        85,
        12.901009559631348
      ],
      "size": "small"
    },
    {
      "rotation": 271.5703452752103,
      "material": "rubber",
      "color": "yellow",
      "3d_coords": [
        -2.0878818035125732,
        2.7072346210479736,
        0.3499999940395355
      ],
      "shape": "sphere",
      "pixel_coords": [
        177,
        73,
        14.048517227172852
      ],
      "size": "small"
    }
  ]
}