{
  "image_index": 199,
  "split": "new",
  "relationships": {
    "left": [
      [],
      [
        0,
        7
      ],
      [
        0,
        1,
        7
      ],
      [
        0,
        1,
        2,
        4,
        7
      ],
      [
        0,
        1,
        2,
        7
      ],
      [
        0,
        1,
        2,
        3,
        4,
        6,
        7
      ],
      [
        0,
        1,
        2,
        3,
        4,
        7
      ],
      [
        0
      ]
    ],
    "front": [
      [
        2,
        5
      ],
      [
        0,
        2,
        4,
        5,
        6
      ],
      [],
      [
        0,
        1,
        2,
        4,
        5,
        6,
        7
      ],
      [
        0,
        2,
        5
      ],
      [
        2
      ],
      [
        0,
        2,
        4,
        5
      ],
      [
        0,
        1,
        2,
        4,
        5,
        6
      ]
    ],
    "behind": [
      [
        1,
        3,
        4,
        6,
        7
      ],
      [
        3,
        7
      ],
      [
        0,
        1,
        3,
        4,
        5,
        6,
        7
      ],
      [],
      [
        1,
        3,
        6,
        7
      ],
      [
        0,
        1,
        3,
        4,
        6,
        7
      ],
      [
        1,
        3,
        7
      ],
      [
        3
      ]
    ],
    "right": [
      [
        1,
        2,
        3,
        4,
        5,
        6,
        7
      ],
      [
        2,
        3,
        4,
        5,
        6
      ],
      [
        3,
        4,
        5,
        6
      ],
      [
        5,
        6
      ],
      [
        3,
        5,
        6
      ],
      [],
      [
        5
      ],
      [
        1,
        2,
        3,
        4,
        5,
        6
      ]
    ]
  },
  "directions": {
    "left": [
      -0.6563112735748291,
      -0.7544902563095093,
      0.0
    ],
    "behind": [
      -0.754490315914154,
      0.6563112735748291,
      0.0
    ],
    "below": [
      -0.0,
      -0.0,
      -1.0
    ],
    "front": [
      0.754490315914154,
      -0.6563112735748291,
      -0.0
    ],
    "above": [
      0.0,
      0.0,
      1.0
    ],
    "right": [
      0.6563112735748291,
      0.7544902563095093,
      -0.0
    ]
  },
  "image_filename": "CLEVR_new_000199",
  "objects": [
    {
      "rotation": 248.55467437749695,
      "material": "metal",
      "color": "yellow",
      "3d_coords": [
        -1.560532569885254,
        -2.47749924659729,
        0.699999988079071
      ],
      "shape": "cube",
      "pixel_coords": [
        64,
        107,
        10.536726951599121
      ],
      "size": "large"
    },
    {
      "rotation": 285.4916142494567,
      "material": "metal",
      "color": "cyan",
      "3d_coords": [
        -1.5979797840118408,
        0.32725536823272705,
        0.699999988079071
      ],
      "shape": "cylinder",
      "pixel_coords": [
        137,
        83,
        12.182051658630371
      ],
      "size": "large"
    },
    {
      "rotation": 173.51978460459193,
      "material": "metal",
      "color": "purple",
      "3d_coords": [
        1.329573154449463,
        -1.0206128358840942,
        0.699999988079071
      ],
      "shape": "cube",
      "pixel_coords": [
        164,
        127,
        9.458897590637207
      ],
      "size": "large"
    },
    {
      "rotation": 181.72252404144598,
      "material": "rubber",
      "color": "blue",
      "3d_coords": [
        -1.0569039583206177,
        2.4190733432769775,
        0.699999988079071
      ],
      "shape": "cube",
      "pixel_coords": [
        190,
        73,
        13.031231880187988
      ],
      "size": "large"
    },
    {
      "rotation": 243.1414746367908,
      "material": "metal",
      "color": "blue",
      "3d_coords": [
        0.241914764046669,
        0.7347100973129272,
        0.699999988079071
      ],
      "shape": "cylinder",
      "pixel_coords": [
        182,
        96,
        11.195439338684082
      ],
      "size": "large"
    },
    {
      "rotation": 267.3291737630703,
      "material": "rubber",
      "color": "gray",
      "3d_coords": [
        2.8720831871032715,
        1.806868314743042,
        0.3499999940395355
      ],
      "shape": "cube",
      "pixel_coords": [
        271,
        125,
        10.23402214050293
      ],
      "size": "small"
    },
    {
      "rotation": 294.1196062976008,
      "material": "rubber",
      "color": "gray",
      "3d_coords": [
        0.7474771738052368,
        2.353276252746582,
        0.699999988079071
      ],
      "shape": "cylinder",
      "pixel_coords": [
        227,
        88,
        11.794785499572754
      ],
      "size": "large"
    },
    {
      "rotation": 184.44914448874957,
      "material": "rubber",
      "color": "red",
      "3d_coords": [
        -2.917267322540283,
        -0.34906205534935,
        0.3499999940395355
      ],
      "shape": "cube",
      "pixel_coords": [
        101,
        86,
        12.833595275878906
      ],
      "size": "small"
    }
  ]
}