{
  "image_index": 140,
  "split": "new",
  "relationships": {
    "left": [
      [
        1,
        2,
        3,
        5,
        6
      ],
      [],
      [
        1,
        3,
        5,
        6
      ],
      [
        1,
        5
      ],
      [
        0,
        1,
        2,
        3,
        5,
        6
      ],
      [
        1
      ],
      [
        1,
        3,
        5
      ]
    ],
    "front": [
      [
        5,
        6
      ],
      [
        0,
        4,
        5,
        6
      ],
      [
        0,
        1,
        4,
        5,
        6
      ],
      [
        0,
        1,
        2,
        4,
        5,
        6
      ],
      [
        0,
        5,
        6
      ],
      [
        6
      ],
      []
    ],
    "behind": [
      [
        1,
        2,
        3,
        4
      ],
      [
        2,
        3
      ],
      [
        3
      ],
      [],
      [
        1,
        2,
        3
      ],
      [
        0,
        1,
        2,
        3,
        4
      ],
      [
        0,
        1,
        2,
        3,
        4,
        5
      ]
    ],
    "right": [
      [
        4
      ],
      [
        0,
        2,
        3,
        4,
        5,
        6
      ],
      [
        0,
        4
      ],
      [
        0,
        2,
        4,
        6
      ],
      [],
      [
        0,
        2,
        3,
        4,
        6
      ],
      [
        0,
        2,
        4
      ]
    ]
  },
  "directions": {
    "left": [
      -0.6563112735748291,
      -0.7544902563095093,
      0.0
    ],
    "behind": [
      -0.754490315914154,
      0.6563112735748291,
      0.0
    ],
    "below": [
      -0.0,
      -0.0,
      -1.0
    ],
    "front": [
      0.754490315914154,
      -0.6563112735748291,
      -0.0
    ],
    "above": [
      0.0,
      0.0,
      1.0
    ],
    "right": [
      0.6563112735748291,
      0.7544902563095093,
      -0.0
    ]
  },
  "image_filename": "CLEVR_new_000140",
  "objects": [
    {
      "rotation": 51.63136169818044,
      "material": "metal",
      "color": "brown",
      "3d_coords": [
        1.1345998048782349,
        0.6436348557472229,
        0.3499999940395355
      ],
      "shape": "sphere",
      "pixel_coords": [
        200,
        117,
        10.715962409973145
      ],
      "size": "small"
    },
    {
      "rotation": 63.226733943237846,
      "material": "rubber",
      "color": "red",
      "3d_coords": [
        -2.5890634059906006,
        -2.189729928970337,
        0.699999988079071
      ],
      "shape": "cylinder",
      "pixel_coords": [
        57,
        94,
        11.386115074157715
      ],
      "size": "large"
    },
    {
      "rotation": 253.08058912693284,
      "material": "rubber",
      "color": "green",
      "3d_coords": [
        -0.6974137425422668,
        0.7307698130607605,
        0.3499999940395355
      ],
      "shape": "cylinder",
      "pixel_coords": [
        163,
        97,
        11.9830904006958
      ],
      "size": "small"
    },
    {
      "rotation": 318.4525353280153,
      "material": "rubber",
      "color": "blue",
      "3d_coords": [
        -2.3013827800750732,
        0.9385216236114502,
        0.699999988079071
      ],
      "shape": "cube",
      "pixel_coords": [
        138,
        73,
        13.002397537231445
      ],
      "size": "large"
    },
    {
      "rotation": 47.4944111304757,
      "material": "metal",
      "color": "green",
      "3d_coords": [
        1.7189013957977295,
        1.9582667350769043,
        0.3499999940395355
      ],
      "shape": "cube",
      "pixel_coords": [
        242,
        110,
        11.08741283416748
      ],
      "size": "small"
    },
    {
      "rotation": 337.352744955786,
      "material": "rubber",
      "color": "brown",
      "3d_coords": [
        0.014033118262887001,
        -2.382150888442993,
        0.699999988079071
      ],
      "shape": "sphere",
      "pixel_coords": [
        94,
        125,
        9.5460205078125
      ],
      "size": "large"
    },
    {
      "rotation": 208.82181107704156,
      "material": "rubber",
      "color": "green",
      "3d_coords": [
        2.8331809043884277,
        -2.8937203884124756,
        0.699999988079071
      ],
      "shape": "sphere",
      "pixel_coords": [
        145,
        182,
        7.378040790557861
      ],
      "size": "large"
    }
  ]
}