{
  "image_index": 259,
  "split": "new",
  "relationships": {
    "left": [
      [
        2,
        4,
        5,
        6,
        7
      ],
      [
        0,
        2,
        4,
        5,
        6,
        7
      ],
      [],
      [
        0,
        1,
        2,
        4,
        5,
        6,
        7
      ],
      [
        2,
        6,
        7
      ],
      [
        2,
        4,
        6,
        7
      ],
      [
        2,
        7
      ],
      [
        2
      ]
    ],
    "front": [
      [],
      [
        0,
        2,
        3,
        4,
        7
      ],
      [
        0,
        3,
        4,
        7
      ],
      [
        0,
        4,
        7
      ],
      [
        0,
        7
      ],
      [
        0,
        1,
        2,
        3,
        4,
        6,
        7
      ],
      [
        0,
        1,
        2,
        3,
        4,
        7
      ],
      [
        0
      ]
    ],
    "behind": [
      [
        1,
        2,
        3,
        4,
        5,
        6,
        7
      ],
      [
        5,
        6
      ],
      [
        1,
        5,
        6
      ],
      [
        1,
        2,
        5,
        6
      ],
      [
        1,
        2,
        3,
        5,
        6
      ],
      [],
      [
        5
      ],
      [
        1,
        2,
        3,
        4,
        5,
        6
      ]
    ],
    "right": [
      [
        1,
        3
      ],
      [
        3
      ],
      [
        0,
        1,
        3,
        4,
        5,
        6,
        7
      ],
      [],
      [
        0,
        1,
        3,
        5
      ],
      [
        0,
        1,
        3
      ],
      [
        0,
        1,
        3,
        4,
        5
      ],
      [
        0,
        1,
        3,
        4,
        5,
        6
      ]
    ]
  },
  "directions": {
    "left": [
      -0.6563112735748291,
      -0.7544902563095093,
      0.0
    ],
    "behind": [
      -0.754490315914154,
      0.6563112735748291,
      0.0
    ],
    "below": [
      -0.0,
      -0.0,
      -1.0
    ],
    "front": [
      0.754490315914154,
      -0.6563112735748291,
      -0.0
    ],
    "above": [
      0.0,
      0.0,
      1.0
    ],
    "right": [
      0.6563112735748291,
      0.7544902563095093,
      -0.0
    ]
  },
  "image_filename": "CLEVR_new_000259",
  "objects": [
    {
      "rotation": 239.00192054776605,
      "material": "rubber",
      "color": "purple",
      "3d_coords": [
        2.753218173980713,
        -1.4977691173553467,
        0.3499999940395355
      ],
      "shape": "cylinder",
      "pixel_coords": [
        188,
        168,
        8.403708457946777
      ],
      "size": "small"
    },
    {
      "rotation": 252.61566213585115,
      "material": "rubber",
      "color": "cyan",
      "3d_coords": [
        0.1729864776134491,
        2.375645875930786,
        0.3499999940395355
      ],
      "shape": "sphere",
      "pixel_coords": [
        214,
        92,
        12.355319023132324
      ],
      "size": "small"
    },
    {
      "rotation": 242.71652131321957,
      "material": "rubber",
      "color": "brown",
      "3d_coords": [
        -2.5248210430145264,
        -2.235657215118408,
        0.699999988079071
      ],
      "shape": "sphere",
      "pixel_coords": [
        57,
        95,
        11.316911697387695
      ],
      "size": "large"
    },
    {
      "rotation": 113.33463687024333,
      "material": "rubber",
      "color": "red",
      "3d_coords": [
        1.9336563348770142,
        1.634408950805664,
        0.3499999940395355
      ],
      "shape": "cylinder",
      "pixel_coords": [
        241,
        116,
        10.757667541503906
      ],
      "size": "small"
    },
    {
      "rotation": 80.94606088748701,
      "material": "rubber",
      "color": "blue",
      "3d_coords": [
        0.5845784544944763,
        -1.0264805555343628,
        0.3499999940395355
      ],
      "shape": "cylinder",
      "pixel_coords": [
        146,
        128,
        10.116362571716309
      ],
      "size": "small"
    },
    {
      "rotation": 192.00973441517894,
      "material": "metal",
      "color": "cyan",
      "3d_coords": [
        -1.9747289419174194,
        2.060657024383545,
        0.3499999940395355
      ],
      "shape": "cylinder",
      "pixel_coords": [
        167,
        77,
        13.599801063537598
      ],
      "size": "small"
    },
    {
      "rotation": 271.16150053369785,
      "material": "metal",
      "color": "green",
      "3d_coords": [
        -2.5189826488494873,
        0.6887853741645813,
        0.3499999940395355
      ],
      "shape": "sphere",
      "pixel_coords": [
        130,
        82,
        13.168682098388672
      ],
      "size": "small"
    },
    {
      "rotation": 20.731286076908564,
      "material": "rubber",
      "color": "cyan",
      "3d_coords": [
        0.7010796666145325,
        -2.9379618167877197,
        0.3499999940395355
      ],
      "shape": "sphere",
      "pixel_coords": [
        91,
        154,
        8.934622764587402
      ],
      "size": "small"
    }
  ]
}