{
  "image_index": 225,
  "split": "new",
  "relationships": {
    "left": [
      [
        1,
        2,
        3,
        6,
        7,
        8
      ],
      [
        2,
        6,
        7,
        8
      ],
      [],
      [
        1,
        2,
        6,
        7,
        8
      ],
      [
        0,
        1,
        2,
        3,
        5,
        6,
        7,
        8
      ],
      [
        0,
        1,
        2,
        3,
        6,
        7,
        8
      ],
      [
        2
      ],
      [
        2,
        6
      ],
      [
        2,
        6,
        7
      ]
    ],
    "front": [
      [
        2,
        3,
        4,
        5,
        6,
        8
      ],
      [
        0,
        2,
        3,
        4,
        5,
        6,
        7,
        8
      ],
      [
        3,
        4,
        5,
        6
      ],
      [
        5
      ],
      [
        3,
        5,
        6
      ],
      [],
      [
        3,
        5
      ],
      [
        0,
        2,
        3,
        4,
        5,
        6,
        8
      ],
      [
        2,
        3,
        4,
        5,
        6
      ]
    ],
    "behind": [
      [
        1,
        7
      ],
      [],
      [
        0,
        1,
        7,
        8
      ],
      [
        0,
        1,
        2,
        4,
        6,
        7,
        8
      ],
      [
        0,
        1,
        2,
        7,
        8
      ],
      [
        0,
        1,
        2,
        3,
        4,
        6,
        7,
        8
      ],
      [
        0,
        1,
        2,
        4,
        7,
        8
      ],
      [
        1
      ],
      [
        0,
        1,
        7
      ]
    ],
    "right": [
      [
        4,
        5
      ],
      [
        0,
        3,
        4,
        5
      ],
      [
        0,
        1,
        3,
        4,
        5,
        6,
        7,
        8
      ],
      [
        0,
        4,
        5
      ],
      [],
      [
        4
      ],
      [
        0,
        1,
        3,
        4,
        5,
        7,
        8
      ],
      [
        0,
        1,
        3,
        4,
        5,
        8
      ],
      [
        0,
        1,
        3,
        4,
        5
      ]
    ]
  },
  "directions": {
    "left": [
      -0.6563112735748291,
      -0.7544902563095093,
      0.0
    ],
    "behind": [
      -0.754490315914154,
      0.6563112735748291,
      0.0
    ],
    "below": [
      -0.0,
      -0.0,
      -1.0
    ],
    "front": [
      0.754490315914154,
      -0.6563112735748291,
      -0.0
    ],
    "above": [
      0.0,
      0.0,
      1.0
    ],
    "right": [
      0.6563112735748291,
      0.7544902563095093,
      -0.0
    ]
  },
  "image_filename": "CLEVR_new_000225",
  "objects": [
    {
      "rotation": 345.7982538814264,
      "material": "metal",
      "color": "yellow",
      "3d_coords": [
        -0.207283616065979,
        0.7788846492767334,
        0.3499999940395355
      ],
      "shape": "cube",
      "pixel_coords": [
        174,
        101,
        11.685354232788086
      ],
      "size": "small"
    },
    {
      "rotation": 75.2229337454161,
      "material": "metal",
      "color": "brown",
      "3d_coords": [
        -2.3832955360412598,
        0.9948399066925049,
        0.699999988079071
      ],
      "shape": "cube",
      "pixel_coords": [
        138,
        72,
        13.089340209960938
      ],
      "size": "large"
    },
    {
      "rotation": 342.0177024181893,
      "material": "rubber",
      "color": "cyan",
      "3d_coords": [
        -1.9953347444534302,
        -2.852801561355591,
        0.699999988079071
      ],
      "shape": "cube",
      "pixel_coords": [
        46,
        105,
        10.608681678771973
      ],
      "size": "large"
    },
    {
      "rotation": 323.61881533325953,
      "material": "metal",
      "color": "cyan",
      "3d_coords": [
        1.4330767393112183,
        -1.2043966054916382,
        0.699999988079071
      ],
      "shape": "cylinder",
      "pixel_coords": [
        161,
        130,
        9.283970832824707
      ],
      "size": "large"
    },
    {
      "rotation": 123.27948850442162,
      "material": "metal",
      "color": "brown",
      "3d_coords": [
        2.0366158485412598,
        1.1314506530761719,
        0.699999988079071
      ],
      "shape": "cylinder",
      "pixel_coords": [
        235,
        112,
        10.232653617858887
      ],
      "size": "large"
    },
    {
      "rotation": 3.830103126133344,
      "material": "rubber",
      "color": "cyan",
      "3d_coords": [
        2.7440390586853027,
        -0.7246254682540894,
        0.3499999940395355
      ],
      "shape": "cube",
      "pixel_coords": [
        210,
        156,
        8.856491088867188
      ],
      "size": "small"
    },
    {
      "rotation": 42.96700960640231,
      "material": "metal",
      "color": "blue",
      "3d_coords": [
        -0.6539791822433472,
        -2.6061816215515137,
        0.3499999940395355
      ],
      "shape": "cylinder",
      "pixel_coords": [
        76,
        129,
        10.026310920715332
      ],
      "size": "small"
    },
    {
      "rotation": 238.4715942589922,
      "material": "rubber",
      "color": "red",
      "3d_coords": [
        -2.3572957515716553,
        -0.5494132041931152,
        0.3499999940395355
      ],
      "shape": "cube",
      "pixel_coords": [
        104,
        92,
        12.34592056274414
      ],
      "size": "small"
    },
    {
      "rotation": 160.93079601522865,
      "material": "rubber",
      "color": "blue",
      "3d_coords": [
        -0.9439800381660461,
        -0.9306341409683228,
        0.3499999940395355
      ],
      "shape": "sphere",
      "pixel_coords": [
        119,
        109,
        11.18697452545166
      ],
      "size": "small"
    }
  ]
}