{
  "image_index": 99,
  "split": "new",
  "relationships": {
    "left": [
      [
        1,
        2,
        3,
        6
      ],
      [
        2,
        3,
        6
      ],
      [
        3
      ],
      [],
      [
        0,
        1,
        2,
        3,
        6
      ],
      [
        0,
        1,
        2,
        3,
        4,
        6
      ],
      [
        2,
        3
      ]
    ],
    "front": [
      [
        1
      ],
      [],
      [
        0,
        1
      ],
      [
        0,
        1,
        2,
        5
      ],
      [
        0,
        1,
        2,
        3,
        5
      ],
      [
        0,
        1,
        2
      ],
      [
        0,
        1,
        2,
        3,
        4,
        5
      ]
    ],
    "behind": [
      [
        2,
        3,
        4,
        5,
        6
      ],
      [
        0,
        2,
        3,
        4,
        5,
        6
      ],
      [
        3,
        4,
        5,
        6
      ],
      [
        4,
        6
      ],
      [
        6
      ],
      [
        3,
        4,
        6
      ],
      []
    ],
    "right": [
      [
        4,
        5
      ],
      [
        0,
        4,
        5
      ],
      [
        0,
        1,
        4,
        5,
        6
      ],
      [
        0,
        1,
        2,
        4,
        5,
        6
      ],
      [
        5
      ],
      [],
      [
        0,
        1,
        4,
        5
      ]
    ]
  },
  "directions": {
    "left": [
      -0.6563112735748291,
      -0.7544902563095093,
      0.0
    ],
    "behind": [
      -0.754490315914154,
      0.6563112735748291,
      0.0
    ],
    "below": [
      -0.0,
      -0.0,
      -1.0
    ],
    "front": [
      0.754490315914154,
      -0.6563112735748291,
      -0.0
    ],
    "above": [
      0.0,
      0.0,
      1.0
    ],
    "right": [
      0.6563112735748291,
      0.7544902563095093,
      -0.0
    ]
  },
  "image_filename": "CLEVR_new_000099",
  "objects": [
    {
      "rotation": 236.30285193314143,
      "material": "metal",
      "color": "gray",
      "3d_coords": [
        0.775855541229248,
        -0.320484459400177,
        0.3499999940395355
      ],
      "shape": "cube",
      "pixel_coords": [
        169,
        122,
        10.397211074829102
      ],
      "size": "small"
    },
    {
      "rotation": 131.4540640746804,
      "material": "metal",
      "color": "brown",
      "3d_coords": [
        1.507594347000122,
        -2.512777805328369,
        0.3499999940395355
      ],
      "shape": "cube",
      "pixel_coords": [
        123,
        161,
        8.64460277557373
      ],
      "size": "small"
    },
    {
      "rotation": 330.8901560971831,
      "material": "metal",
      "color": "blue",
      "3d_coords": [
        -1.3450911045074463,
        -2.1447219848632812,
        0.3499999940395355
      ],
      "shape": "cube",
      "pixel_coords": [
        79,
        116,
        10.75194263458252
      ],
      "size": "small"
    },
    {
      "rotation": 239.71866680417762,
      "material": "rubber",
      "color": "blue",
      "3d_coords": [
        -2.4679787158966064,
        -1.9226255416870117,
        0.3499999940395355
      ],
      "shape": "cube",
      "pixel_coords": [
        68,
        102,
        11.626057624816895
      ],
      "size": "small"
    },
    {
      "rotation": 340.0591437514576,
      "material": "rubber",
      "color": "purple",
      "3d_coords": [
        0.26043662428855896,
        1.9060827493667603,
        0.699999988079071
      ],
      "shape": "cylinder",
      "pixel_coords": [
        207,
        87,
        11.85990047454834
      ],
      "size": "large"
    },
    {
      "rotation": 275.2281546876439,
      "material": "rubber",
      "color": "red",
      "3d_coords": [
        2.11421537399292,
        2.475855588912964,
        0.3499999940395355
      ],
      "shape": "cylinder",
      "pixel_coords": [
        262,
        110,
        11.123891830444336
      ],
      "size": "small"
    },
    {
      "rotation": 344.46606470852635,
      "material": "rubber",
      "color": "cyan",
      "3d_coords": [
        -2.852337598800659,
        0.7327118515968323,
        0.699999988079071
      ],
      "shape": "cylinder",
      "pixel_coords": [
        125,
        71,
        13.249423027038574
      ],
      "size": "large"
    }
  ]
}