{
  "image_index": 123,
  "split": "new",
  "relationships": {
    "left": [
      [
        1,
        3,
        4,
        6,
        7,
        8
      ],
      [
        3,
        6,
        7,
        8
      ],
      [
        0,
        1,
        3,
        4,
        6,
        7,
        8
      ],
      [
        6
      ],
      [
        1,
        3,
        6,
        7,
        8
      ],
      [
        0,
        1,
        2,
        3,
        4,
        6,
        7,
        8
      ],
      [],
      [
        3,
        6
      ],
      [
        3,
        6,
        7
      ]
    ],
    "front": [
      [
        1,
        2,
        4,
        5,
        6,
        7
      ],
      [
        4,
        7
      ],
      [
        1,
        4,
        5,
        6,
        7
      ],
      [
        0,
        1,
        2,
        4,
        5,
        6,
        7,
        8
      ],
      [],
      [
        1,
        4,
        7
      ],
      [
        1,
        4,
        5,
        7
      ],
      [
        4
      ],
      [
        0,
        1,
        2,
        4,
        5,
        6,
        7
      ]
    ],
    "behind": [
      [
        3,
        8
      ],
      [
        0,
        2,
        3,
        5,
        6,
        8
      ],
      [
        0,
        3,
        8
      ],
      [],
      [
        0,
        1,
        2,
        3,
        5,
        6,
        7,
        8
      ],
      [
        0,
        2,
        3,
        6,
        8
      ],
      [
        0,
        2,
        3,
        8
      ],
      [
        0,
        1,
        2,
        3,
        5,
        6,
        8
      ],
      [
        3
      ]
    ],
    "right": [
      [
        2,
        5
      ],
      [
        0,
        2,
        4,
        5
      ],
      [
        5
      ],
      [
        0,
        1,
        2,
        4,
        5,
        7,
        8
      ],
      [
        0,
        2,
        5
      ],
      [],
      [
        0,
        1,
        2,
        3,
        4,
        5,
        7,
        8
      ],
      [
        0,
        1,
        2,
        4,
        5,
        8
      ],
      [
        0,
        1,
        2,
        4,
        5
      ]
    ]
  },
  "directions": {
    "left": [
      -0.6563112735748291,
      -0.7544902563095093,
      0.0
    ],
    "behind": [
      -0.754490315914154,
      0.6563112735748291,
      0.0
    ],
    "below": [
      -0.0,
      -0.0,
      -1.0
    ],
    "front": [
      0.754490315914154,
      -0.6563112735748291,
      -0.0
    ],
    "above": [
      0.0,
      0.0,
      1.0
    ],
    "right": [
      0.6563112735748291,
      0.7544902563095093,
      -0.0
    ]
  },
  "image_filename": "CLEVR_new_000123",
  "objects": [
    {
      "rotation": 134.30716105404827,
      "material": "rubber",
      "color": "green",
      "3d_coords": [
        -0.06986251473426819,
        1.7306034564971924,
        0.3499999940395355
      ],
      "shape": "sphere",
      "pixel_coords": [
        196,
        95,
        12.143939971923828
      ],
      "size": "small"
    },
    {
      "rotation": 78.87849102143555,
      "material": "rubber",
      "color": "blue",
      "3d_coords": [
        1.577428936958313,
        -1.329746127128601,
        0.3499999940395355
      ],
      "shape": "sphere",
      "pixel_coords": [
        161,
        145,
        9.281719207763672
      ],
      "size": "small"
    },
    {
      "rotation": 34.19416470299511,
      "material": "metal",
      "color": "blue",
      "3d_coords": [
        1.6607823371887207,
        1.7237707376480103,
        0.699999988079071
      ],
      "shape": "cube",
      "pixel_coords": [
        237,
        102,
        10.824488639831543
      ],
      "size": "large"
    },
    {
      "rotation": 294.8885637532166,
      "material": "rubber",
      "color": "blue",
      "3d_coords": [
        -2.9558987617492676,
        0.3054759204387665,
        0.3499999940395355
      ],
      "shape": "cylinder",
      "pixel_coords": [
        115,
        81,
        13.237414360046387
      ],
      "size": "small"
    },
    {
      "rotation": 355.5333228082445,
      "material": "rubber",
      "color": "blue",
      "3d_coords": [
        2.84277606010437,
        -1.8359334468841553,
        0.3499999940395355
      ],
      "shape": "cube",
      "pixel_coords": [
        181,
        175,
        8.14885139465332
      ],
      "size": "small"
    },
    {
      "rotation": 204.7892710934399,
      "material": "rubber",
      "color": "green",
      "3d_coords": [
        2.989900827407837,
        1.1599962711334229,
        0.3499999940395355
      ],
      "shape": "cylinder",
      "pixel_coords": [
        262,
        134,
        9.782038688659668
      ],
      "size": "small"
    },
    {
      "rotation": 40.17201304159631,
      "material": "metal",
      "color": "purple",
      "3d_coords": [
        -1.1234911680221558,
        -2.4054553508758545,
        0.699999988079071
      ],
      "shape": "sphere",
      "pixel_coords": [
        73,
        111,
        10.288076400756836
      ],
      "size": "large"
    },
    {
      "rotation": 60.41049291582232,
      "material": "metal",
      "color": "cyan",
      "3d_coords": [
        1.2253203392028809,
        -2.6136233806610107,
        0.699999988079071
      ],
      "shape": "sphere",
      "pixel_coords": [
        113,
        146,
        8.60777473449707
      ],
      "size": "large"
    },
    {
      "rotation": 60.65568333452181,
      "material": "metal",
      "color": "brown",
      "3d_coords": [
        -1.5972530841827393,
        0.6386408805847168,
        0.699999988079071
      ],
      "shape": "cylinder",
      "pixel_coords": [
        144,
        81,
        12.361472129821777
      ],
      "size": "large"
    }
  ]
}