{
  "image_index": 43,
  "split": "new",
  "relationships": {
    "left": [
      [
        1,
        2,
        3,
        6
      ],
      [
        3
      ],
      [
        1,
        3
      ],
      [],
      [
        0,
        1,
        2,
        3,
        6
      ],
      [
        0,
        1,
        2,
        3,
        4,
        6
      ],
      [
        1,
        2,
        3
      ]
    ],
    "front": [
      [
        2
      ],
      [
        0,
        2,
        3,
        4,
        5
      ],
      [],
      [
        0,
        2,
        5
      ],
      [
        0,
        2,
        3,
        5
      ],
      [
        0,
        2
      ],
      [
        0,
        1,
        2,
        3,
        4,
        5
      ]
    ],
    "behind": [
      [
        1,
        3,
        4,
        5,
        6
      ],
      [
        6
      ],
      [
        0,
        1,
        3,
        4,
        5,
        6
      ],
      [
        1,
        4,
        6
      ],
      [
        1,
        6
      ],
      [
        1,
        3,
        4,
        6
      ],
      []
    ],
    "right": [
      [
        4,
        5
      ],
      [
        0,
        2,
        4,
        5,
        6
      ],
      [
        0,
        4,
        5,
        6
      ],
      [
        0,
        1,
        2,
        4,
        5,
        6
      ],
      [
        5
      ],
      [],
      [
        0,
        4,
        5
      ]
    ]
  },
  "directions": {
    "left": [
      -0.6563112735748291,
      -0.7544902563095093,
      0.0
    ],
    "behind": [
      -0.754490315914154,
      0.6563112735748291,
      0.0
    ],
    "below": [
      -0.0,
      -0.0,
      -1.0
    ],
    "front": [
      0.754490315914154,
      -0.6563112735748291,
      -0.0
    ],
    "above": [
      0.0,
      0.0,
      1.0
    ],
    "right": [
      0.6563112735748291,
      0.7544902563095093,
      -0.0
    ]
  },
  "image_filename": "CLEVR_new_000043",
  "objects": [
    {
      "rotation": 193.90027707163713,
      "material": "metal",
      "color": "green",
      "3d_coords": [
        2.315136194229126,
        -0.48381635546684265,
        0.699999988079071
      ],
      "shape": "sphere",
      "pixel_coords": [
        204,
        134,
        9.114442825317383
      ],
      "size": "large"
    },
    {
      "rotation": 160.1215001892581,
      "material": "rubber",
      "color": "brown",
      "3d_coords": [
        -2.8543667793273926,
        0.6832466721534729,
        0.3499999940395355
      ],
      "shape": "cube",
      "pixel_coords": [
        125,
        80,
        13.388236999511719
      ],
      "size": "small"
    },
    {
      "rotation": 25.25499127658759,
      "material": "rubber",
      "color": "gray",
      "3d_coords": [
        1.9784886837005615,
        -2.4184348583221436,
        0.699999988079071
      ],
      "shape": "sphere",
      "pixel_coords": [
        138,
        156,
        8.220306396484375
      ],
      "size": "large"
    },
    {
      "rotation": 219.85679464109091,
      "material": "rubber",
      "color": "purple",
      "3d_coords": [
        -1.9003089666366577,
        -0.8562700152397156,
        0.3499999940395355
      ],
      "shape": "sphere",
      "pixel_coords": [
        104,
        99,
        11.8651123046875
      ],
      "size": "small"
    },
    {
      "rotation": 183.7911368216977,
      "material": "metal",
      "color": "green",
      "3d_coords": [
        -0.30175861716270447,
        2.6097538471221924,
        0.3499999940395355
      ],
      "shape": "cylinder",
      "pixel_coords": [
        208,
        86,
        12.805891036987305
      ],
      "size": "small"
    },
    {
      "rotation": 334.6678772692711,
      "material": "rubber",
      "color": "blue",
      "3d_coords": [
        1.8864995241165161,
        1.3995329141616821,
        0.699999988079071
      ],
      "shape": "cube",
      "pixel_coords": [
        237,
        107,
        10.487242698669434
      ],
      "size": "large"
    },
    {
      "rotation": 224.09956112079368,
      "material": "metal",
      "color": "brown",
      "3d_coords": [
        -1.9980831146240234,
        2.6452722549438477,
        0.699999988079071
      ],
      "shape": "sphere",
      "pixel_coords": [
        177,
        65,
        13.787031173706055
      ],
      "size": "large"
    }
  ]
}