{
  "image_index": 189,
  "split": "new",
  "relationships": {
    "left": [
      [],
      [
        0,
        2,
        7
      ],
      [
        0,
        7
      ],
      [
        0,
        1,
        2,
        4,
        7
      ],
      [
        0,
        1,
        2,
        7
      ],
      [
        0,
        1,
        2,
        3,
        4,
        7
      ],
      [
        0,
        1,
        2,
        3,
        4,
        5,
        7
      ],
      [
        0
      ]
    ],
    "front": [
      [
        1,
        2,
        5,
        7
      ],
      [],
      [
        1,
        5,
        7
      ],
      [
        0,
        1,
        2,
        5,
        6,
        7
      ],
      [
        0,
        1,
        2,
        3,
        5,
        6,
        7
      ],
      [
        1,
        7
      ],
      [
        0,
        1,
        2,
        5,
        7
      ],
      [
        1
      ]
    ],
    "behind": [
      [
        3,
        4,
        6
      ],
      [
        0,
        2,
        3,
        4,
        5,
        6,
        7
      ],
      [
        0,
        3,
        4,
        6
      ],
      [
        4
      ],
      [],
      [
        0,
        2,
        3,
        4,
        6
      ],
      [
        3,
        4
      ],
      [
        0,
        2,
        3,
        4,
        5,
        6
      ]
    ],
    "right": [
      [
        1,
        2,
        3,
        4,
        5,
        6,
        7
      ],
      [
        3,
        4,
        5,
        6
      ],
      [
        1,
        3,
        4,
        5,
        6
      ],
      [
        5,
        6
      ],
      [
        3,
        5,
        6
      ],
      [
        6
      ],
      [],
      [
        1,
        2,
        3,
        4,
        5,
        6
      ]
    ]
  },
  "directions": {
    "left": [
      -0.6563112735748291,
      -0.7544902563095093,
      0.0
    ],
    "behind": [
      -0.754490315914154,
      0.6563112735748291,
      0.0
    ],
    "below": [
      -0.0,
      -0.0,
      -1.0
    ],
    "front": [
      0.754490315914154,
      -0.6563112735748291,
      -0.0
    ],
    "above": [
      0.0,
      0.0,
      1.0
    ],
    "right": [
      0.6563112735748291,
      0.7544902563095093,
      -0.0
    ]
  },
  "image_filename": "CLEVR_new_000189",
  "objects": [
    {
      "rotation": 58.15552888834653,
      "material": "rubber",
      "color": "purple",
      "3d_coords": [
        -2.912964344024658,
        -2.4809978008270264,
        0.3499999940395355
      ],
      "shape": "cube",
      "pixel_coords": [
        46,
        103,
        11.599007606506348
      ],
      "size": "small"
    },
    {
      "rotation": 80.23055927960672,
      "material": "rubber",
      "color": "yellow",
      "3d_coords": [
        2.314807891845703,
        -2.2334744930267334,
        0.699999988079071
      ],
      "shape": "cylinder",
      "pixel_coords": [
        153,
        159,
        8.103791236877441
      ],
      "size": "large"
    },
    {
      "rotation": 35.43053380920237,
      "material": "metal",
      "color": "green",
      "3d_coords": [
        -0.9545953869819641,
        -1.0637402534484863,
        0.3499999940395355
      ],
      "shape": "cylinder",
      "pixel_coords": [
        115,
        110,
        11.117122650146484
      ],
      "size": "small"
    },
    {
      "rotation": 331.01984378593835,
      "material": "rubber",
      "color": "brown",
      "3d_coords": [
        -0.6407661437988281,
        2.433255195617676,
        0.699999988079071
      ],
      "shape": "cube",
      "pixel_coords": [
        199,
        76,
        12.763035774230957
      ],
      "size": "large"
    },
    {
      "rotation": 272.74140343488466,
      "material": "metal",
      "color": "purple",
      "3d_coords": [
        -2.644489288330078,
        2.9434890747070312,
        0.3499999940395355
      ],
      "shape": "cube",
      "pixel_coords": [
        172,
        68,
        14.55470085144043
      ],
      "size": "small"
    },
    {
      "rotation": 24.686503098062744,
      "material": "rubber",
      "color": "brown",
      "3d_coords": [
        2.420839786529541,
        0.9965121150016785,
        0.3499999940395355
      ],
      "shape": "cube",
      "pixel_coords": [
        241,
        129,
        10.065544128417969
      ],
      "size": "small"
    },
    {
      "rotation": 65.93467839391054,
      "material": "metal",
      "color": "green",
      "3d_coords": [
        1.2046560049057007,
        2.8630166053771973,
        0.3499999940395355
      ],
      "shape": "cube",
      "pixel_coords": [
        246,
        97,
        11.951684951782227
      ],
      "size": "small"
    },
    {
      "rotation": 199.29753567813952,
      "material": "rubber",
      "color": "gray",
      "3d_coords": [
        -0.18296676874160767,
        -2.650118827819824,
        0.699999988079071
      ],
      "shape": "cylinder",
      "pixel_coords": [
        82,
        125,
        9.522045135498047
      ],
      "size": "large"
    }
  ]
}