{
  "image_index": 229,
  "split": "new",
  "relationships": {
    "left": [
      [
        1,
        2,
        3,
        4,
        6
      ],
      [
        2,
        3,
        4,
        6
      ],
      [
        4
      ],
      [
        2,
        4,
        6
      ],
      [],
      [
        0,
        1,
        2,
        3,
        4,
        6
      ],
      [
        2,
        4
      ]
    ],
    "front": [
      [
        2,
        6
      ],
      [
        0,
        2,
        3,
        4,
        5,
        6
      ],
      [
        6
      ],
      [
        0,
        2,
        6
      ],
      [
        0,
        2,
        3,
        5,
        6
      ],
      [
        0,
        2,
        3,
        6
      ],
      []
    ],
    "behind": [
      [
        1,
        3,
        4,
        5
      ],
      [],
      [
        0,
        1,
        3,
        4,
        5
      ],
      [
        1,
        4,
        5
      ],
      [
        1
      ],
      [
        1,
        4
      ],
      [
        0,
        1,
        2,
        3,
        4,
        5
      ]
    ],
    "right": [
      [
        5
      ],
      [
        0,
        5
      ],
      [
        0,
        1,
        3,
        5,
        6
      ],
      [
        0,
        1,
        5
      ],
      [
        0,
        1,
        2,
        3,
        5,
        6
      ],
      [],
      [
        0,
        1,
        3,
        5
      ]
    ]
  },
  "directions": {
    "left": [
      -0.6563112735748291,
      -0.7544902563095093,
      0.0
    ],
    "behind": [
      -0.754490315914154,
      0.6563112735748291,
      0.0
    ],
    "below": [
      -0.0,
      -0.0,
      -1.0
    ],
    "front": [
      0.754490315914154,
      -0.6563112735748291,
      -0.0
    ],
    "above": [
      0.0,
      0.0,
      1.0
    ],
    "right": [
      0.6563112735748291,
      0.7544902563095093,
      -0.0
    ]
  },
  "image_filename": "CLEVR_new_000229",
  "objects": [
    {
      "rotation": 46.46856275248663,
      "material": "metal",
      "color": "yellow",
      "3d_coords": [
        2.045175552368164,
        0.6753106117248535,
        0.3499999940395355
      ],
      "shape": "sphere",
      "pixel_coords": [
        224,
        127,
        10.129477500915527
      ],
      "size": "small"
    },
    {
      "rotation": 38.51495923118991,
      "material": "metal",
      "color": "green",
      "3d_coords": [
        -2.504556179046631,
        2.846843719482422,
        0.3499999940395355
      ],
      "shape": "sphere",
      "pixel_coords": [
        172,
        69,
        14.405922889709473
      ],
      "size": "small"
    },
    {
      "rotation": 309.40531593123205,
      "material": "metal",
      "color": "blue",
      "3d_coords": [
        0.06119341030716896,
        -2.288698196411133,
        0.3499999940395355
      ],
      "shape": "cube",
      "pixel_coords": [
        99,
        135,
        9.734734535217285
      ],
      "size": "small"
    },
    {
      "rotation": 194.5401860119012,
      "material": "metal",
      "color": "gray",
      "3d_coords": [
        -0.334536612033844,
        -0.22845864295959473,
        0.699999988079071
      ],
      "shape": "cube",
      "pixel_coords": [
        148,
        99,
        11.021833419799805
      ],
      "size": "large"
    },
    {
      "rotation": 38.03728648679767,
      "material": "metal",
      "color": "red",
      "3d_coords": [
        -2.963923692703247,
        -0.3609314560890198,
        0.699999988079071
      ],
      "shape": "cylinder",
      "pixel_coords": [
        99,
        77,
        12.691681861877441
      ],
      "size": "large"
    },
    {
      "rotation": 125.45491378093314,
      "material": "metal",
      "color": "red",
      "3d_coords": [
        1.401545763015747,
        2.7335243225097656,
        0.699999988079071
      ],
      "shape": "cube",
      "pixel_coords": [
        250,
        91,
        11.580055236816406
      ],
      "size": "large"
    },
    {
      "rotation": 85.28269512376022,
      "material": "metal",
      "color": "cyan",
      "3d_coords": [
        1.4822680950164795,
        -2.3796863555908203,
        0.3499999940395355
      ],
      "shape": "cylinder",
      "pixel_coords": [
        127,
        159,
        8.73831844329834
      ],
      "size": "small"
    }
  ]
}