{
  "image_index": 131,
  "split": "new",
  "relationships": {
    "left": [
      [
        3
      ],
      [
        0,
        2,
        3,
        4,
        5
      ],
      [
        0,
        3,
        5
      ],
      [],
      [
        0,
        2,
        3,
        5
      ],
      [
        0,
        3
      ],
      [
        0,
        1,
        2,
        3,
        4,
        5
      ]
    ],
    "front": [
      [
        1,
        3,
        5,
        6
      ],
      [
        5
      ],
      [
        0,
        1,
        3,
        4,
        5,
        6
      ],
      [
        1,
        5
      ],
      [
        0,
        1,
        3,
        5,
        6
      ],
      [],
      [
        1,
        3,
        5
      ]
    ],
    "behind": [
      [
        2,
        4
      ],
      [
        0,
        2,
        3,
        4,
        6
      ],
      [],
      [
        0,
        2,
        4,
        6
      ],
      [
        2
      ],
      [
        0,
        1,
        2,
        3,
        4,
        6
      ],
      [
        0,
        2,
        4
      ]
    ],
    "right": [
      [
        1,
        2,
        4,
        5,
        6
      ],
      [
        6
      ],
      [
        1,
        4,
        6
      ],
      [
        0,
        1,
        2,
        4,
        5,
        6
      ],
      [
        1,
        6
      ],
      [
        1,
        2,
        4,
        6
      ],
      []
    ]
  },
  "directions": {
    "left": [
      -0.6563112735748291,
      -0.7544902563095093,
      0.0
    ],
    "behind": [
      -0.754490315914154,
      0.6563112735748291,
      0.0
    ],
    "below": [
      -0.0,
      -0.0,
      -1.0
    ],
    "front": [
      0.754490315914154,
      -0.6563112735748291,
      -0.0
    ],
    "above": [
      0.0,
      0.0,
      1.0
    ],
    "right": [
      0.6563112735748291,
      0.7544902563095093,
      -0.0
    ]
  },
  "image_filename": "CLEVR_new_000131",
  "objects": [
    {
      "rotation": 139.01933573031525,
      "material": "metal",
      "color": "purple",
      "3d_coords": [
        -2.1090128421783447,
        -0.3840867877006531,
        0.699999988079071
      ],
      "shape": "cube",
      "pixel_coords": [
        112,
        84,
        12.110489845275879
      ],
      "size": "large"
    },
    {
      "rotation": 101.7020619288051,
      "material": "rubber",
      "color": "red",
      "3d_coords": [
        2.107149362564087,
        -0.1768782138824463,
        0.699999988079071
      ],
      "shape": "cylinder",
      "pixel_coords": [
        206,
        127,
        9.429917335510254
      ],
      "size": "large"
    },
    {
      "rotation": 201.12987359084718,
      "material": "rubber",
      "color": "green",
      "3d_coords": [
        -2.868126630783081,
        1.8546863794326782,
        0.699999988079071
      ],
      "shape": "sphere",
      "pixel_coords": [
        148,
        64,
        13.908132553100586
      ],
      "size": "large"
    },
    {
      "rotation": 153.91690657017682,
      "material": "rubber",
      "color": "blue",
      "3d_coords": [
        -2.094773530960083,
        -2.4889323711395264,
        0.699999988079071
      ],
      "shape": "cube",
      "pixel_coords": [
        55,
        101,
        10.884952545166016
      ],
      "size": "large"
    },
    {
      "rotation": 74.86790049872401,
      "material": "metal",
      "color": "green",
      "3d_coords": [
        -1.216477870941162,
        1.9531702995300293,
        0.3499999940395355
      ],
      "shape": "cube",
      "pixel_coords": [
        178,
        84,
        13.034086227416992
      ],
      "size": "small"
    },
    {
      "rotation": 162.81924811538423,
      "material": "rubber",
      "color": "blue",
      "3d_coords": [
        1.535670280456543,
        -2.7341513633728027,
        0.699999988079071
      ],
      "shape": "sphere",
      "pixel_coords": [
        116,
        153,
        8.332011222839355
      ],
      "size": "large"
    },
    {
      "rotation": 39.50287368598379,
      "material": "rubber",
      "color": "cyan",
      "3d_coords": [
        1.90574049949646,
        2.9629967212677,
        0.699999988079071
      ],
      "shape": "sphere",
      "pixel_coords": [
        267,
        94,
        11.377758026123047
      ],
      "size": "large"
    }
  ]
}