{
  "image_index": 130,
  "split": "new",
  "relationships": {
    "left": [
      [
        4,
        7
      ],
      [
        0,
        4,
        7
      ],
      [
        0,
        1,
        4,
        7
      ],
      [
        0,
        1,
        2,
        4,
        6,
        7
      ],
      [],
      [
        0,
        1,
        2,
        3,
        4,
        6,
        7
      ],
      [
        0,
        1,
        2,
        4,
        7
      ],
      [
        4
      ]
    ],
    "front": [
      [
        1,
        4,
        5,
        6,
        7
      ],
      [
        6,
        7
      ],
      [
        0,
        1,
        3,
        4,
        5,
        6,
        7
      ],
      [
        0,
        1,
        4,
        5,
        6,
        7
      ],
      [
        1,
        5,
        6,
        7
      ],
      [
        1,
        6,
        7
      ],
      [],
      [
        6
      ]
    ],
    "behind": [
      [
        2,
        3
      ],
      [
        0,
        2,
        3,
        4,
        5
      ],
      [],
      [
        2
      ],
      [
        0,
        2,
        3
      ],
      [
        0,
        2,
        3,
        4
      ],
      [
        0,
        1,
        2,
        3,
        4,
        5,
        7
      ],
      [
        0,
        1,
        2,
        3,
        4,
        5
      ]
    ],
    "right": [
      [
        1,
        2,
        3,
        5,
        6
      ],
      [
        2,
        3,
        5,
        6
      ],
      [
        3,
        5,
        6
      ],
      [
        5
      ],
      [
        0,
        1,
        2,
        3,
        5,
        6,
        7
      ],
      [],
      [
        3,
        5
      ],
      [
        0,
        1,
        2,
        3,
        5,
        6
      ]
    ]
  },
  "directions": {
    "left": [
      -0.6563112735748291,
      -0.7544902563095093,
      0.0
    ],
    "behind": [
      -0.754490315914154,
      0.6563112735748291,
      0.0
    ],
    "below": [
      -0.0,
      -0.0,
      -1.0
    ],
    "front": [
      0.754490315914154,
      -0.6563112735748291,
      -0.0
    ],
    "above": [
      0.0,
      0.0,
      1.0
    ],
    "right": [
      0.6563112735748291,
      0.7544902563095093,
      -0.0
    ]
  },
  "image_filename": "CLEVR_new_000130",
  "objects": [
    {
      "rotation": 187.4585612177967,
      "material": "metal",
      "color": "cyan",
      "3d_coords": [
        -1.8188260793685913,
        -0.2420533299446106,
        0.699999988079071
      ],
      "shape": "sphere",
      "pixel_coords": [
        120,
        85,
        11.999813079833984
      ],
      "size": "large"
    },
    {
      "rotation": 269.0543130138939,
      "material": "rubber",
      "color": "cyan",
      "3d_coords": [
        0.6098479628562927,
        -1.011164903640747,
        0.3499999940395355
      ],
      "shape": "cube",
      "pixel_coords": [
        147,
        128,
        10.108428001403809
      ],
      "size": "small"
    },
    {
      "rotation": 235.3512053991417,
      "material": "metal",
      "color": "green",
      "3d_coords": [
        -2.964876651763916,
        2.683645486831665,
        0.3499999940395355
      ],
      "shape": "sphere",
      "pixel_coords": [
        162,
        67,
        14.617369651794434
      ],
      "size": "small"
    },
    {
      "rotation": 199.55443934978575,
      "material": "metal",
      "color": "green",
      "3d_coords": [
        -0.9955382943153381,
        2.8099944591522217,
        0.3499999940395355
      ],
      "shape": "cylinder",
      "pixel_coords": [
        198,
        80,
        13.38237476348877
      ],
      "size": "small"
    },
    {
      "rotation": 140.22395659526484,
      "material": "metal",
      "color": "brown",
      "3d_coords": [
        -2.198653221130371,
        -2.2045888900756836,
        0.699999988079071
      ],
      "shape": "cylinder",
      "pixel_coords": [
        62,
        97,
        11.1182279586792
      ],
      "size": "large"
    },
    {
      "rotation": 10.06788089550878,
      "material": "metal",
      "color": "blue",
      "3d_coords": [
        2.0986061096191406,
        1.9422260522842407,
        0.699999988079071
      ],
      "shape": "cube",
      "pixel_coords": [
        253,
        105,
        10.659908294677734
      ],
      "size": "large"
    },
    {
      "rotation": 322.21506198258857,
      "material": "metal",
      "color": "brown",
      "3d_coords": [
        2.557056188583374,
        -1.1611649990081787,
        0.3499999940395355
      ],
      "shape": "cylinder",
      "pixel_coords": [
        192,
        159,
        8.728468894958496
      ],
      "size": "small"
    },
    {
      "rotation": 106.08012051998969,
      "material": "metal",
      "color": "brown",
      "3d_coords": [
        0.2996039092540741,
        -2.8857359886169434,
        0.699999988079071
      ],
      "shape": "cylinder",
      "pixel_coords": [
        84,
        135,
        9.06540298461914
      ],
      "size": "large"
    }
  ]
}