{
  "image_index": 145,
  "split": "new",
  "relationships": {
    "left": [
      [
        1,
        4,
        5,
        6
      ],
      [
        4,
        5,
        6
      ],
      [
        0,
        1,
        4,
        5,
        6,
        7
      ],
      [
        0,
        1,
        2,
        4,
        5,
        6,
        7
      ],
      [
        5
      ],
      [],
      [
        4,
        5
      ],
      [
        0,
        1,
        4,
        5,
        6
      ]
    ],
    "front": [
      [
        1,
        2,
        3,
        4,
        5,
        6,
        7
      ],
      [
        3,
        4,
        7
      ],
      [
        1,
        3,
        4,
        5,
        7
      ],
      [
        7
      ],
      [
        3,
        7
      ],
      [
        1,
        3,
        4,
        7
      ],
      [
        1,
        2,
        3,
        4,
        5,
        7
      ],
      []
    ],
    "behind": [
      [],
      [
        0,
        2,
        5,
        6
      ],
      [
        0,
        6
      ],
      [
        0,
        1,
        2,
        4,
        5,
        6
      ],
      [
        0,
        1,
        2,
        5,
        6
      ],
      [
        0,
        2,
        6
      ],
      [
        0
      ],
      [
        0,
        1,
        2,
        3,
        4,
        5,
        6
      ]
    ],
    "right": [
      [
        2,
        3,
        7
      ],
      [
        0,
        2,
        3,
        7
      ],
      [
        3
      ],
      [],
      [
        0,
        1,
        2,
        3,
        6,
        7
      ],
      [
        0,
        1,
        2,
        3,
        4,
        6,
        7
      ],
      [
        0,
        1,
        2,
        3,
        7
      ],
      [
        2,
        3
      ]
    ]
  },
  "directions": {
    "left": [
      -0.6563112735748291,
      -0.7544902563095093,
      0.0
    ],
    "behind": [
      -0.754490315914154,
      0.6563112735748291,
      0.0
    ],
    "below": [
      -0.0,
      -0.0,
      -1.0
    ],
    "front": [
      0.754490315914154,
      -0.6563112735748291,
      -0.0
    ],
    "above": [
      0.0,
      0.0,
      1.0
    ],
    "right": [
      0.6563112735748291,
      0.7544902563095093,
      -0.0
    ]
  },
  "image_filename": "CLEVR_new_000145",
  "objects": [
    {
      "rotation": 357.9556893585766,
      "material": "rubber",
      "color": "blue",
      "3d_coords": [
        -2.899898052215576,
        2.706598997116089,
        0.699999988079071
      ],
      "shape": "cylinder",
      "pixel_coords": [
        163,
        59,
        14.421429634094238
      ],
      "size": "large"
    },
    {
      "rotation": 297.6751441650744,
      "material": "metal",
      "color": "gray",
      "3d_coords": [
        -0.29454126954078674,
        -0.7224696278572083,
        0.699999988079071
      ],
      "shape": "sphere",
      "pixel_coords": [
        136,
        104,
        10.709854125976562
      ],
      "size": "large"
    },
    {
      "rotation": 197.07091221905125,
      "material": "rubber",
      "color": "green",
      "3d_coords": [
        -0.04287473112344742,
        1.7501251697540283,
        0.3499999940395355
      ],
      "shape": "cube",
      "pixel_coords": [
        197,
        95,
        12.137293815612793
      ],
      "size": "small"
    },
    {
      "rotation": 126.4740478521453,
      "material": "metal",
      "color": "brown",
      "3d_coords": [
        2.851041555404663,
        0.4285658001899719,
        0.3499999940395355
      ],
      "shape": "cube",
      "pixel_coords": [
        241,
        141,
        9.451681137084961
      ],
      "size": "small"
    },
    {
      "rotation": 125.90979376146456,
      "material": "rubber",
      "color": "red",
      "3d_coords": [
        -1.203993558883667,
        -2.946539878845215,
        0.3499999940395355
      ],
      "shape": "cube",
      "pixel_coords": [
        57,
        126,
        10.194976806640625
      ],
      "size": "small"
    },
    {
      "rotation": 94.23863639818302,
      "material": "rubber",
      "color": "gray",
      "3d_coords": [
        -2.7670230865478516,
        -2.369328260421753,
        0.699999988079071
      ],
      "shape": "cylinder",
      "pixel_coords": [
        49,
        93,
        11.400548934936523
      ],
      "size": "large"
    },
    {
      "rotation": 23.933862145287918,
      "material": "metal",
      "color": "blue",
      "3d_coords": [
        -2.500969409942627,
        0.6429583430290222,
        0.699999988079071
      ],
      "shape": "cylinder",
      "pixel_coords": [
        129,
        74,
        12.96419620513916
      ],
      "size": "large"
    },
    {
      "rotation": 323.88658151259517,
      "material": "rubber",
      "color": "yellow",
      "3d_coords": [
        2.4782650470733643,
        -1.0798720121383667,
        0.3499999940395355
      ],
      "shape": "cube",
      "pixel_coords": [
        192,
        156,
        8.827768325805664
      ],
      "size": "small"
    }
  ]
}