{
  "image_index": 26,
  "split": "new",
  "relationships": {
    "left": [
      [
        3,
        4,
        6
      ],
      [
        0,
        2,
        3,
        4,
        5,
        6,
        7
      ],
      [
        0,
        3,
        4,
        5,
        6,
        7
      ],
      [],
      [
        3,
        6
      ],
      [
        0,
        3,
        4,
        6,
        7
      ],
      [
        3
      ],
      [
        0,
        3,
        4,
        6
      ]
    ],
    "front": [
      [
        1,
        2,
        3,
        4,
        6
      ],
      [
        4
      ],
      [
        1,
        3,
        4
      ],
      [
        1,
        4
      ],
      [],
      [
        0,
        1,
        2,
        3,
        4,
        6
      ],
      [
        1,
        2,
        3,
        4
      ],
      [
        0,
        1,
        2,
        3,
        4,
        5,
        6
      ]
    ],
    "behind": [
      [
        5,
        7
      ],
      [
        0,
        2,
        3,
        5,
        6,
        7
      ],
      [
        0,
        5,
        6,
        7
      ],
      [
        0,
        2,
        5,
        6,
        7
      ],
      [
        0,
        1,
        2,
        3,
        5,
        6,
        7
      ],
      [
        7
      ],
      [
        0,
        5,
        7
      ],
      []
    ],
    "right": [
      [
        1,
        2,
        5,
        7
      ],
      [],
      [
        1
      ],
      [
        0,
        1,
        2,
        4,
        5,
        6,
        7
      ],
      [
        0,
        1,
        2,
        5,
        7
      ],
      [
        1,
        2
      ],
      [
        0,
        1,
        2,
        4,
        5,
        7
      ],
      [
        1,
        2,
        5
      ]
    ]
  },
  "directions": {
    "left": [
      -0.6563112735748291,
      -0.7544902563095093,
      0.0
    ],
    "behind": [
      -0.754490315914154,
      0.6563112735748291,
      0.0
    ],
    "below": [
      -0.0,
      -0.0,
      -1.0
    ],
    "front": [
      0.754490315914154,
      -0.6563112735748291,
      -0.0
    ],
    "above": [
      0.0,
      0.0,
      1.0
    ],
    "right": [
      0.6563112735748291,
      0.7544902563095093,
      -0.0
    ]
  },
  "image_filename": "CLEVR_new_000026",
  "objects": [
    {
      "rotation": 323.66450529634494,
      "material": "rubber",
      "color": "red",
      "3d_coords": [
        -1.599510669708252,
        0.6737400889396667,
        0.699999988079071
      ],
      "shape": "cylinder",
      "pixel_coords": [
        145,
        80,
        12.38325023651123
      ],
      "size": "large"
    },
    {
      "rotation": 253.2144801874635,
      "material": "rubber",
      "color": "purple",
      "3d_coords": [
        2.8086538314819336,
        2.451672315597534,
        0.3499999940395355
      ],
      "shape": "cube",
      "pixel_coords": [
        281,
        118,
        10.648687362670898
      ],
      "size": "small"
    },
    {
      "rotation": 109.90269429245578,
      "material": "metal",
      "color": "cyan",
      "3d_coords": [
        1.0093588829040527,
        2.096264123916626,
        0.3499999940395355
      ],
      "shape": "sphere",
      "pixel_coords": [
        227,
        102,
        11.638404846191406
      ],
      "size": "small"
    },
    {
      "rotation": 22.323460602606534,
      "material": "rubber",
      "color": "yellow",
      "3d_coords": [
        -2.355435848236084,
        -2.527409553527832,
        0.699999988079071
      ],
      "shape": "sphere",
      "pixel_coords": [
        50,
        99,
        11.035849571228027
      ],
      "size": "large"
    },
    {
      "rotation": 358.7148558650747,
      "material": "metal",
      "color": "blue",
      "3d_coords": [
        1.818649172782898,
        -2.9682230949401855,
        0.699999988079071
      ],
      "shape": "cylinder",
      "pixel_coords": [
        114,
        162,
        8.008827209472656
      ],
      "size": "large"
    },
    {
      "rotation": 21.107879683879688,
      "material": "metal",
      "color": "cyan",
      "3d_coords": [
        -1.4539841413497925,
        2.8806376457214355,
        0.3499999940395355
      ],
      "shape": "cube",
      "pixel_coords": [
        191,
        76,
        13.727679252624512
      ],
      "size": "small"
    },
    {
      "rotation": 131.72792020444183,
      "material": "rubber",
      "color": "brown",
      "3d_coords": [
        -1.9912941455841064,
        -0.6930081844329834,
        0.3499999940395355
      ],
      "shape": "sphere",
      "pixel_coords": [
        107,
        97,
        12.019867897033691
      ],
      "size": "small"
    },
    {
      "rotation": 210.07604293523687,
      "material": "metal",
      "color": "blue",
      "3d_coords": [
        -2.7608771324157715,
        2.399893045425415,
        0.699999988079071
      ],
      "shape": "cube",
      "pixel_coords": [
        160,
        62,
        14.151894569396973
      ],
      "size": "large"
    }
  ]
}