{
  "image_index": 24,
  "split": "new",
  "relationships": {
    "left": [
      [
        1,
        2,
        3,
        5,
        6,
        7
      ],
      [
        2,
        5,
        6,
        7
      ],
      [
        5,
        7
      ],
      [
        1,
        2,
        5,
        6,
        7
      ],
      [
        0,
        1,
        2,
        3,
        5,
        6,
        7
      ],
      [
        7
      ],
      [
        2,
        5,
        7
      ],
      []
    ],
    "front": [
      [
        1,
        2,
        4,
        7
      ],
      [],
      [
        1
      ],
      [
        0,
        1,
        2,
        4,
        5,
        7
      ],
      [
        1,
        2
      ],
      [
        0,
        1,
        2,
        4,
        7
      ],
      [
        0,
        1,
        2,
        3,
        4,
        5,
        7
      ],
      [
        1,
        2,
        4
      ]
    ],
    "behind": [
      [
        3,
        5,
        6
      ],
      [
        0,
        2,
        3,
        4,
        5,
        6,
        7
      ],
      [
        0,
        3,
        4,
        5,
        6,
        7
      ],
      [
        6
      ],
      [
        0,
        3,
        5,
        6,
        7
      ],
      [
        3,
        6
      ],
      [],
      [
        0,
        3,
        5,
        6
      ]
    ],
    "right": [
      [
        4
      ],
      [
        0,
        3,
        4
      ],
      [
        0,
        1,
        3,
        4,
        6
      ],
      [
        0,
        4
      ],
      [],
      [
        0,
        1,
        2,
        3,
        4,
        6
      ],
      [
        0,
        1,
        3,
        4
      ],
      [
        0,
        1,
        2,
        3,
        4,
        5,
        6
      ]
    ]
  },
  "directions": {
    "left": [
      -0.6563112735748291,
      -0.7544902563095093,
      0.0
    ],
    "behind": [
      -0.754490315914154,
      0.6563112735748291,
      0.0
    ],
    "below": [
      -0.0,
      -0.0,
      -1.0
    ],
    "front": [
      0.754490315914154,
      -0.6563112735748291,
      -0.0
    ],
    "above": [
      0.0,
      0.0,
      1.0
    ],
    "right": [
      0.6563112735748291,
      0.7544902563095093,
      -0.0
    ]
  },
  "image_filename": "CLEVR_new_000024",
  "objects": [
    {
      "rotation": 114.49124803295867,
      "material": "metal",
      "color": "blue",
      "3d_coords": [
        0.21541748940944672,
        2.063291549682617,
        0.3499999940395355
      ],
      "shape": "cylinder",
      "pixel_coords": [
        209,
        95,
        12.146674156188965
      ],
      "size": "small"
    },
    {
      "rotation": 188.6729231578835,
      "material": "rubber",
      "color": "green",
      "3d_coords": [
        2.3655848503112793,
        -1.6051734685897827,
        0.699999988079071
      ],
      "shape": "cylinder",
      "pixel_coords": [
        174,
        150,
        8.433069229125977
      ],
      "size": "large"
    },
    {
      "rotation": 53.05207672550326,
      "material": "rubber",
      "color": "purple",
      "3d_coords": [
        0.13682682812213898,
        -1.6839197874069214,
        0.699999988079071
      ],
      "shape": "sphere",
      "pixel_coords": [
        118,
        118,
        9.867868423461914
      ],
      "size": "large"
    },
    {
      "rotation": 125.72102804435093,
      "material": "metal",
      "color": "brown",
      "3d_coords": [
        -0.9058783054351807,
        2.4485583305358887,
        0.3499999940395355
      ],
      "shape": "sphere",
      "pixel_coords": [
        193,
        83,
        13.114004135131836
      ],
      "size": "small"
    },
    {
      "rotation": 67.79870342189217,
      "material": "rubber",
      "color": "red",
      "3d_coords": [
        2.34378981590271,
        1.9441514015197754,
        0.3499999940395355
      ],
      "shape": "cube",
      "pixel_coords": [
        259,
        118,
        10.664219856262207
      ],
      "size": "small"
    },
    {
      "rotation": 158.60594713375454,
      "material": "rubber",
      "color": "purple",
      "3d_coords": [
        -2.4733099937438965,
        -0.2912399470806122,
        0.3499999940395355
      ],
      "shape": "cylinder",
      "pixel_coords": [
        109,
        89,
        12.572134971618652
      ],
      "size": "small"
    },
    {
      "rotation": 91.16952078107069,
      "material": "metal",
      "color": "red",
      "3d_coords": [
        -2.7843494415283203,
        1.5226953029632568,
        0.699999988079071
      ],
      "shape": "sphere",
      "pixel_coords": [
        143,
        67,
        13.66068172454834
      ],
      "size": "large"
    },
    {
      "rotation": 324.36784756879115,
      "material": "rubber",
      "color": "yellow",
      "3d_coords": [
        -2.8450331687927246,
        -2.965958595275879,
        0.3499999940395355
      ],
      "shape": "cube",
      "pixel_coords": [
        33,
        107,
        11.273701667785645
      ],
      "size": "small"
    }
  ]
}