{
  "image_index": 142,
  "split": "new",
  "relationships": {
    "left": [
      [
        1,
        4,
        5,
        6
      ],
      [
        6
      ],
      [
        0,
        1,
        4,
        5,
        6
      ],
      [
        0,
        1,
        2,
        4,
        5,
        6
      ],
      [
        1,
        6
      ],
      [
        1,
        4,
        6
      ],
      []
    ],
    "front": [
      [
        5
      ],
      [
        0,
        2,
        4,
        5,
        6
      ],
      [
        0,
        4,
        5,
        6
      ],
      [
        0,
        1,
        2,
        4,
        5,
        6
      ],
      [
        0,
        5
      ],
      [],
      [
        0,
        4,
        5
      ]
    ],
    "behind": [
      [
        1,
        2,
        3,
        4,
        6
      ],
      [
        3
      ],
      [
        1,
        3
      ],
      [],
      [
        1,
        2,
        3,
        6
      ],
      [
        0,
        1,
        2,
        3,
        4,
        6
      ],
      [
        1,
        2,
        3
      ]
    ],
    "right": [
      [
        2,
        3
      ],
      [
        0,
        2,
        3,
        4,
        5
      ],
      [
        3
      ],
      [],
      [
        0,
        2,
        3,
        5
      ],
      [
        0,
        2,
        3
      ],
      [
        0,
        1,
        2,
        3,
        4,
        5
      ]
    ]
  },
  "directions": {
    "left": [
      -0.6563112735748291,
      -0.7544902563095093,
      0.0
    ],
    "behind": [
      -0.754490315914154,
      0.6563112735748291,
      0.0
    ],
    "below": [
      -0.0,
      -0.0,
      -1.0
    ],
    "front": [
      0.754490315914154,
      -0.6563112735748291,
      -0.0
    ],
    "above": [
      0.0,
      0.0,
      1.0
    ],
    "right": [
      0.6563112735748291,
      0.7544902563095093,
      -0.0
    ]
  },
  "image_filename": "CLEVR_new_000142",
  "objects": [
    {
      "rotation": 280.9083789617463,
      "material": "metal",
      "color": "brown",
      "3d_coords": [
        1.477258563041687,
        -0.618557333946228,
        0.699999988079071
      ],
      "shape": "cylinder",
      "pixel_coords": [
        178,
        124,
        9.593096733093262
      ],
      "size": "large"
    },
    {
      "rotation": 156.5480010200863,
      "material": "metal",
      "color": "cyan",
      "3d_coords": [
        -2.4647083282470703,
        -0.8936075568199158,
        0.699999988079071
      ],
      "shape": "cylinder",
      "pixel_coords": [
        93,
        85,
        12.052358627319336
      ],
      "size": "large"
    },
    {
      "rotation": 126.0102289924646,
      "material": "metal",
      "color": "cyan",
      "3d_coords": [
        0.15438249707221985,
        1.1306580305099487,
        0.699999988079071
      ],
      "shape": "sphere",
      "pixel_coords": [
        189,
        92,
        11.482336044311523
      ],
      "size": "large"
    },
    {
      "rotation": 175.6880058142615,
      "material": "metal",
      "color": "purple",
      "3d_coords": [
        -0.44868746399879456,
        2.937446117401123,
        0.3499999940395355
      ],
      "shape": "cube",
      "pixel_coords": [
        211,
        83,
        13.092803001403809
      ],
      "size": "small"
    },
    {
      "rotation": 267.3218158942951,
      "material": "metal",
      "color": "purple",
      "3d_coords": [
        -0.3695976436138153,
        -1.2438749074935913,
        0.3499999940395355
      ],
      "shape": "sphere",
      "pixel_coords": [
        121,
        118,
        10.624505996704102
      ],
      "size": "small"
    },
    {
      "rotation": 114.34099319441493,
      "material": "metal",
      "color": "blue",
      "3d_coords": [
        1.8558839559555054,
        -2.0645830631256104,
        0.3499999940395355
      ],
      "shape": "cube",
      "pixel_coords": [
        146,
        160,
        8.672222137451172
      ],
      "size": "small"
    },
    {
      "rotation": 155.46559185641806,
      "material": "rubber",
      "color": "red",
      "3d_coords": [
        -2.2529854774475098,
        -2.654130220413208,
        0.699999988079071
      ],
      "shape": "cube",
      "pixel_coords": [
        48,
        101,
        10.894590377807617
      ],
      "size": "large"
    }
  ]
}