{
  "image_index": 311,
  "split": "new",
  "relationships": {
    "left": [
      [
        2,
        3,
        5,
        6,
        7
      ],
      [
        0,
        2,
        3,
        5,
        6,
        7
      ],
      [
        6,
        7
      ],
      [
        2,
        5,
        6,
        7
      ],
      [
        0,
        1,
        2,
        3,
        5,
        6,
        7,
        8
      ],
      [
        2,
        6,
        7
      ],
      [],
      [
        6
      ],
      [
        0,
        1,
        2,
        3,
        5,
        6,
        7
      ]
    ],
    "front": [
      [
        1,
        2,
        3,
        4,
        5,
        6,
        7,
        8
      ],
      [
        2,
        3,
        4,
        5,
        6,
        7,
        8
      ],
      [
        3,
        5
      ],
      [
        5
      ],
      [
        2,
        3,
        5,
        6,
        7,
        8
      ],
      [],
      [
        2,
        3,
        5,
        7,
        8
      ],
      [
        2,
        3,
        5,
        8
      ],
      [
        2,
        3,
        5
      ]
    ],
    "behind": [
      [],
      [
        0
      ],
      [
        0,
        1,
        4,
        6,
        7,
        8
      ],
      [
        0,
        1,
        2,
        4,
        6,
        7,
        8
      ],
      [
        0,
        1
      ],
      [
        0,
        1,
        2,
        3,
        4,
        6,
        7,
        8
      ],
      [
        0,
        1,
        4
      ],
      [
        0,
        1,
        4,
        6
      ],
      [
        0,
        1,
        4,
        6,
        7
      ]
    ],
    "right": [
      [
        1,
        4,
        8
      ],
      [
        4,
        8
      ],
      [
        0,
        1,
        3,
        4,
        5,
        8
      ],
      [
        0,
        1,
        4,
        8
      ],
      [],
      [
        0,
        1,
        3,
        4,
        8
      ],
      [
        0,
        1,
        2,
        3,
        4,
        5,
        7,
        8
      ],
      [
        0,
        1,
        2,
        3,
        4,
        5,
        8
      ],
      [
        4
      ]
    ]
  },
  "directions": {
    "left": [
      -0.6563112735748291,
      -0.7544902563095093,
      0.0
    ],
    "behind": [
      -0.754490315914154,
      0.6563112735748291,
      0.0
    ],
    "below": [
      -0.0,
      -0.0,
      -1.0
    ],
    "front": [
      0.754490315914154,
      -0.6563112735748291,
      -0.0
    ],
    "above": [
      0.0,
      0.0,
      1.0
    ],
    "right": [
      0.6563112735748291,
      0.7544902563095093,
      -0.0
    ]
  },
  "image_filename": "CLEVR_new_000311",
  "objects": [
    {
      "rotation": 37.08196092986704,
      "material": "metal",
      "color": "blue",
      "3d_coords": [
        -2.8588273525238037,
        2.98390793800354,
        0.699999988079071
      ],
      "shape": "cylinder",
      "pixel_coords": [
        169,
        58,
        14.554367065429688
      ],
      "size": "large"
    },
    {
      "rotation": 276.198506576233,
      "material": "metal",
      "color": "purple",
      "3d_coords": [
        -1.1903209686279297,
        2.8768057823181152,
        0.699999988079071
      ],
      "shape": "sphere",
      "pixel_coords": [
        196,
        69,
        13.38430118560791
      ],
      "size": "large"
    },
    {
      "rotation": 123.81796445192144,
      "material": "metal",
      "color": "yellow",
      "3d_coords": [
        0.6508988738059998,
        -2.5036442279815674,
        0.3499999940395355
      ],
      "shape": "cube",
      "pixel_coords": [
        105,
        147,
        9.218879699707031
      ],
      "size": "small"
    },
    {
      "rotation": 84.00117969688368,
      "material": "rubber",
      "color": "gray",
      "3d_coords": [
        1.6642918586730957,
        -2.1047472953796387,
        0.3499999940395355
      ],
      "shape": "cube",
      "pixel_coords": [
        140,
        158,
        8.776268005371094
      ],
      "size": "small"
    },
    {
      "rotation": 223.6812264204262,
      "material": "rubber",
      "color": "purple",
      "3d_coords": [
        0.7424283027648926,
        2.606689453125,
        0.3499999940395355
      ],
      "shape": "sphere",
      "pixel_coords": [
        231,
        95,
        12.110593795776367
      ],
      "size": "small"
    },
    {
      "rotation": 269.7231416683218,
      "material": "rubber",
      "color": "cyan",
      "3d_coords": [
        2.0214576721191406,
        -2.986553192138672,
        0.3499999940395355
      ],
      "shape": "sphere",
      "pixel_coords": [
        120,
        179,
        8.029581069946289
      ],
      "size": "small"
    },
    {
      "rotation": 84.56259819032402,
      "material": "rubber",
      "color": "gray",
      "3d_coords": [
        -2.8744282722473145,
        -2.1787757873535156,
        0.3499999940395355
      ],
      "shape": "cube",
      "pixel_coords": [
        55,
        100,
        11.748022079467773
      ],
      "size": "small"
    },
    {
      "rotation": 311.01829896193016,
      "material": "rubber",
      "color": "red",
      "3d_coords": [
        -1.2412798404693604,
        -2.55387544631958,
        0.3499999940395355
      ],
      "shape": "cube",
      "pixel_coords": [
        68,
        121,
        10.446603775024414
      ],
      "size": "small"
    },
    {
      "rotation": 167.58127526512922,
      "material": "rubber",
      "color": "cyan",
      "3d_coords": [
        2.330260992050171,
        0.6839761137962341,
        0.3499999940395355
      ],
      "shape": "cylinder",
      "pixel_coords": [
        232,
        131,
        9.945136070251465
      ],
      "size": "small"
    }
  ]
}