{
  "image_index": 36,
  "split": "new",
  "relationships": {
    "left": [
      [
        1,
        2,
        3,
        4,
        5,
        6
      ],
      [
        4
      ],
      [
        1,
        4,
        6
      ],
      [
        1,
        2,
        4,
        5,
        6
      ],
      [],
      [
        1,
        2,
        4,
        6
      ],
      [
        1,
        4
      ],
      [
        0,
        1,
        2,
        3,
        4,
        5,
        6
      ]
    ],
    "front": [
      [
        1
      ],
      [],
      [
        0,
        1,
        4,
        5,
        6,
        7
      ],
      [
        0,
        1,
        2,
        4,
        5,
        6,
        7
      ],
      [
        0,
        1,
        5,
        6
      ],
      [
        0,
        1,
        6
      ],
      [
        0,
        1
      ],
      [
        0,
        1,
        4,
        5,
        6
      ]
    ],
    "behind": [
      [
        2,
        3,
        4,
        5,
        6,
        7
      ],
      [
        0,
        2,
        3,
        4,
        5,
        6,
        7
      ],
      [
        3
      ],
      [],
      [
        2,
        3,
        7
      ],
      [
        2,
        3,
        4,
        7
      ],
      [
        2,
        3,
        4,
        5,
        7
      ],
      [
        2,
        3
      ]
    ],
    "right": [
      [
        7
      ],
      [
        0,
        2,
        3,
        5,
        6,
        7
      ],
      [
        0,
        3,
        5,
        7
      ],
      [
        0,
        7
      ],
      [
        0,
        1,
        2,
        3,
        5,
        6,
        7
      ],
      [
        0,
        3,
        7
      ],
      [
        0,
        2,
        3,
        5,
        7
      ],
      []
    ]
  },
  "directions": {
    "left": [
      -0.6563112735748291,
      -0.7544902563095093,
      0.0
    ],
    "behind": [
      -0.754490315914154,
      0.6563112735748291,
      0.0
    ],
    "below": [
      -0.0,
      -0.0,
      -1.0
    ],
    "front": [
      0.754490315914154,
      -0.6563112735748291,
      -0.0
    ],
    "above": [
      0.0,
      0.0,
      1.0
    ],
    "right": [
      0.6563112735748291,
      0.7544902563095093,
      -0.0
    ]
  },
  "image_filename": "CLEVR_new_000036",
  "objects": [
    {
      "rotation": 195.55983754583983,
      "material": "metal",
      "color": "blue",
      "3d_coords": [
        2.018502950668335,
        0.5504180192947388,
        0.3499999940395355
      ],
      "shape": "cube",
      "pixel_coords": [
        220,
        128,
        10.07503604888916
      ],
      "size": "small"
    },
    {
      "rotation": 340.14247262490204,
      "material": "rubber",
      "color": "red",
      "3d_coords": [
        -0.039692431688308716,
        -2.931595802307129,
        0.699999988079071
      ],
      "shape": "sphere",
      "pixel_coords": [
        75,
        131,
        9.264261245727539
      ],
      "size": "large"
    },
    {
      "rotation": 197.60356600077316,
      "material": "metal",
      "color": "brown",
      "3d_coords": [
        -2.2624881267547607,
        0.706714928150177,
        0.699999988079071
      ],
      "shape": "cube",
      "pixel_coords": [
        134,
        75,
        12.84263801574707
      ],
      "size": "large"
    },
    {
      "rotation": 189.74414873440057,
      "material": "rubber",
      "color": "blue",
      "3d_coords": [
        -2.746617078781128,
        2.8874785900115967,
        0.699999988079071
      ],
      "shape": "cylinder",
      "pixel_coords": [
        169,
        59,
        14.424126625061035
      ],
      "size": "large"
    },
    {
      "rotation": 245.13641088033017,
      "material": "rubber",
      "color": "blue",
      "3d_coords": [
        -2.9830358028411865,
        -1.8326261043548584,
        0.3499999940395355
      ],
      "shape": "cube",
      "pixel_coords": [
        63,
        97,
        12.020145416259766
      ],
      "size": "small"
    },
    {
      "rotation": 84.00623413840752,
      "material": "rubber",
      "color": "yellow",
      "3d_coords": [
        -0.7569680213928223,
        -0.041548557579517365,
        0.3499999940395355
      ],
      "shape": "cylinder",
      "pixel_coords": [
        144,
        103,
        11.576436042785645
      ],
      "size": "small"
    },
    {
      "rotation": 14.462013462470118,
      "material": "rubber",
      "color": "gray",
      "3d_coords": [
        -0.6236332058906555,
        -1.6204466819763184,
        0.3499999940395355
      ],
      "shape": "sphere",
      "pixel_coords": [
        106,
        119,
        10.575666427612305
      ],
      "size": "small"
    },
    {
      "rotation": 328.81416845177483,
      "material": "rubber",
      "color": "blue",
      "3d_coords": [
        0.3733842968940735,
        2.7589070796966553,
        0.3499999940395355
      ],
      "shape": "cube",
      "pixel_coords": [
        225,
        91,
        12.443649291992188
      ],
      "size": "small"
    }
  ]
}