{
  "image_index": 89,
  "split": "new",
  "relationships": {
    "left": [
      [
        1,
        2,
        3,
        4,
        5,
        6,
        7
      ],
      [
        2,
        3,
        4,
        5,
        6,
        7
      ],
      [
        3,
        4,
        5,
        6,
        7
      ],
      [
        7
      ],
      [
        3,
        6,
        7
      ],
      [
        3,
        4,
        6,
        7
      ],
      [
        3,
        7
      ],
      []
    ],
    "front": [
      [
        3,
        5,
        6
      ],
      [
        0,
        3,
        5,
        6
      ],
      [
        0,
        1,
        3,
        4,
        5,
        6,
        7
      ],
      [
        5,
        6
      ],
      [
        0,
        1,
        3,
        5,
        6,
        7
      ],
      [],
      [
        5
      ],
      [
        0,
        1,
        3,
        5,
        6
      ]
    ],
    "behind": [
      [
        1,
        2,
        4,
        7
      ],
      [
        2,
        4,
        7
      ],
      [],
      [
        0,
        1,
        2,
        4,
        7
      ],
      [
        2
      ],
      [
        0,
        1,
        2,
        3,
        4,
        6,
        7
      ],
      [
        0,
        1,
        2,
        3,
        4,
        7
      ],
      [
        2,
        4
      ]
    ],
    "right": [
      [],
      [
        0
      ],
      [
        0,
        1
      ],
      [
        0,
        1,
        2,
        4,
        5,
        6
      ],
      [
        0,
        1,
        2,
        5
      ],
      [
        0,
        1,
        2
      ],
      [
        0,
        1,
        2,
        4,
        5
      ],
      [
        0,
        1,
        2,
        3,
        4,
        5,
        6
      ]
    ]
  },
  "directions": {
    "left": [
      -0.6563112735748291,
      -0.7544902563095093,
      0.0
    ],
    "behind": [
      -0.754490315914154,
      0.6563112735748291,
      0.0
    ],
    "below": [
      -0.0,
      -0.0,
      -1.0
    ],
    "front": [
      0.754490315914154,
      -0.6563112735748291,
      -0.0
    ],
    "above": [
      0.0,
      0.0,
      1.0
    ],
    "right": [
      0.6563112735748291,
      0.7544902563095093,
      -0.0
    ]
  },
  "image_filename": "CLEVR_new_000089",
  "objects": [
    {
      "rotation": 143.72856628007017,
      "material": "rubber",
      "color": "brown",
      "3d_coords": [
        2.591539144515991,
        2.7509186267852783,
        0.699999988079071
      ],
      "shape": "sphere",
      "pixel_coords": [
        282,
        102,
        10.799736022949219
      ],
      "size": "large"
    },
    {
      "rotation": 151.90879778876618,
      "material": "metal",
      "color": "red",
      "3d_coords": [
        1.0514689683914185,
        2.008094549179077,
        0.699999988079071
      ],
      "shape": "sphere",
      "pixel_coords": [
        228,
        93,
        11.393450736999512
      ],
      "size": "large"
    },
    {
      "rotation": 159.7531067698879,
      "material": "metal",
      "color": "brown",
      "3d_coords": [
        -1.4222360849380493,
        2.3929505348205566,
        0.3499999940395355
      ],
      "shape": "cube",
      "pixel_coords": [
        183,
        79,
        13.424830436706543
      ],
      "size": "small"
    },
    {
      "rotation": 358.72885325234085,
      "material": "metal",
      "color": "cyan",
      "3d_coords": [
        -1.0078864097595215,
        -2.5643208026885986,
        0.3499999940395355
      ],
      "shape": "sphere",
      "pixel_coords": [
        72,
        124,
        10.285553932189941
      ],
      "size": "small"
    },
    {
      "rotation": 178.7931604225404,
      "material": "rubber",
      "color": "yellow",
      "3d_coords": [
        -1.1781282424926758,
        0.7675222754478455,
        0.699999988079071
      ],
      "shape": "cube",
      "pixel_coords": [
        154,
        83,
        12.157559394836426
      ],
      "size": "large"
    },
    {
      "rotation": 234.64402639655634,
      "material": "rubber",
      "color": "red",
      "3d_coords": [
        2.5930259227752686,
        -1.781834602355957,
        0.3499999940395355
      ],
      "shape": "cube",
      "pixel_coords": [
        175,
        169,
        8.345985412597656
      ],
      "size": "small"
    },
    {
      "rotation": 302.9012183575965,
      "material": "metal",
      "color": "red",
      "3d_coords": [
        0.3341960906982422,
        -2.119739294052124,
        0.699999988079071
      ],
      "shape": "cube",
      "pixel_coords": [
        109,
        126,
        9.484983444213867
      ],
      "size": "large"
    },
    {
      "rotation": 304.70595196289344,
      "material": "metal",
      "color": "purple",
      "3d_coords": [
        -2.852308750152588,
        -1.786036729812622,
        0.3499999940395355
      ],
      "shape": "sphere",
      "pixel_coords": [
        66,
        97,
        11.960236549377441
      ],
      "size": "small"
    }
  ]
}