{
  "image_index": 96,
  "split": "new",
  "relationships": {
    "left": [
      [
        2,
        4,
        7
      ],
      [
        0,
        2,
        3,
        4,
        7,
        8
      ],
      [],
      [
        0,
        2,
        4,
        7,
        8
      ],
      [
        2
      ],
      [
        0,
        1,
        2,
        3,
        4,
        6,
        7,
        8
      ],
      [
        0,
        1,
        2,
        3,
        4,
        7,
        8
      ],
      [
        2,
        4
      ],
      [
        0,
        2,
        4,
        7
      ]
    ],
    "front": [
      [
        2,
        4,
        5,
        6,
        8
      ],
      [
        0,
        2,
        4,
        5,
        6,
        8
      ],
      [
        4,
        6,
        8
      ],
      [
        0,
        1,
        2,
        4,
        5,
        6,
        7,
        8
      ],
      [
        8
      ],
      [
        2,
        4,
        6,
        8
      ],
      [
        4,
        8
      ],
      [
        0,
        1,
        2,
        4,
        5,
        6,
        8
      ],
      []
    ],
    "behind": [
      [
        1,
        3,
        7
      ],
      [
        3,
        7
      ],
      [
        0,
        1,
        3,
        5,
        7
      ],
      [],
      [
        0,
        1,
        2,
        3,
        5,
        6,
        7
      ],
      [
        0,
        1,
        3,
        7
      ],
      [
        0,
        1,
        2,
        3,
        5,
        7
      ],
      [
        3
      ],
      [
        0,
        1,
        2,
        3,
        4,
        5,
        6,
        7
      ]
    ],
    "right": [
      [
        1,
        3,
        5,
        6,
        8
      ],
      [
        5,
        6
      ],
      [
        0,
        1,
        3,
        4,
        5,
        6,
        7,
        8
      ],
      [
        1,
        5,
        6
      ],
      [
        0,
        1,
        3,
        5,
        6,
        7,
        8
      ],
      [],
      [
        5
      ],
      [
        0,
        1,
        3,
        5,
        6,
        8
      ],
      [
        1,
        3,
        5,
        6
      ]
    ]
  },
  "directions": {
    "left": [
      -0.6563112735748291,
      -0.7544902563095093,
      0.0
    ],
    "behind": [
      -0.754490315914154,
      0.6563112735748291,
      0.0
    ],
    "below": [
      -0.0,
      -0.0,
      -1.0
    ],
    "front": [
      0.754490315914154,
      -0.6563112735748291,
      -0.0
    ],
    "above": [
      0.0,
      0.0,
      1.0
    ],
    "right": [
      0.6563112735748291,
      0.7544902563095093,
      -0.0
    ]
  },
  "image_filename": "CLEVR_new_000096",
  "objects": [
    {
      "rotation": 298.02747352800975,
      "material": "metal",
      "color": "red",
      "3d_coords": [
        -1.0329111814498901,
        0.22486399114131927,
        0.3499999940395355
      ],
      "shape": "sphere",
      "pixel_coords": [
        145,
        98,
        11.9136323928833
      ],
      "size": "small"
    },
    {
      "rotation": 121.96892420749968,
      "material": "metal",
      "color": "red",
      "3d_coords": [
        -0.015530917793512344,
        2.3233251571655273,
        0.3499999940395355
      ],
      "shape": "cube",
      "pixel_coords": [
        209,
        91,
        12.450300216674805
      ],
      "size": "small"
    },
    {
      "rotation": 105.88330012169179,
      "material": "rubber",
      "color": "green",
      "3d_coords": [
        -1.6051249504089355,
        -2.0332953929901123,
        0.3499999940395355
      ],
      "shape": "cylinder",
      "pixel_coords": [
        78,
        112,
        10.989028930664062
      ],
      "size": "small"
    },
    {
      "rotation": 217.9162355628103,
      "material": "metal",
      "color": "cyan",
      "3d_coords": [
        -2.1882224082946777,
        2.72749662399292,
        0.699999988079071
      ],
      "shape": "cube",
      "pixel_coords": [
        176,
        64,
        13.960823059082031
      ],
      "size": "large"
    },
    {
      "rotation": 141.58711053405455,
      "material": "rubber",
      "color": "cyan",
      "3d_coords": [
        0.2759108543395996,
        -2.9361751079559326,
        0.3499999940395355
      ],
      "shape": "sphere",
      "pixel_coords": [
        83,
        147,
        9.218043327331543
      ],
      "size": "small"
    },
    {
      "rotation": 36.65503413641354,
      "material": "rubber",
      "color": "gray",
      "3d_coords": [
        1.6468079090118408,
        2.6394753456115723,
        0.3499999940395355
      ],
      "shape": "cylinder",
      "pixel_coords": [
        253,
        104,
        11.528865814208984
      ],
      "size": "small"
    },
    {
      "rotation": 194.28308223613737,
      "material": "rubber",
      "color": "brown",
      "3d_coords": [
        2.5371317863464355,
        0.7829224467277527,
        0.3499999940395355
      ],
      "shape": "sphere",
      "pixel_coords": [
        240,
        133,
        9.864903450012207
      ],
      "size": "small"
    },
    {
      "rotation": 179.39930357897083,
      "material": "rubber",
      "color": "green",
      "3d_coords": [
        -2.9934353828430176,
        0.638451337814331,
        0.699999988079071
      ],
      "shape": "cylinder",
      "pixel_coords": [
        121,
        70,
        13.288678169250488
      ],
      "size": "large"
    },
    {
      "rotation": 67.1990551292209,
      "material": "rubber",
      "color": "cyan",
      "3d_coords": [
        2.5498626232147217,
        -2.0161654949188232,
        0.3499999940395355
      ],
      "shape": "sphere",
      "pixel_coords": [
        166,
        172,
        8.239269256591797
      ],
      "size": "small"
    }
  ]
}