{
  "image_index": 310,
  "split": "new",
  "relationships": {
    "left": [
      [],
      [
        0
      ],
      [
        0,
        1,
        7
      ],
      [
        0,
        1,
        2,
        4,
        7,
        8
      ],
      [
        0,
        1,
        2,
        7,
        8
      ],
      [
        0,
        1,
        2,
        3,
        4,
        7,
        8
      ],
      [
        0,
        1,
        2,
        3,
        4,
        5,
        7,
        8
      ],
      [
        0,
        1
      ],
      [
        0,
        1,
        2,
        7
      ]
    ],
    "front": [
      [
        1,
        2,
        6
      ],
      [
        2
      ],
      [],
      [
        0,
        1,
        2,
        4,
        5,
        6,
        7,
        8
      ],
      [
        0,
        1,
        2,
        6
      ],
      [
        0,
        1,
        2,
        4,
        6
      ],
      [
        1,
        2
      ],
      [
        0,
        1,
        2,
        4,
        5,
        6
      ],
      [
        0,
        1,
        2,
        4,
        5,
        6,
        7
      ]
    ],
    "behind": [
      [
        3,
        4,
        5,
        7,
        8
      ],
      [
        0,
        3,
        4,
        5,
        6,
        7,
        8
      ],
      [
        0,
        1,
        3,
        4,
        5,
        6,
        7,
        8
      ],
      [],
      [
        3,
        5,
        7,
        8
      ],
      [
        3,
        7,
        8
      ],
      [
        0,
        3,
        4,
        5,
        7,
        8
      ],
      [
        3,
        8
      ],
      [
        3
      ]
    ],
    "right": [
      [
        1,
        2,
        3,
        4,
        5,
        6,
        7,
        8
      ],
      [
        2,
        3,
        4,
        5,
        6,
        7,
        8
      ],
      [
        3,
        4,
        5,
        6,
        8
      ],
      [
        5,
        6
      ],
      [
        3,
        5,
        6
      ],
      [
        6
      ],
      [],
      [
        2,
        3,
        4,
        5,
        6,
        8
      ],
      [
        3,
        4,
        5,
        6
      ]
    ]
  },
  "directions": {
    "left": [
      -0.6563112735748291,
      -0.7544902563095093,
      0.0
    ],
    "behind": [
      -0.754490315914154,
      0.6563112735748291,
      0.0
    ],
    "below": [
      -0.0,
      -0.0,
      -1.0
    ],
    "front": [
      0.754490315914154,
      -0.6563112735748291,
      -0.0
    ],
    "above": [
      0.0,
      0.0,
      1.0
    ],
    "right": [
      0.6563112735748291,
      0.7544902563095093,
      -0.0
    ]
  },
  "image_filename": "CLEVR_new_000310",
  "objects": [
    {
      "rotation": 280.3235396082816,
      "material": "metal",
      "color": "green",
      "3d_coords": [
        -2.4695703983306885,
        -2.8469080924987793,
        0.3499999940395355
      ],
      "shape": "cylinder",
      "pixel_coords": [
        41,
        110,
        11.093109130859375
      ],
      "size": "small"
    },
    {
      "rotation": 222.01816237408914,
      "material": "metal",
      "color": "yellow",
      "3d_coords": [
        -0.680571973323822,
        -2.8413608074188232,
        0.699999988079071
      ],
      "shape": "sphere",
      "pixel_coords": [
        67,
        121,
        9.742053031921387
      ],
      "size": "large"
    },
    {
      "rotation": 241.77438332965994,
      "material": "metal",
      "color": "blue",
      "3d_coords": [
        1.8231416940689087,
        -2.6726582050323486,
        0.699999988079071
      ],
      "shape": "cylinder",
      "pixel_coords": [
        125,
        157,
        8.176607131958008
      ],
      "size": "large"
    },
    {
      "rotation": 29.048972839330425,
      "material": "metal",
      "color": "yellow",
      "3d_coords": [
        -1.9964356422424316,
        2.992388963699341,
        0.699999988079071
      ],
      "shape": "sphere",
      "pixel_coords": [
        184,
        63,
        13.986483573913574
      ],
      "size": "large"
    },
    {
      "rotation": 66.81786159820986,
      "material": "rubber",
      "color": "yellow",
      "3d_coords": [
        -0.3210841715335846,
        0.7515282034873962,
        0.3499999940395355
      ],
      "shape": "cylinder",
      "pixel_coords": [
        171,
        100,
        11.745133399963379
      ],
      "size": "small"
    },
    {
      "rotation": 30.85235656116703,
      "material": "rubber",
      "color": "cyan",
      "3d_coords": [
        0.5630278587341309,
        2.508975028991699,
        0.699999988079071
      ],
      "shape": "sphere",
      "pixel_coords": [
        226,
        85,
        12.007247924804688
      ],
      "size": "large"
    },
    {
      "rotation": 188.1650457678484,
      "material": "rubber",
      "color": "blue",
      "3d_coords": [
        2.3767735958099365,
        1.8772591352462769,
        0.699999988079071
      ],
      "shape": "cylinder",
      "pixel_coords": [
        260,
        108,
        10.437620162963867
      ],
      "size": "large"
    },
    {
      "rotation": 296.83298875670675,
      "material": "metal",
      "color": "green",
      "3d_coords": [
        -2.839080810546875,
        -0.16078132390975952,
        0.699999988079071
      ],
      "shape": "sphere",
      "pixel_coords": [
        105,
        76,
        12.724400520324707
      ],
      "size": "large"
    },
    {
      "rotation": 101.21213982717731,
      "material": "metal",
      "color": "red",
      "3d_coords": [
        -1.9847906827926636,
        1.59300696849823,
        0.3499999940395355
      ],
      "shape": "cylinder",
      "pixel_coords": [
        157,
        80,
        13.336298942565918
      ],
      "size": "small"
    }
  ]
}