{
  "image_index": 159,
  "split": "new",
  "relationships": {
    "left": [
      [
        1,
        2,
        3,
        4,
        5,
        7
      ],
      [
        2,
        3,
        4,
        7
      ],
      [
        3,
        4
      ],
      [],
      [
        3
      ],
      [
        1,
        2,
        3,
        4,
        7
      ],
      [
        0,
        1,
        2,
        3,
        4,
        5,
        7
      ],
      [
        2,
        3,
        4
      ],
      [
        0,
        1,
        2,
        3,
        4,
        5,
        6,
        7
      ]
    ],
    "front": [
      [
        1,
        2,
        3,
        7,
        8
      ],
      [
        2,
        7
      ],
      [
        7
      ],
      [
        1,
        2,
        7
      ],
      [
        0,
        1,
        2,
        3,
        7,
        8
      ],
      [
        0,
        1,
        2,
        3,
        4,
        6,
        7,
        8
      ],
      [
        0,
        1,
        2,
        3,
        4,
        7,
        8
      ],
      [],
      [
        1,
        2,
        3,
        7
      ]
    ],
    "behind": [
      [
        4,
        5,
        6
      ],
      [
        0,
        3,
        4,
        5,
        6,
        8
      ],
      [
        0,
        1,
        3,
        4,
        5,
        6,
        8
      ],
      [
        0,
        4,
        5,
        6,
        8
      ],
      [
        5,
        6
      ],
      [],
      [
        5
      ],
      [
        0,
        1,
        2,
        3,
        4,
        5,
        6,
        8
      ],
      [
        0,
        4,
        5,
        6
      ]
    ],
    "right": [
      [
        6,
        8
      ],
      [
        0,
        5,
        6,
        8
      ],
      [
        0,
        1,
        5,
        6,
        7,
        8
      ],
      [
        0,
        1,
        2,
        4,
        5,
        6,
        7,
        8
      ],
      [
        0,
        1,
        2,
        5,
        6,
        7,
        8
      ],
      [
        0,
        6,
        8
      ],
      [
        8
      ],
      [
        0,
        1,
        5,
        6,
        8
      ],
      []
    ]
  },
  "directions": {
    "left": [
      -0.6563112735748291,
      -0.7544902563095093,
      0.0
    ],
    "behind": [
      -0.754490315914154,
      0.6563112735748291,
      0.0
    ],
    "below": [
      -0.0,
      -0.0,
      -1.0
    ],
    "front": [
      0.754490315914154,
      -0.6563112735748291,
      -0.0
    ],
    "above": [
      0.0,
      0.0,
      1.0
    ],
    "right": [
      0.6563112735748291,
      0.7544902563095093,
      -0.0
    ]
  },
  "image_filename": "CLEVR_new_000159",
  "objects": [
    {
      "rotation": 94.21031032750018,
      "material": "metal",
      "color": "gray",
      "3d_coords": [
        0.3061271905899048,
        1.3220911026000977,
        0.699999988079071
      ],
      "shape": "cylinder",
      "pixel_coords": [
        196,
        92,
        11.492151260375977
      ],
      "size": "large"
    },
    {
      "rotation": 256.4456789925013,
      "material": "rubber",
      "color": "gray",
      "3d_coords": [
        0.9710802435874939,
        -0.4664297103881836,
        0.699999988079071
      ],
      "shape": "sphere",
      "pixel_coords": [
        170,
        116,
        10.017181396484375
      ],
      "size": "large"
    },
    {
      "rotation": 29.010806187094925,
      "material": "metal",
      "color": "green",
      "3d_coords": [
        0.44245973229408264,
        -2.0178983211517334,
        0.3499999940395355
      ],
      "shape": "cylinder",
      "pixel_coords": [
        115,
        137,
        9.637961387634277
      ],
      "size": "small"
    },
    {
      "rotation": 156.2492957550327,
      "material": "metal",
      "color": "cyan",
      "3d_coords": [
        -1.9897241592407227,
        -2.706062078475952,
        0.699999988079071
      ],
      "shape": "cylinder",
      "pixel_coords": [
        50,
        104,
        10.68973445892334
      ],
      "size": "large"
    },
    {
      "rotation": 79.89289658170745,
      "material": "rubber",
      "color": "yellow",
      "3d_coords": [
        -2.4914135932922363,
        -0.5846485495567322,
        0.3499999940395355
      ],
      "shape": "sphere",
      "pixel_coords": [
        101,
        91,
        12.414642333984375
      ],
      "size": "small"
    },
    {
      "rotation": 127.27314520389449,
      "material": "metal",
      "color": "yellow",
      "3d_coords": [
        -2.1469576358795166,
        2.8462657928466797,
        0.699999988079071
      ],
      "shape": "sphere",
      "pixel_coords": [
        178,
        63,
        14.002034187316895
      ],
      "size": "large"
    },
    {
      "rotation": 214.39225769404823,
      "material": "rubber",
      "color": "green",
      "3d_coords": [
        -0.4783177375793457,
        2.8894479274749756,
        0.699999988079071
      ],
      "shape": "cube",
      "pixel_coords": [
        211,
        74,
        12.918706893920898
      ],
      "size": "large"
    },
    {
      "rotation": 224.8176632692191,
      "material": "rubber",
      "color": "cyan",
      "3d_coords": [
        2.2385470867156982,
        -2.6061511039733887,
        0.699999988079071
      ],
      "shape": "sphere",
      "pixel_coords": [
        138,
        164,
        7.9391279220581055
      ],
      "size": "large"
    },
    {
      "rotation": 69.69916091822512,
      "material": "rubber",
      "color": "purple",
      "3d_coords": [
        1.89356529712677,
        2.4995810985565186,
        0.3499999940395355
      ],
      "shape": "cylinder",
      "pixel_coords": [
        257,
        107,
        11.284150123596191
      ],
      "size": "small"
    }
  ]
}