{
  "image_index": 149,
  "split": "new",
  "relationships": {
    "left": [
      [],
      [
        0,
        2,
        5,
        6
      ],
      [
        0
      ],
      [
        0,
        1,
        2,
        4,
        5,
        6,
        7
      ],
      [
        0,
        1,
        2,
        5,
        6
      ],
      [
        0,
        2
      ],
      [
        0,
        2,
        5
      ],
      [
        0,
        1,
        2,
        4,
        5,
        6
      ]
    ],
    "front": [
      [
        1,
        3,
        5,
        6,
        7
      ],
      [
        5,
        6,
        7
      ],
      [
        0,
        1,
        3,
        5,
        6,
        7
      ],
      [
        1,
        5,
        6,
        7
      ],
      [
        0,
        1,
        2,
        3,
        5,
        6,
        7
      ],
      [
        6,
        7
      ],
      [],
      [
        6
      ]
    ],
    "behind": [
      [
        2,
        4
      ],
      [
        0,
        2,
        3,
        4
      ],
      [
        4
      ],
      [
        0,
        2,
        4
      ],
      [],
      [
        0,
        1,
        2,
        3,
        4
      ],
      [
        0,
        1,
        2,
        3,
        4,
        5,
        7
      ],
      [
        0,
        1,
        2,
        3,
        4,
        5
      ]
    ],
    "right": [
      [
        1,
        2,
        3,
        4,
        5,
        6,
        7
      ],
      [
        3,
        4,
        7
      ],
      [
        1,
        3,
        4,
        5,
        6,
        7
      ],
      [],
      [
        3,
        7
      ],
      [
        1,
        3,
        4,
        6,
        7
      ],
      [
        1,
        3,
        4,
        7
      ],
      [
        3
      ]
    ]
  },
  "directions": {
    "left": [
      -0.6563112735748291,
      -0.7544902563095093,
      0.0
    ],
    "behind": [
      -0.754490315914154,
      0.6563112735748291,
      0.0
    ],
    "below": [
      -0.0,
      -0.0,
      -1.0
    ],
    "front": [
      0.754490315914154,
      -0.6563112735748291,
      -0.0
    ],
    "above": [
      0.0,
      0.0,
      1.0
    ],
    "right": [
      0.6563112735748291,
      0.7544902563095093,
      -0.0
    ]
  },
  "image_filename": "CLEVR_new_000149",
  "objects": [
    {
      "rotation": 316.09965188604684,
      "material": "metal",
      "color": "blue",
      "3d_coords": [
        -2.970027208328247,
        -1.9901206493377686,
        0.3499999940395355
      ],
      "shape": "sphere",
      "pixel_coords": [
        59,
        98,
        11.920513153076172
      ],
      "size": "small"
    },
    {
      "rotation": 251.7381764498774,
      "material": "metal",
      "color": "green",
      "3d_coords": [
        1.1913617849349976,
        -0.5848166942596436,
        0.3499999940395355
      ],
      "shape": "sphere",
      "pixel_coords": [
        172,
        131,
        9.968522071838379
      ],
      "size": "small"
    },
    {
      "rotation": 324.46109022386514,
      "material": "rubber",
      "color": "blue",
      "3d_coords": [
        -2.786924123764038,
        -0.1384170949459076,
        0.699999988079071
      ],
      "shape": "cylinder",
      "pixel_coords": [
        107,
        77,
        12.702680587768555
      ],
      "size": "large"
    },
    {
      "rotation": 152.15847667393217,
      "material": "rubber",
      "color": "blue",
      "3d_coords": [
        1.8757872581481934,
        1.7338898181915283,
        0.699999988079071
      ],
      "shape": "cube",
      "pixel_coords": [
        243,
        104,
        10.687533378601074
      ],
      "size": "large"
    },
    {
      "rotation": 170.00927529775421,
      "material": "metal",
      "color": "brown",
      "3d_coords": [
        -1.8229118585586548,
        2.7865700721740723,
        0.699999988079071
      ],
      "shape": "sphere",
      "pixel_coords": [
        183,
        66,
        13.752320289611816
      ],
      "size": "large"
    },
    {
      "rotation": 273.62026131057564,
      "material": "rubber",
      "color": "brown",
      "3d_coords": [
        0.6382961869239807,
        -2.0038275718688965,
        0.699999988079071
      ],
      "shape": "cylinder",
      "pixel_coords": [
        119,
        129,
        9.3499755859375
      ],
      "size": "large"
    },
    {
      "rotation": 345.51248139064927,
      "material": "metal",
      "color": "cyan",
      "3d_coords": [
        2.4674601554870605,
        -2.6329338550567627,
        0.699999988079071
      ],
      "shape": "cylinder",
      "pixel_coords": [
        143,
        169,
        7.7716145515441895
      ],
      "size": "large"
    },
    {
      "rotation": 318.2631615261422,
      "material": "metal",
      "color": "yellow",
      "3d_coords": [
        2.938499927520752,
        -0.4703507125377655,
        0.699999988079071
      ],
      "shape": "cylinder",
      "pixel_coords": [
        223,
        143,
        8.708196640014648
      ],
      "size": "large"
    }
  ]
}