{
  "image_index": 223,
  "split": "new",
  "relationships": {
    "left": [
      [
        1,
        2,
        4,
        6,
        7
      ],
      [],
      [
        1,
        7
      ],
      [
        0,
        1,
        2,
        4,
        5,
        6,
        7
      ],
      [
        1,
        2,
        6,
        7
      ],
      [
        0,
        1,
        2,
        4,
        6,
        7
      ],
      [
        1,
        2,
        7
      ],
      [
        1
      ]
    ],
    "front": [
      [
        1,
        2,
        3,
        5,
        6,
        7
      ],
      [
        2,
        5,
        7
      ],
      [
        5
      ],
      [
        1,
        2,
        5,
        7
      ],
      [
        0,
        1,
        2,
        3,
        5,
        6,
        7
      ],
      [],
      [
        1,
        2,
        3,
        5,
        7
      ],
      [
        2,
        5
      ]
    ],
    "behind": [
      [
        4
      ],
      [
        0,
        3,
        4,
        6
      ],
      [
        0,
        1,
        3,
        4,
        6,
        7
      ],
      [
        0,
        4,
        6
      ],
      [],
      [
        0,
        1,
        2,
        3,
        4,
        6,
        7
      ],
      [
        0,
        4
      ],
      [
        0,
        1,
        3,
        4,
        6
      ]
    ],
    "right": [
      [
        3,
        5
      ],
      [
        0,
        2,
        3,
        4,
        5,
        6,
        7
      ],
      [
        0,
        3,
        4,
        5,
        6
      ],
      [],
      [
        0,
        3,
        5
      ],
      [
        3
      ],
      [
        0,
        3,
        4,
        5
      ],
      [
        0,
        2,
        3,
        4,
        5,
        6
      ]
    ]
  },
  "directions": {
    "left": [
      -0.6563112735748291,
      -0.7544902563095093,
      0.0
    ],
    "behind": [
      -0.754490315914154,
      0.6563112735748291,
      0.0
    ],
    "below": [
      -0.0,
      -0.0,
      -1.0
    ],
    "front": [
      0.754490315914154,
      -0.6563112735748291,
      -0.0
    ],
    "above": [
      0.0,
      0.0,
      1.0
    ],
    "right": [
      0.6563112735748291,
      0.7544902563095093,
      -0.0
    ]
  },
  "image_filename": "CLEVR_new_000223",
  "objects": [
    {
      "rotation": 169.78815591733508,
      "material": "rubber",
      "color": "yellow",
      "3d_coords": [
        -1.3525264263153076,
        2.5336477756500244,
        0.3499999940395355
      ],
      "shape": "cube",
      "pixel_coords": [
        187,
        79,
        13.459818840026855
      ],
      "size": "small"
    },
    {
      "rotation": 165.35041287296943,
      "material": "metal",
      "color": "brown",
      "3d_coords": [
        -2.4570019245147705,
        -2.4832584857940674,
        0.699999988079071
      ],
      "shape": "cube",
      "pixel_coords": [
        50,
        97,
        11.128815650939941
      ],
      "size": "large"
    },
    {
      "rotation": 1.5954761285373742,
      "material": "rubber",
      "color": "purple",
      "3d_coords": [
        0.03914043307304382,
        -1.578335165977478,
        0.699999988079071
      ],
      "shape": "cube",
      "pixel_coords": [
        119,
        116,
        9.993751525878906
      ],
      "size": "large"
    },
    {
      "rotation": 157.06981299506816,
      "material": "metal",
      "color": "blue",
      "3d_coords": [
        0.945544421672821,
        2.2063956260681152,
        0.699999988079071
      ],
      "shape": "cube",
      "pixel_coords": [
        229,
        91,
        11.578372955322266
      ],
      "size": "large"
    },
    {
      "rotation": 109.58753369783199,
      "material": "rubber",
      "color": "blue",
      "3d_coords": [
        -2.6415491104125977,
        2.5248777866363525,
        0.3499999940395355
      ],
      "shape": "cylinder",
      "pixel_coords": [
        164,
        70,
        14.310894012451172
      ],
      "size": "small"
    },
    {
      "rotation": 243.11815133200994,
      "material": "rubber",
      "color": "blue",
      "3d_coords": [
        2.9186501502990723,
        -0.4379332661628723,
        0.699999988079071
      ],
      "shape": "cylinder",
      "pixel_coords": [
        223,
        143,
        8.740110397338867
      ],
      "size": "large"
    },
    {
      "rotation": 202.9349789755503,
      "material": "metal",
      "color": "brown",
      "3d_coords": [
        -1.221203088760376,
        0.463349312543869,
        0.3499999940395355
      ],
      "shape": "cube",
      "pixel_coords": [
        147,
        94,
        12.176477432250977
      ],
      "size": "small"
    },
    {
      "rotation": 343.2367798448694,
      "material": "metal",
      "color": "cyan",
      "3d_coords": [
        -1.1660711765289307,
        -2.1544787883758545,
        0.3499999940395355
      ],
      "shape": "cube",
      "pixel_coords": [
        81,
        118,
        10.62740421295166
      ],
      "size": "small"
    }
  ]
}