{
  "image_index": 45,
  "split": "new",
  "relationships": {
    "left": [
      [
        1,
        2,
        4,
        5,
        6,
        7
      ],
      [],
      [
        1
      ],
      [
        0,
        1,
        2,
        4,
        5,
        6,
        7
      ],
      [
        1,
        2,
        5
      ],
      [
        1,
        2
      ],
      [
        1,
        2,
        4,
        5
      ],
      [
        1,
        2,
        4,
        5,
        6
      ]
    ],
    "front": [
      [
        1,
        2,
        3,
        6,
        7
      ],
      [
        2,
        6,
        7
      ],
      [
        6,
        7
      ],
      [
        1,
        2,
        6,
        7
      ],
      [
        0,
        1,
        2,
        3,
        5,
        6,
        7
      ],
      [
        0,
        1,
        2,
        3,
        6,
        7
      ],
      [],
      [
        6
      ]
    ],
    "behind": [
      [
        4,
        5
      ],
      [
        0,
        3,
        4,
        5
      ],
      [
        0,
        1,
        3,
        4,
        5
      ],
      [
        0,
        4,
        5
      ],
      [],
      [
        4
      ],
      [
        0,
        1,
        2,
        3,
        4,
        5,
        7
      ],
      [
        0,
        1,
        2,
        3,
        4,
        5
      ]
    ],
    "right": [
      [
        3
      ],
      [
        0,
        2,
        3,
        4,
        5,
        6,
        7
      ],
      [
        0,
        3,
        4,
        5,
        6,
        7
      ],
      [],
      [
        0,
        3,
        6,
        7
      ],
      [
        0,
        3,
        4,
        6,
        7
      ],
      [
        0,
        3,
        7
      ],
      [
        0,
        3
      ]
    ]
  },
  "directions": {
    "left": [
      -0.6563112735748291,
      -0.7544902563095093,
      0.0
    ],
    "behind": [
      -0.754490315914154,
      0.6563112735748291,
      0.0
    ],
    "below": [
      -0.0,
      -0.0,
      -1.0
    ],
    "front": [
      0.754490315914154,
      -0.6563112735748291,
      -0.0
    ],
    "above": [
      0.0,
      0.0,
      1.0
    ],
    "right": [
      0.6563112735748291,
      0.7544902563095093,
      -0.0
    ]
  },
  "image_filename": "CLEVR_new_000045",
  "objects": [
    {
      "rotation": 91.42569523695268,
      "material": "metal",
      "color": "blue",
      "3d_coords": [
        -0.3494599759578705,
        1.9954661130905151,
        0.699999988079071
      ],
      "shape": "cylinder",
      "pixel_coords": [
        196,
        81,
        12.316622734069824
      ],
      "size": "large"
    },
    {
      "rotation": 122.75115395079732,
      "material": "rubber",
      "color": "brown",
      "3d_coords": [
        -2.6920688152313232,
        -2.954120397567749,
        0.3499999940395355
      ],
      "shape": "cube",
      "pixel_coords": [
        35,
        109,
        11.178945541381836
      ],
      "size": "small"
    },
    {
      "rotation": 185.2517079917678,
      "material": "metal",
      "color": "blue",
      "3d_coords": [
        -0.8041217923164368,
        -1.9008731842041016,
        0.699999988079071
      ],
      "shape": "cylinder",
      "pixel_coords": [
        94,
        109,
        10.367481231689453
      ],
      "size": "large"
    },
    {
      "rotation": 14.66633654710682,
      "material": "rubber",
      "color": "cyan",
      "3d_coords": [
        1.1835397481918335,
        2.3518075942993164,
        0.3499999940395355
      ],
      "shape": "cylinder",
      "pixel_coords": [
        237,
        102,
        11.670357704162598
      ],
      "size": "small"
    },
    {
      "rotation": 245.89811313176622,
      "material": "rubber",
      "color": "purple",
      "3d_coords": [
        -2.6218953132629395,
        1.4917895793914795,
        0.3499999940395355
      ],
      "shape": "cube",
      "pixel_coords": [
        145,
        76,
        13.700971603393555
      ],
      "size": "small"
    },
    {
      "rotation": 298.69023927083,
      "material": "metal",
      "color": "gray",
      "3d_coords": [
        -2.302366018295288,
        0.45686769485473633,
        0.3499999940395355
      ],
      "shape": "sphere",
      "pixel_coords": [
        128,
        85,
        12.89081859588623
      ],
      "size": "small"
    },
    {
      "rotation": 138.6958473136151,
      "material": "rubber",
      "color": "purple",
      "3d_coords": [
        2.317411184310913,
        -1.9112197160720825,
        0.699999988079071
      ],
      "shape": "cylinder",
      "pixel_coords": [
        163,
        154,
        8.288246154785156
      ],
      "size": "large"
    },
    {
      "rotation": 249.7415904714883,
      "material": "metal",
      "color": "gray",
      "3d_coords": [
        1.3583052158355713,
        -0.2661188840866089,
        0.699999988079071
      ],
      "shape": "sphere",
      "pixel_coords": [
        184,
        118,
        9.875724792480469
      ],
      "size": "large"
    }
  ]
}